name,year,selling_price,km_driven,fuel,seller_type,transmission,owner,mileage,engine,max_power,torque,seats,actual_price
Toyota Innova,2022,843759,189280,CNG,Trustmark Dealer,Manual,Fourth & Above Owner,21.15,2406,164.95,136.78,4,1092250.4521113143
Kia Seltos,2018,1110620,107822,CNG,Dealer,Manual,Second Owner,21.41,1768,152.52,336.95,4,1404033.8706944366
Ford Ecosport,2016,804738,35270,Petrol,Dealer,Manual,Second Owner,25.48,2397,160.82,111.56,4,1163510.1597628838
Kia Seltos,2016,968640,152605,Electric,Dealer,Automatic,First Owner,30.41,1364,158.24,160.04,6,1338833.135459309
Renault Duster,2007,394662,8426,LPG,Dealer,Manual,Fourth & Above Owner,29.08,1753,195.08,90.69,7,512107.99669081625
Skoda Rapid,2019,824323,47931,LPG,Individual,Manual,First Owner,21.33,2917,69.36,172.93,7,935596.4735650184
Skoda Rapid,2006,496547,123379,Petrol,Dealer,Manual,Third Owner,10.42,1440,68.45,244.29,5,646465.2057755338
Mahindra XUV500,2015,1046720,46701,Petrol,Trustmark Dealer,Automatic,First Owner,13.41,1711,189.86,119.99,7,1444251.102775078
Maruti Swift,2014,1060371,126741,Electric,Dealer,Automatic,First Owner,14.36,2879,178.09,333.43,4,1543572.2261643333
Honda City,2009,1147862,98075,CNG,Dealer,Manual,Third Owner,31.51,1709,185.35,111.33,6,1552158.707505923
Tata Nexon,2005,50000,155421,LPG,Dealer,Automatic,First Owner,31.09,2079,172.82,175.99,5,56422.81314879879
Maruti Swift,2010,50000,37766,Petrol,Individual,Manual,Third Owner,30.26,825,111.02,235.79,4,62768.64769970068
Kia Seltos,2016,1091339,69942,Diesel,Dealer,Manual,Fourth & Above Owner,31.36,1023,169.01,110.79,5,1224906.799591764
Hyundai Creta,2017,609350,106155,Petrol,Trustmark Dealer,Manual,Fourth & Above Owner,15.88,1371,73.14,279.02,5,818434.2523027248
Kia Seltos,2015,440022,166349,Electric,Trustmark Dealer,Manual,First Owner,30.26,1989,177.89,267.26,5,606404.1088916616
Tata Nexon,2015,303961,66830,LPG,Individual,Automatic,Fourth & Above Owner,18.65,1306,53.16,232.36,4,414238.9978524827
Honda City,2015,969738,135923,LPG,Individual,Automatic,Third Owner,30.68,2392,98.88,333.92,5,1450800.406109323
Mahindra XUV500,2008,925929,138420,LPG,Trustmark Dealer,Automatic,Second Owner,19.73,2024,149.69,103.29,7,1077313.617701501
Toyota Innova,2021,833641,196595,CNG,Individual,Automatic,Fourth & Above Owner,34.02,1445,198.4,150.32,4,954763.8517430198
Kia Seltos,2014,1097741,186720,Electric,Individual,Automatic,First Owner,15.84,1100,155.8,149.65,5,1269426.780311216
Hyundai Creta,2017,107389,63056,Diesel,Dealer,Manual,First Owner,16.35,2886,53.76,293.54,6,153299.13957182708
Hyundai Creta,2019,588040,71900,LPG,Individual,Manual,Fourth & Above Owner,29.84,1363,167.42,101.07,4,854845.401096641
Mahindra XUV500,2010,50000,83861,Petrol,Individual,Automatic,Fourth & Above Owner,32.99,1946,150.63,124.35,7,64475.29919076058
Ford Ecosport,2006,83327,157426,Diesel,Dealer,Automatic,Second Owner,23.16,1255,191.77,128.02,5,115028.8421767526
Mahindra XUV500,2022,665452,178953,CNG,Individual,Manual,Third Owner,31.77,1745,175.3,326.3,4,775006.9759244834
Hyundai i20,2012,516147,15256,CNG,Individual,Manual,Fourth & Above Owner,31.35,2754,176.78,145.8,6,681774.302656049
Mahindra XUV500,2020,1098476,82561,LPG,Dealer,Manual,First Owner,16.78,1426,91.99,173.4,5,1366366.075123274
Tata Nexon,2018,579463,22608,Diesel,Trustmark Dealer,Automatic,Second Owner,15.7,1823,134.08,302.66,7,797267.0898146027
Ford Ecosport,2011,821689,171114,Diesel,Dealer,Manual,First Owner,24.89,1083,114.13,174.3,4,1212284.0422493815
Hyundai Creta,2012,256141,102954,Diesel,Dealer,Manual,First Owner,29.29,2200,174.79,133.82,6,379595.7327490836
Maruti Swift,2017,964751,5214,Petrol,Individual,Automatic,First Owner,18.96,2136,59.23,237.87,4,1365009.4011778987
Tata Nexon,2006,50000,174292,Diesel,Trustmark Dealer,Automatic,First Owner,29.67,1464,174.32,235.34,6,64856.65117553699
Renault Duster,2014,842229,115743,Petrol,Individual,Automatic,Second Owner,21.95,2733,175.72,304.55,5,1250578.217407759
Mahindra XUV500,2018,207213,134274,LPG,Dealer,Manual,Second Owner,11.93,2769,119.04,132.62,7,289870.79711816163
Toyota Innova,2018,769522,58895,Petrol,Individual,Manual,Third Owner,21.84,2679,179.7,125.17,7,907341.9024736858
Volkswagen Polo,2016,50000,45202,Electric,Individual,Manual,Fourth & Above Owner,15.2,2791,198.67,235.25,4,60429.19712546022
Volkswagen Polo,2010,176486,140930,Diesel,Dealer,Automatic,First Owner,26.97,2262,101.45,140.41,5,250606.95885565787
Hyundai Creta,2012,50000,193245,Electric,Individual,Manual,First Owner,28.2,1486,102.67,115.1,7,71188.5442151115
Volkswagen Polo,2013,297532,78980,Petrol,Individual,Automatic,First Owner,30.71,1003,66.09,318.55,7,374651.26159712224
Maruti Swift,2007,50000,31736,Petrol,Individual,Automatic,Third Owner,23.85,2533,149.79,268.99,4,70935.02543967954
Tata Nexon,2008,50000,152399,Diesel,Dealer,Manual,Second Owner,11.07,2773,139.78,110.8,4,60223.50932373878
Volkswagen Polo,2007,818268,171925,Petrol,Dealer,Automatic,Third Owner,11.39,1963,111.03,325.25,7,1141235.5697045517
Skoda Rapid,2015,90708,142708,Petrol,Dealer,Automatic,First Owner,14.76,2154,114.62,346.92,4,126534.08585049928
Mahindra XUV500,2018,414234,46659,CNG,Trustmark Dealer,Automatic,Third Owner,16.69,2518,188.86,160.48,4,496340.0942251209
Renault Duster,2006,799154,117305,LPG,Trustmark Dealer,Automatic,Third Owner,24.74,2914,106.29,136.48,7,1116340.8458534933
Hyundai i20,2020,831143,53012,Electric,Trustmark Dealer,Automatic,Second Owner,26.7,2463,126.37,323.21,7,1187013.6365812598
Ford Ecosport,2016,453141,70832,CNG,Trustmark Dealer,Manual,Second Owner,15.6,1793,56.96,152.8,5,601468.1427728739
Mahindra XUV500,2017,341326,116101,Electric,Dealer,Automatic,Fourth & Above Owner,29.1,2142,147.78,320.59,5,449378.0806370337
Ford Ecosport,2008,684525,111383,LPG,Dealer,Automatic,First Owner,14.95,1262,53.52,299.12,5,857672.6794091461
Hyundai Creta,2012,1044528,194885,Diesel,Individual,Manual,First Owner,16.07,2994,119.36,299.5,6,1553364.000549129
Hyundai i20,2013,983537,47932,LPG,Dealer,Manual,Fourth & Above Owner,17.73,1951,79.55,267.72,5,1176150.875194044
Ford Ecosport,2017,350324,55563,LPG,Individual,Manual,Third Owner,27.86,824,165.51,260.23,5,522191.5242087005
Ford Ecosport,2022,1200351,73524,Electric,Individual,Automatic,Third Owner,20.33,1060,126.61,264.63,6,1764783.391396501
Mahindra XUV500,2015,375111,163696,CNG,Trustmark Dealer,Automatic,Second Owner,20.37,1298,104.48,280.24,6,472482.7537227288
Maruti Swift,2019,549004,23465,Electric,Individual,Automatic,Fourth & Above Owner,28.59,1959,106.9,313.33,6,802553.0672554629
Volkswagen Polo,2021,993661,186955,Diesel,Individual,Automatic,Third Owner,20.81,2675,80.29,148.11,4,1468946.0669144243
Skoda Rapid,2010,488215,29277,Petrol,Trustmark Dealer,Manual,Third Owner,29.65,2583,126.06,140.9,5,670737.5904116122
Mahindra XUV500,2021,1382562,117853,CNG,Dealer,Manual,Second Owner,13.87,2419,181.74,99.76,7,2009105.7760690013
Hyundai i20,2013,140030,77344,Petrol,Trustmark Dealer,Manual,Second Owner,14.88,1857,175.06,210.03,5,209760.13987877825
Maruti Swift,2008,50000,152662,Petrol,Trustmark Dealer,Automatic,Second Owner,21.64,2667,82.77,242.89,6,73393.8345757139
Kia Seltos,2015,858428,125927,Electric,Dealer,Automatic,Fourth & Above Owner,11.18,1540,146.72,307.93,7,1262535.9127623227
Hyundai i20,2011,1144626,18206,LPG,Dealer,Manual,Second Owner,33.86,1731,154.28,272.93,6,1646363.5577702778
Kia Seltos,2015,1054995,47714,Electric,Dealer,Manual,Second Owner,25.67,1395,115.47,195.12,6,1405376.7029658663
Maruti Baleno,2017,547185,138527,Diesel,Dealer,Automatic,Second Owner,14.67,1923,123.72,275.56,7,659885.3407724864
Kia Seltos,2006,50000,165707,LPG,Trustmark Dealer,Manual,Fourth & Above Owner,24.14,2653,199.45,137.93,6,69248.47906858039
Tata Nexon,2005,354210,13729,CNG,Dealer,Automatic,First Owner,25.93,849,172.45,303.5,6,529262.06091039
Hyundai Creta,2015,192775,54027,CNG,Dealer,Automatic,Third Owner,23.14,2578,67.7,114.21,5,289157.1749753825
Skoda Rapid,2018,384649,161297,CNG,Trustmark Dealer,Manual,Second Owner,32.87,2651,143.23,221.63,4,461791.3555293679
Toyota Innova,2019,521790,117716,LPG,Dealer,Automatic,Fourth & Above Owner,21.42,989,127.79,103.34,6,651330.0310601998
Maruti Baleno,2009,156768,37398,LPG,Trustmark Dealer,Manual,Fourth & Above Owner,33.29,2519,116.72,235.36,5,228628.22521682875
Hyundai Creta,2009,160411,19892,Petrol,Trustmark Dealer,Automatic,Second Owner,20.55,2916,182.23,310.01,5,203904.16289297093
Volkswagen Polo,2013,831784,52663,LPG,Trustmark Dealer,Manual,Second Owner,23.9,1926,158.61,240.93,6,1129855.9375234663
Kia Seltos,2014,337225,147068,Diesel,Individual,Manual,Second Owner,17.62,1567,161.5,326.35,4,471544.7613523102
Toyota Innova,2010,164567,72841,CNG,Individual,Manual,First Owner,22.27,1178,85.79,251.87,5,219873.4206081997
Hyundai i20,2014,50000,179260,CNG,Individual,Manual,Third Owner,23.26,2545,118.98,221.98,7,66231.56804068871
Maruti Swift,2007,314744,134268,Electric,Trustmark Dealer,Automatic,Third Owner,11.07,841,161.14,145.97,6,434888.82406005386
Hyundai Creta,2014,544598,182355,LPG,Trustmark Dealer,Manual,Third Owner,11.17,1193,148.27,197.51,4,804307.3991776338
Renault Duster,2010,775467,63523,Diesel,Dealer,Automatic,First Owner,11.28,2115,63.14,257.01,6,1013153.6413238028
Toyota Innova,2015,228954,48418,Electric,Individual,Automatic,Third Owner,12.66,1523,197.28,135.54,7,280318.124474345
Tata Nexon,2022,210843,34526,CNG,Trustmark Dealer,Manual,Fourth & Above Owner,10.5,2277,57.51,348.31,7,263196.6156219816
Ford Ecosport,2021,1109150,21413,LPG,Dealer,Automatic,Third Owner,18.85,2445,125.78,110.87,4,1238480.387828535
Maruti Swift,2022,540614,47942,Petrol,Dealer,Manual,Second Owner,16.32,1423,54.64,173.73,6,647103.2143609461
Renault Duster,2014,641397,114491,CNG,Trustmark Dealer,Manual,Second Owner,31.59,2444,153.46,243.62,6,929000.7490902029
Renault Duster,2016,888593,122223,Diesel,Dealer,Manual,Third Owner,10.29,2504,160.82,315.46,4,990762.0644362344
Maruti Swift,2014,207516,136266,Petrol,Individual,Automatic,Second Owner,30.83,894,82.03,294.15,4,284192.3269134268
Volkswagen Polo,2014,365074,189521,Diesel,Dealer,Automatic,Fourth & Above Owner,11.4,1663,134.66,259.27,6,512651.6104377314
Hyundai i20,2010,398045,14450,Electric,Dealer,Manual,Third Owner,29.78,2788,105.99,137.63,4,462844.1214361552
Maruti Swift,2014,811804,99364,LPG,Trustmark Dealer,Automatic,First Owner,17.75,2547,132.82,264.21,6,1085204.25679773
Skoda Rapid,2017,1303409,94423,CNG,Dealer,Manual,Second Owner,17.03,1546,110.77,266.17,6,1647367.9207156673
Hyundai i20,2011,1263698,60351,LPG,Dealer,Automatic,Second Owner,34.71,1504,154.79,116.77,4,1499132.6175779246
Mahindra XUV500,2018,1277112,191509,LPG,Trustmark Dealer,Automatic,First Owner,33.77,930,108.18,204.18,6,1765465.1528367111
Maruti Swift,2012,433493,58455,CNG,Trustmark Dealer,Automatic,Second Owner,14.12,2973,96.62,114.23,4,605759.3204100945
Toyota Innova,2011,303971,25006,LPG,Individual,Manual,Fourth & Above Owner,11.28,2173,182.25,270.43,7,428591.8483141564
Mahindra XUV500,2017,237924,67239,Diesel,Individual,Automatic,Fourth & Above Owner,31.38,1665,62.78,205.85,7,343141.22467093874
Tata Nexon,2009,50000,92612,Petrol,Dealer,Manual,Third Owner,18.53,2008,167.2,265.46,5,59314.4988515496
Maruti Baleno,2021,310702,182230,LPG,Trustmark Dealer,Automatic,First Owner,33.06,868,108.37,188.15,5,394033.7482518375
Honda City,2006,431623,23246,Diesel,Dealer,Manual,Second Owner,28.23,2010,195.26,225.37,7,554966.484506639
Kia Seltos,2006,515977,12112,Diesel,Individual,Automatic,Fourth & Above Owner,21.79,1872,69.89,169.45,5,579805.3492483221
Tata Nexon,2009,762500,86683,CNG,Individual,Automatic,Third Owner,13.14,1618,192.91,191.55,7,1022012.722689342
Maruti Swift,2023,573194,101238,Electric,Dealer,Automatic,Second Owner,27.1,1498,150.22,175.32,4,767289.4249323105
Honda City,2021,724661,31212,LPG,Individual,Manual,First Owner,27.58,977,155.29,213.28,7,1070409.0580116538
Kia Seltos,2015,728175,186769,Diesel,Trustmark Dealer,Manual,Third Owner,29.27,1087,165.52,286.62,5,1054304.4126653806
Hyundai Creta,2023,214539,37808,Diesel,Trustmark Dealer,Manual,First Owner,22.05,1897,196.69,187.58,5,321425.050346513
Mahindra XUV500,2020,1118831,143650,CNG,Individual,Manual,Fourth & Above Owner,15.35,2790,165.4,102.5,5,1232859.3526827616
Hyundai i20,2010,1005077,15312,LPG,Dealer,Automatic,Fourth & Above Owner,19.97,1438,145.5,200.32,5,1158267.442254293
Hyundai i20,2006,628310,103209,Diesel,Individual,Manual,Second Owner,26.31,1547,100.61,341.55,5,700440.6837196975
Skoda Rapid,2021,234020,116757,LPG,Dealer,Automatic,Fourth & Above Owner,10.07,882,119.44,239.01,5,285488.4388493904
Tata Nexon,2015,780925,118794,Diesel,Trustmark Dealer,Automatic,Fourth & Above Owner,17.57,1741,54.68,138.17,7,865308.3533146499
Hyundai i20,2020,1334495,39686,Diesel,Dealer,Automatic,Third Owner,10.14,1456,80.38,102.38,6,1640172.1860012135
Maruti Swift,2020,649746,50037,Electric,Trustmark Dealer,Automatic,Third Owner,29.94,1365,154.78,291.01,6,758006.7888671077
Hyundai i20,2017,1276306,140450,LPG,Dealer,Automatic,First Owner,27.23,1841,130.11,129.64,5,1607152.1888785628
Kia Seltos,2013,515978,147233,Diesel,Trustmark Dealer,Automatic,First Owner,27.97,2024,109.12,205.21,7,673654.7812960068
Maruti Baleno,2005,1058721,151493,Electric,Individual,Automatic,Third Owner,29.92,1326,186.3,108.14,4,1450477.1067590616
Hyundai i20,2023,766750,69941,LPG,Individual,Automatic,Third Owner,18.51,1441,66.61,287.08,4,1099953.6806006522
Tata Nexon,2016,50000,191432,CNG,Trustmark Dealer,Automatic,First Owner,23.1,2073,129.48,123.35,6,59800.15967177377
Mahindra XUV500,2023,767466,95125,Electric,Individual,Manual,Second Owner,15.64,1368,53.76,227.85,5,894359.118399131
Hyundai i20,2023,1380404,8019,CNG,Trustmark Dealer,Manual,Third Owner,15.59,2791,198.08,148.03,6,1671667.6377859716
Kia Seltos,2010,1014997,78159,Diesel,Individual,Automatic,Third Owner,30.23,1238,112.89,113.3,6,1243681.340199935
Hyundai i20,2012,50000,13562,LPG,Individual,Manual,Third Owner,19.55,2185,115.9,222.96,6,65368.86497250447
Toyota Innova,2009,891128,96974,CNG,Individual,Automatic,Fourth & Above Owner,31.8,2033,90.5,194.51,4,1180218.55350188
Maruti Swift,2022,770592,190439,Electric,Dealer,Manual,Fourth & Above Owner,25.03,1820,101.1,348.87,6,861056.3780571993
Maruti Swift,2009,50000,148033,CNG,Individual,Automatic,First Owner,31.54,2189,175.23,308.87,6,60803.67460395465
Kia Seltos,2013,1101285,101700,CNG,Individual,Automatic,First Owner,32.16,1861,161.02,339.15,4,1495594.5699412965
Kia Seltos,2017,300914,65008,Diesel,Individual,Manual,First Owner,31.98,2867,159.43,129.22,7,410928.30509894073
Tata Nexon,2021,1107267,147581,LPG,Individual,Automatic,First Owner,17.37,2225,111.34,163.01,5,1575866.4628634197
Tata Nexon,2012,801871,32508,Petrol,Dealer,Manual,First Owner,17.72,1079,120.58,296.8,7,1084986.851200266
Renault Duster,2006,50000,74369,LPG,Trustmark Dealer,Manual,Second Owner,34.24,1276,176.03,94.11,7,73142.07918451751
Hyundai Creta,2013,564955,94410,CNG,Dealer,Automatic,Second Owner,25.97,1357,187.49,133.54,7,702656.8622675199
Tata Nexon,2008,795638,81977,Electric,Dealer,Manual,First Owner,11.67,1004,186.88,324.26,5,1162285.107530214
Maruti Baleno,2011,1097624,123560,LPG,Individual,Automatic,First Owner,14.32,1233,64.51,220.16,4,1478722.8677174351
Tata Nexon,2013,877683,101947,Petrol,Trustmark Dealer,Automatic,Fourth & Above Owner,26.74,1179,72.23,315.58,4,993254.6177598154
Toyota Innova,2017,50000,180892,Diesel,Trustmark Dealer,Automatic,First Owner,18.61,2896,120.23,291.34,5,57804.866854682914
Renault Duster,2006,685594,157073,Diesel,Trustmark Dealer,Manual,First Owner,18.82,1178,198.15,287.63,7,885309.3678953736
Maruti Baleno,2012,235737,197313,Petrol,Trustmark Dealer,Manual,Second Owner,14.84,955,82.77,150.74,7,341807.5343630706
Maruti Baleno,2019,1122620,128454,LPG,Individual,Manual,First Owner,15.56,1490,199.77,95.2,4,1443873.5720564655
Volkswagen Polo,2010,50000,84520,CNG,Trustmark Dealer,Manual,Fourth & Above Owner,10.98,2265,100.18,145.73,4,64714.00021714313
Renault Duster,2020,1356287,68554,LPG,Individual,Automatic,Second Owner,31.89,1015,57.77,100.26,7,1741240.3403301686
Ford Ecosport,2017,1044581,168151,LPG,Dealer,Manual,Third Owner,17.82,2245,61.76,308.5,4,1293113.0001336052
Tata Nexon,2018,946098,185283,Petrol,Individual,Manual,Third Owner,30.51,1923,139.77,281.98,4,1325132.7399934155
Volkswagen Polo,2016,651875,164517,CNG,Individual,Manual,Third Owner,24.53,2372,189.6,295.1,7,977191.8054429652
Honda City,2011,782522,139550,Electric,Trustmark Dealer,Automatic,First Owner,20.95,1769,108.21,272.59,6,1056158.706340627
Toyota Innova,2015,80905,111991,LPG,Trustmark Dealer,Manual,Fourth & Above Owner,33.32,2781,82.8,332.55,4,106189.50573347714
Tata Nexon,2022,738859,100850,Diesel,Trustmark Dealer,Manual,Third Owner,33.06,1428,107.44,181.35,6,834327.4508933439
Volkswagen Polo,2016,1010725,178721,Diesel,Individual,Automatic,Second Owner,23.35,2207,121.22,162.94,7,1116739.1275247552
Skoda Rapid,2018,358125,152092,LPG,Trustmark Dealer,Manual,Second Owner,29.63,2840,67.69,312.22,6,490571.55653936527
Hyundai i20,2012,629430,17806,LPG,Trustmark Dealer,Automatic,Third Owner,20.13,2006,156.78,268.25,5,939037.8504962923
Hyundai Creta,2021,148514,16107,Electric,Dealer,Automatic,First Owner,18.83,1923,174.42,231.09,6,175490.443924966
Mahindra XUV500,2022,162258,46977,CNG,Dealer,Automatic,Fourth & Above Owner,26.8,2329,96.35,201.31,4,178698.2168172408
Hyundai i20,2023,1006537,109451,Electric,Individual,Manual,Third Owner,23.1,1910,147.67,329.08,6,1396522.7506917825
Tata Nexon,2016,1019923,63828,LPG,Dealer,Manual,First Owner,15.94,1087,92.09,318.94,6,1347510.854527926
Honda City,2015,82937,62030,Diesel,Dealer,Manual,First Owner,11.39,852,73.65,208.32,4,111275.46003318005
Maruti Baleno,2007,910327,69518,LPG,Trustmark Dealer,Automatic,Fourth & Above Owner,27.96,2767,187.03,190.28,4,1217244.532310672
Skoda Rapid,2011,452025,150546,Electric,Trustmark Dealer,Automatic,Second Owner,16.83,2949,59.25,146.58,5,629163.6729055474
Volkswagen Polo,2015,50000,32632,Electric,Individual,Manual,First Owner,32.52,1082,170.62,101.07,4,69383.71876437009
Volkswagen Polo,2008,523235,53850,Electric,Trustmark Dealer,Manual,Second Owner,11.76,1306,125.64,123.84,6,692969.283611609
Skoda Rapid,2018,50000,83341,Petrol,Individual,Manual,Fourth & Above Owner,14.84,1733,98.59,228.07,6,58202.70705806487
Kia Seltos,2008,50000,79538,Diesel,Dealer,Manual,First Owner,15.64,1408,65.33,109.82,5,67673.96776892195
Renault Duster,2016,1013949,92732,CNG,Dealer,Automatic,Fourth & Above Owner,22.48,2029,99.91,343.74,7,1449731.7886905165
Ford Ecosport,2022,1302456,158418,CNG,Trustmark Dealer,Manual,Third Owner,13.32,1486,136.49,315.83,6,1942884.170679116
Hyundai Creta,2007,865901,124719,Electric,Individual,Manual,First Owner,31.92,2626,196.21,115.23,7,1015739.9638852184
Renault Duster,2007,1095520,123818,Electric,Individual,Automatic,Second Owner,24.19,1898,196.16,106.83,4,1465771.366168699
Hyundai i20,2020,166962,75271,Electric,Trustmark Dealer,Manual,Second Owner,20.48,2850,83.16,215.87,4,209884.51195131245
Skoda Rapid,2007,51346,155925,Petrol,Trustmark Dealer,Automatic,First Owner,17.04,2100,185.37,259.85,6,71745.33192171142
Kia Seltos,2019,421225,118174,Petrol,Dealer,Manual,First Owner,11.01,2148,151.94,116.33,6,476654.67314761307
Hyundai i20,2010,728602,163262,CNG,Individual,Automatic,First Owner,12.58,2515,72.97,279.79,4,856464.648411502
Maruti Swift,2010,327329,24519,CNG,Individual,Manual,Fourth & Above Owner,34.49,2331,191.64,116.15,7,404185.9405889002
Hyundai i20,2015,553406,63463,LPG,Individual,Manual,First Owner,19.53,1008,75.9,281.84,5,789081.0840481145
Maruti Baleno,2023,730424,194450,Petrol,Trustmark Dealer,Automatic,First Owner,21.29,819,126.96,190.76,7,888859.7769114919
Skoda Rapid,2023,1307528,87714,Petrol,Individual,Automatic,Second Owner,17.03,2432,60.87,248.88,4,1847445.9803742564
Ford Ecosport,2022,543743,156139,Diesel,Individual,Automatic,Third Owner,11.94,1204,112.69,182.81,4,693224.1305344224
Kia Seltos,2018,1314369,165781,Electric,Trustmark Dealer,Manual,Third Owner,33.13,1714,69.45,328.25,4,1671696.3339788949
Hyundai Creta,2017,701408,19006,Petrol,Trustmark Dealer,Automatic,Second Owner,33.25,802,175.43,307.0,6,947559.4484765478
Mahindra XUV500,2019,421556,176291,Diesel,Individual,Manual,Second Owner,17.15,898,164.41,325.96,5,584514.0207310067
Hyundai Creta,2016,955478,167394,Electric,Trustmark Dealer,Automatic,Fourth & Above Owner,22.23,2916,102.47,229.75,5,1222814.4280638532
Tata Nexon,2012,344384,66489,Diesel,Individual,Manual,Second Owner,29.92,2539,83.5,349.77,6,502331.80221096496
Mahindra XUV500,2015,339911,129385,Petrol,Trustmark Dealer,Manual,Third Owner,26.75,2085,129.56,119.13,7,440246.9355852474
Maruti Baleno,2017,50000,128724,CNG,Individual,Manual,Third Owner,20.17,1059,71.07,98.41,5,55766.38014222164
Renault Duster,2022,1415259,113086,Electric,Individual,Manual,Second Owner,22.81,1778,143.21,271.62,6,1597772.824513972
Ford Ecosport,2020,744652,97021,Electric,Trustmark Dealer,Manual,Second Owner,32.16,1173,198.59,138.36,4,1041837.1031330152
Kia Seltos,2018,785047,137815,Petrol,Dealer,Automatic,Second Owner,20.78,886,155.75,305.3,4,1117562.0037176963
Volkswagen Polo,2019,485593,98748,CNG,Individual,Automatic,Third Owner,14.13,888,168.84,169.31,7,698958.7691826801
Honda City,2011,167368,176589,Electric,Trustmark Dealer,Automatic,First Owner,20.29,2949,193.46,293.58,4,191286.8199871253
Maruti Baleno,2020,498870,125401,Diesel,Trustmark Dealer,Automatic,First Owner,25.8,2876,179.82,137.72,7,653355.6877862044
Maruti Baleno,2015,77665,182821,CNG,Trustmark Dealer,Manual,Third Owner,27.67,2338,138.7,265.22,4,96611.09250726594
Honda City,2019,683822,13745,CNG,Individual,Manual,Fourth & Above Owner,28.53,1488,156.65,90.62,7,921918.4625034448
Mahindra XUV500,2014,1049601,170830,LPG,Trustmark Dealer,Automatic,Second Owner,28.98,837,53.34,228.45,7,1289971.7201378774
Kia Seltos,2021,611396,80539,Electric,Dealer,Manual,Fourth & Above Owner,12.38,2816,107.56,290.39,7,843579.9463422792
Tata Nexon,2006,1183355,133452,CNG,Dealer,Automatic,First Owner,31.68,1763,50.98,320.34,5,1581098.9787326818
Tata Nexon,2008,82299,182472,Petrol,Trustmark Dealer,Automatic,Fourth & Above Owner,33.19,1765,169.42,147.17,7,109366.85500453628
Ford Ecosport,2018,282262,16299,Petrol,Individual,Automatic,Fourth & Above Owner,23.55,2261,113.71,245.96,5,331263.3285983428
Maruti Baleno,2010,1078298,60903,Diesel,Dealer,Manual,Third Owner,32.1,2872,87.49,135.29,4,1414404.1659246534
Hyundai i20,2008,755922,103736,Diesel,Dealer,Automatic,Third Owner,13.72,1732,197.84,185.19,7,905863.7095591836
Hyundai i20,2017,252948,10808,Diesel,Trustmark Dealer,Automatic,Second Owner,18.09,1255,59.72,347.88,4,332311.4253435318
Maruti Baleno,2012,868179,66615,CNG,Dealer,Manual,Fourth & Above Owner,18.77,2436,107.92,315.37,7,1114830.9293439612
Hyundai Creta,2014,463576,31474,CNG,Dealer,Manual,First Owner,22.46,1287,112.13,156.24,7,646629.7695554638
Hyundai i20,2020,1255825,29977,Diesel,Dealer,Automatic,Second Owner,20.35,2894,199.25,189.98,5,1572024.0809306763
Honda City,2009,50000,101950,LPG,Dealer,Manual,Second Owner,34.97,2733,72.41,299.74,7,65394.4215440948
Honda City,2008,83959,12751,Petrol,Trustmark Dealer,Automatic,First Owner,18.42,1780,94.68,204.63,7,108436.11893588924
Ford Ecosport,2019,946926,137825,CNG,Dealer,Automatic,Third Owner,31.17,1139,187.86,289.15,5,1205296.8174381673
Skoda Rapid,2019,933394,187241,Electric,Individual,Automatic,Third Owner,35.0,1408,71.62,245.48,7,1111784.7480241994
Maruti Swift,2019,524831,79002,Diesel,Trustmark Dealer,Manual,First Owner,17.84,2075,154.29,265.17,7,770567.7522323773
Honda City,2009,353095,193114,CNG,Individual,Manual,Fourth & Above Owner,13.48,1293,183.34,95.9,6,478616.44057085086
Maruti Baleno,2016,501625,110391,Diesel,Trustmark Dealer,Manual,Third Owner,32.03,917,56.71,248.79,4,564491.1535711818
Maruti Baleno,2014,391416,58673,LPG,Trustmark Dealer,Automatic,Fourth & Above Owner,31.64,2847,113.61,189.33,4,480612.9334169658
Renault Duster,2016,646976,164232,CNG,Trustmark Dealer,Manual,Third Owner,23.81,1304,67.88,292.99,7,810298.6271291379
Hyundai i20,2022,1355583,147922,LPG,Individual,Manual,First Owner,10.11,1251,72.2,349.63,5,1871062.250874719
Ford Ecosport,2010,746856,67862,Electric,Trustmark Dealer,Manual,Fourth & Above Owner,19.63,2273,195.65,258.35,5,991701.0954383672
Mahindra XUV500,2012,259063,160397,CNG,Trustmark Dealer,Automatic,First Owner,18.49,2462,51.84,315.1,7,341775.63772960065
Maruti Swift,2015,242328,167740,CNG,Individual,Manual,Fourth & Above Owner,20.3,1652,159.22,249.43,7,318167.5869101694
Honda City,2014,247931,37194,Petrol,Individual,Automatic,Second Owner,20.75,2318,164.45,236.76,6,329988.38431114284
Renault Duster,2007,482350,167811,Electric,Individual,Automatic,Fourth & Above Owner,30.7,2693,167.53,249.86,7,562535.6978871458
Kia Seltos,2018,811220,119620,CNG,Trustmark Dealer,Manual,Second Owner,10.51,2860,107.95,160.92,4,1089003.8448293412
Honda City,2020,187292,185541,CNG,Individual,Automatic,First Owner,21.21,990,104.81,150.88,4,254109.1169630272
Honda City,2018,965338,164836,Diesel,Dealer,Automatic,First Owner,25.71,2808,51.19,345.46,4,1386065.9940542532
Volkswagen Polo,2014,50000,183724,Diesel,Dealer,Manual,Second Owner,15.68,2379,50.4,92.8,5,56613.14115832642
Maruti Baleno,2021,529591,41649,Diesel,Dealer,Manual,Second Owner,22.95,839,60.07,160.12,4,733281.659082239
Ford Ecosport,2011,222144,10032,LPG,Trustmark Dealer,Manual,Fourth & Above Owner,15.42,970,99.53,174.41,6,308601.08626457665
Tata Nexon,2015,159555,53220,Petrol,Individual,Manual,Third Owner,22.34,2954,74.8,260.41,4,178921.9162639974
Hyundai Creta,2021,615566,189128,Diesel,Dealer,Automatic,Second Owner,15.37,2322,85.85,169.38,5,745443.3436055543
Maruti Baleno,2009,539788,92958,Diesel,Trustmark Dealer,Automatic,Second Owner,21.79,2242,118.88,142.78,6,608543.726217434
Hyundai Creta,2008,708237,72847,Petrol,Individual,Automatic,First Owner,28.53,2176,192.09,239.0,6,985604.7467427554
Honda City,2008,922377,174414,Electric,Trustmark Dealer,Manual,Third Owner,31.29,2491,71.92,119.99,4,1344119.5024738836
Skoda Rapid,2014,568909,5953,Petrol,Dealer,Automatic,Second Owner,18.98,1211,147.97,216.2,5,845083.2800714783
Skoda Rapid,2020,804205,154793,LPG,Trustmark Dealer,Manual,First Owner,11.42,2765,76.03,117.11,5,1047292.1621398246
Toyota Innova,2017,1307979,194132,LPG,Dealer,Manual,Third Owner,16.26,2405,171.08,298.16,5,1814882.097042415
Volkswagen Polo,2006,483381,168148,Petrol,Individual,Automatic,Third Owner,32.51,1299,156.98,95.14,7,625517.2958510056
Hyundai Creta,2022,556072,180798,CNG,Individual,Manual,Third Owner,33.17,1611,95.25,92.92,6,742808.5269718957
Honda City,2009,50000,11393,CNG,Dealer,Manual,Second Owner,25.24,1270,60.88,310.65,4,68118.7350388448
Renault Duster,2017,50000,82773,CNG,Dealer,Automatic,Fourth & Above Owner,26.02,1307,68.83,96.33,4,68137.92277963817
Mahindra XUV500,2017,181103,112104,Petrol,Dealer,Automatic,Fourth & Above Owner,25.05,1204,111.63,148.52,4,207947.999384395
Ford Ecosport,2022,1027800,7849,LPG,Dealer,Manual,Fourth & Above Owner,10.83,1744,163.14,139.07,7,1482310.808700139
Hyundai i20,2014,1187171,88770,Diesel,Individual,Automatic,Third Owner,10.15,1272,81.59,314.75,4,1772644.8337227665
Toyota Innova,2013,1092463,91978,Diesel,Individual,Automatic,Second Owner,21.21,2295,159.61,145.77,6,1284176.8704299158
Maruti Swift,2020,1267508,137575,Electric,Trustmark Dealer,Manual,Second Owner,11.33,2498,64.64,282.0,7,1514536.5803925886
Ford Ecosport,2011,1218822,116990,LPG,Trustmark Dealer,Manual,Second Owner,11.09,853,107.94,112.3,6,1787482.925740615
Hyundai Creta,2015,100237,132481,LPG,Trustmark Dealer,Manual,Fourth & Above Owner,21.6,2620,75.85,237.1,5,128164.65441601053
Toyota Innova,2012,193108,139624,CNG,Individual,Automatic,First Owner,31.92,1054,112.25,279.73,6,271652.0813868513
Tata Nexon,2009,864725,79677,CNG,Dealer,Manual,First Owner,15.81,2108,90.83,308.72,5,1094483.382420109
Maruti Swift,2020,361122,134378,Petrol,Trustmark Dealer,Automatic,Third Owner,22.07,896,147.8,274.23,7,424810.9900164024
Kia Seltos,2023,1168139,175561,Electric,Individual,Manual,Fourth & Above Owner,11.34,2814,130.88,98.06,5,1718568.6342144073
Tata Nexon,2010,275481,66096,CNG,Trustmark Dealer,Manual,Second Owner,12.76,2278,52.26,346.21,5,391724.865472588
Ford Ecosport,2007,372037,91710,LPG,Individual,Automatic,Fourth & Above Owner,21.39,1581,148.17,144.89,7,513866.8309148672
Renault Duster,2010,152591,152721,Electric,Dealer,Manual,First Owner,28.18,2212,86.26,304.8,6,213529.22447891632
Maruti Baleno,2005,189613,104594,Diesel,Individual,Manual,First Owner,16.03,2255,199.23,246.18,4,271047.99803260266
Renault Duster,2009,50000,114955,Diesel,Dealer,Manual,Third Owner,17.1,1287,99.87,167.83,6,55940.52403472163
Toyota Innova,2013,284195,42161,LPG,Trustmark Dealer,Automatic,Second Owner,11.96,1846,110.08,288.33,7,421757.5534576392
Ford Ecosport,2011,139880,49974,CNG,Individual,Automatic,First Owner,20.06,1663,151.04,215.83,6,191415.78602409727
Volkswagen Polo,2021,553478,22742,Petrol,Individual,Automatic,Second Owner,27.42,2603,92.68,206.33,5,673479.7976114119
Honda City,2011,50000,28803,Petrol,Trustmark Dealer,Manual,Second Owner,24.48,1196,178.8,325.22,7,64733.55359259868
Tata Nexon,2022,1251175,197553,Diesel,Individual,Automatic,First Owner,21.6,1565,178.45,326.38,5,1800519.8796552382
Toyota Innova,2020,1102667,24752,CNG,Trustmark Dealer,Manual,Third Owner,18.88,2936,76.24,222.03,7,1590095.3663976856
Hyundai Creta,2013,693367,95909,Petrol,Dealer,Automatic,First Owner,31.1,2608,109.17,230.28,6,807576.5251241828
Skoda Rapid,2021,930868,163858,Diesel,Individual,Manual,Fourth & Above Owner,21.26,1089,179.79,299.4,5,1034437.1295671508
Mahindra XUV500,2019,1111537,180418,Diesel,Trustmark Dealer,Automatic,Fourth & Above Owner,29.68,2421,158.75,128.59,4,1343770.7984682985
Kia Seltos,2018,113494,54237,LPG,Dealer,Automatic,Fourth & Above Owner,34.87,1109,150.72,266.26,7,160313.40434058837
Maruti Baleno,2013,288413,133515,Electric,Dealer,Automatic,Third Owner,19.48,2734,134.28,314.48,6,413998.6075452787
Skoda Rapid,2012,741287,162425,LPG,Individual,Automatic,Second Owner,12.3,1147,120.6,227.65,4,819106.1141726753
Volkswagen Polo,2019,1306978,27416,LPG,Dealer,Automatic,Third Owner,26.93,1606,128.58,323.98,6,1871481.9651376093
Renault Duster,2005,122800,62760,Diesel,Individual,Manual,First Owner,22.06,816,60.04,119.68,4,168734.8761714337
Renault Duster,2008,115002,66821,Electric,Trustmark Dealer,Automatic,Fourth & Above Owner,10.93,2503,83.27,263.87,7,145409.66049074382
Skoda Rapid,2023,1461542,64487,Diesel,Trustmark Dealer,Manual,Third Owner,29.31,2125,51.88,319.35,5,2163996.139529372
Kia Seltos,2023,394504,8194,Electric,Trustmark Dealer,Manual,Fourth & Above Owner,23.75,1585,67.43,145.58,5,450045.6359341134
Renault Duster,2019,195071,90485,Electric,Individual,Manual,First Owner,27.31,2199,192.06,266.12,4,226269.6873614513
Maruti Baleno,2014,104896,83243,Electric,Dealer,Manual,Second Owner,22.1,1775,150.75,180.55,7,139106.0743838173
Volkswagen Polo,2021,679754,77819,CNG,Trustmark Dealer,Manual,Fourth & Above Owner,30.51,2960,113.55,93.86,5,953403.5502748176
Toyota Innova,2009,545917,147315,LPG,Dealer,Manual,Fourth & Above Owner,15.59,2374,163.13,97.2,5,738609.5384582316
Renault Duster,2009,899386,48286,Diesel,Dealer,Manual,First Owner,34.16,2721,146.71,175.1,5,1004966.167005774
Mahindra XUV500,2022,536149,141717,CNG,Dealer,Manual,First Owner,26.65,2989,148.3,256.35,5,774320.6453978344
Toyota Innova,2006,1186463,120082,CNG,Individual,Manual,First Owner,22.09,2281,179.69,320.02,6,1591129.8083396484
Toyota Innova,2023,1172943,126359,CNG,Trustmark Dealer,Manual,Third Owner,20.66,1479,75.68,305.23,6,1685666.290071496
Hyundai Creta,2013,951509,111102,CNG,Dealer,Manual,Third Owner,34.63,2777,187.2,109.34,4,1237819.6603284576
Toyota Innova,2014,84554,26939,Diesel,Dealer,Automatic,Third Owner,10.54,1909,106.21,318.38,7,120752.94573645176
Renault Duster,2022,963517,40174,Electric,Trustmark Dealer,Manual,First Owner,22.31,1907,179.25,168.4,6,1193697.9441609264
Honda City,2015,711533,165577,Diesel,Trustmark Dealer,Automatic,Second Owner,12.77,2878,183.79,309.39,5,1038635.29851428
Hyundai i20,2012,664315,34055,Diesel,Trustmark Dealer,Automatic,Second Owner,25.06,1429,194.35,96.12,5,885169.0044341303
Hyundai Creta,2020,1262494,67525,Diesel,Dealer,Manual,Second Owner,31.04,924,70.96,159.61,6,1516412.020910623
Volkswagen Polo,2023,242997,28048,LPG,Trustmark Dealer,Manual,Third Owner,17.57,2633,166.72,164.56,6,337170.6585706374
Maruti Swift,2016,684646,119101,LPG,Trustmark Dealer,Manual,Second Owner,31.68,1621,194.81,170.55,6,818512.1849747441
Skoda Rapid,2006,529250,32406,CNG,Trustmark Dealer,Automatic,First Owner,16.97,1763,139.04,220.16,6,654854.3966959537
Kia Seltos,2014,772780,65479,CNG,Dealer,Manual,Second Owner,21.08,1808,73.86,97.4,6,875116.5264620561
Kia Seltos,2006,986232,178372,LPG,Individual,Automatic,Fourth & Above Owner,30.95,1334,191.02,106.89,4,1210502.7830969642
Mahindra XUV500,2009,701293,57271,Electric,Individual,Manual,Second Owner,26.84,1568,189.79,292.27,5,854522.0332066838
Ford Ecosport,2006,50000,80534,LPG,Trustmark Dealer,Automatic,Third Owner,30.1,2045,113.19,281.68,4,72675.9157408232
Hyundai i20,2005,817168,163142,LPG,Trustmark Dealer,Manual,First Owner,32.65,1772,105.25,270.65,5,1149153.8945705455
Maruti Swift,2012,756745,46278,CNG,Dealer,Automatic,Fourth & Above Owner,33.29,2901,190.83,261.33,6,879982.3504176424
Renault Duster,2015,1172062,92693,Petrol,Trustmark Dealer,Automatic,First Owner,25.98,2439,131.57,264.44,5,1684684.2820348523
Renault Duster,2023,1195527,177398,Electric,Trustmark Dealer,Manual,Fourth & Above Owner,28.27,1729,94.67,184.01,7,1749262.648319028
Hyundai Creta,2021,368039,160999,Diesel,Individual,Manual,Fourth & Above Owner,17.22,1902,180.73,170.61,6,443564.3439078858
Tata Nexon,2009,50000,78729,LPG,Individual,Manual,Fourth & Above Owner,30.42,1200,119.04,141.94,5,55535.29176326659
Maruti Swift,2020,581366,113190,Petrol,Individual,Manual,Fourth & Above Owner,27.43,1829,112.94,185.54,4,847765.9836935244
Honda City,2016,50000,107806,Diesel,Individual,Automatic,First Owner,24.88,1492,55.34,236.0,4,63947.22357133781
Mahindra XUV500,2019,105172,49781,Petrol,Individual,Manual,Fourth & Above Owner,34.26,2205,78.23,165.53,4,136313.80039846234
Tata Nexon,2008,144865,189095,CNG,Trustmark Dealer,Manual,Fourth & Above Owner,13.32,2479,64.07,274.71,5,187420.61329581044
Toyota Innova,2017,50000,89517,CNG,Trustmark Dealer,Manual,Second Owner,10.91,1103,179.32,118.26,4,68012.82453428637
Renault Duster,2018,572742,109646,Electric,Trustmark Dealer,Automatic,Fourth & Above Owner,25.27,1765,55.27,273.07,5,719545.5487226046
Skoda Rapid,2018,867754,146850,Electric,Dealer,Manual,Second Owner,15.86,1455,57.05,320.78,4,1192105.1544429895
Ford Ecosport,2014,639388,46169,CNG,Trustmark Dealer,Automatic,Fourth & Above Owner,21.35,1629,102.03,315.34,6,946955.578667608
Tata Nexon,2012,287012,138766,LPG,Trustmark Dealer,Manual,Third Owner,25.08,2925,185.9,270.04,4,367133.67233581137
Toyota Innova,2018,743634,70242,LPG,Individual,Manual,First Owner,33.27,2586,143.93,348.52,6,1011775.7165624108
Honda City,2008,470673,64359,LPG,Trustmark Dealer,Manual,Third Owner,16.27,1370,87.34,319.65,5,588954.057909931
Ford Ecosport,2019,877488,21848,Electric,Dealer,Manual,Second Owner,30.89,1296,129.81,333.64,5,999386.8851813436
Skoda Rapid,2022,355342,88272,CNG,Dealer,Automatic,First Owner,27.79,1534,67.48,134.49,6,528653.1451649514
Honda City,2014,336749,32231,Petrol,Trustmark Dealer,Manual,Second Owner,13.0,1578,135.74,239.75,4,390106.7425089441
Volkswagen Polo,2014,257388,125002,Diesel,Individual,Automatic,Second Owner,13.24,2029,174.2,339.7,7,357193.4848321055
Toyota Innova,2011,331286,40173,Diesel,Trustmark Dealer,Automatic,First Owner,26.58,2923,160.8,164.97,5,462144.3368276687
Hyundai i20,2005,50000,141982,LPG,Dealer,Automatic,Second Owner,14.5,1664,157.28,115.98,6,74464.29119908877
Maruti Baleno,2011,262728,32134,LPG,Dealer,Manual,First Owner,29.01,1216,118.55,316.75,4,369040.3214018431
Hyundai i20,2021,470037,103280,Diesel,Individual,Manual,Second Owner,33.72,2086,130.11,306.71,4,657016.6915432045
Toyota Innova,2020,659831,80223,LPG,Dealer,Automatic,First Owner,31.55,2622,155.18,157.45,6,825583.0648475204
Maruti Baleno,2021,607925,113715,Electric,Trustmark Dealer,Manual,Second Owner,12.4,1938,117.45,184.18,6,892097.1962384175
Mahindra XUV500,2005,548735,149586,CNG,Individual,Manual,Third Owner,20.55,1123,147.59,344.38,6,751990.1304776507
Kia Seltos,2009,50000,36016,Petrol,Individual,Automatic,Second Owner,23.5,1733,152.75,332.26,6,72349.8826848705
Toyota Innova,2020,178604,9966,Petrol,Individual,Manual,Fourth & Above Owner,28.07,948,128.01,202.8,5,227223.0178416189
Honda City,2019,456249,38393,Electric,Trustmark Dealer,Manual,Third Owner,16.6,2502,181.81,341.82,5,657590.4129894364
Toyota Innova,2016,500702,123796,Petrol,Dealer,Automatic,Second Owner,13.87,1185,159.63,126.72,4,699505.0393531851
Volkswagen Polo,2009,642334,29936,Electric,Dealer,Manual,First Owner,25.66,1739,98.56,333.82,4,937879.7220881447
Skoda Rapid,2014,443958,195499,Electric,Trustmark Dealer,Manual,Fourth & Above Owner,29.25,2130,67.14,316.15,7,505569.1046610285
Hyundai Creta,2008,1138431,6806,Diesel,Dealer,Manual,Fourth & Above Owner,18.69,1054,160.8,215.06,7,1362700.1949215413
Tata Nexon,2005,280306,48590,Petrol,Trustmark Dealer,Manual,Third Owner,10.46,2896,70.47,286.2,7,401779.6453039731
Ford Ecosport,2015,450253,50614,LPG,Dealer,Manual,First Owner,11.74,1428,64.97,147.04,6,532703.343747343
Hyundai Creta,2019,1030584,87108,Electric,Individual,Manual,First Owner,22.71,1874,122.92,198.55,4,1138183.7074277124
Maruti Baleno,2015,958832,143660,Electric,Trustmark Dealer,Automatic,Fourth & Above Owner,15.68,1386,61.31,207.92,5,1098185.927641714
Tata Nexon,2010,244874,91912,CNG,Dealer,Automatic,Second Owner,29.37,1635,52.19,231.48,6,310922.8018660096
Volkswagen Polo,2008,1008664,169964,CNG,Trustmark Dealer,Automatic,Second Owner,23.22,2510,153.57,91.3,6,1270163.3197969943
Hyundai i20,2012,812832,134146,Diesel,Dealer,Manual,Fourth & Above Owner,23.64,1603,98.52,208.74,4,1154376.1590485338
Maruti Baleno,2014,199547,127555,Petrol,Dealer,Automatic,Third Owner,17.7,2394,100.07,318.47,4,277164.44309569045
Skoda Rapid,2011,50000,70763,Petrol,Trustmark Dealer,Manual,Third Owner,22.73,2742,163.39,150.65,4,63051.67444529008
Kia Seltos,2014,1306971,44119,CNG,Trustmark Dealer,Manual,Fourth & Above Owner,26.09,2395,149.07,153.62,4,1562529.3514498577
Tata Nexon,2018,1056603,97411,LPG,Individual,Automatic,Second Owner,32.45,1557,108.3,199.64,6,1419210.055407594
Hyundai Creta,2015,1064320,121146,Petrol,Dealer,Manual,Third Owner,17.0,2120,181.41,346.97,6,1577895.0032076554
Renault Duster,2019,875814,75831,CNG,Individual,Automatic,Fourth & Above Owner,10.47,2329,87.57,339.07,4,1037379.9188286208
Hyundai Creta,2007,609824,86371,Diesel,Individual,Manual,First Owner,24.5,1280,140.71,170.69,7,732698.4143597742
Mahindra XUV500,2008,116209,133402,Diesel,Individual,Automatic,Second Owner,32.32,1048,113.73,132.55,5,151695.73714106862
Maruti Baleno,2005,397991,192912,Petrol,Individual,Manual,First Owner,12.31,2837,161.92,196.9,6,560478.5204857494
Renault Duster,2011,1071350,155357,Electric,Dealer,Automatic,Third Owner,33.72,2852,120.49,104.16,4,1581545.654835017
Renault Duster,2006,438157,22372,CNG,Trustmark Dealer,Manual,First Owner,22.79,2865,179.25,204.92,7,521368.515310707
Hyundai i20,2016,1003652,78358,Diesel,Individual,Automatic,Third Owner,10.12,2838,114.79,234.11,5,1398672.929325017
Toyota Innova,2013,1167465,24461,Diesel,Trustmark Dealer,Automatic,First Owner,17.22,2604,122.32,280.08,5,1595866.3858485683
Maruti Swift,2017,647095,74686,Diesel,Trustmark Dealer,Automatic,Third Owner,14.83,2378,162.42,177.45,7,716800.1441581789
Honda City,2018,709757,198457,Diesel,Individual,Manual,Third Owner,11.14,2030,71.3,121.72,5,811943.0197135424
Tata Nexon,2007,340662,123975,CNG,Individual,Automatic,First Owner,12.1,1189,194.45,186.94,4,451485.286758633
Kia Seltos,2006,551093,40819,Petrol,Individual,Automatic,First Owner,20.88,1139,180.92,296.96,5,636343.1071973097
Ford Ecosport,2016,668909,15687,CNG,Individual,Automatic,Fourth & Above Owner,30.31,2194,151.9,332.42,7,787869.142951475
Skoda Rapid,2011,1131521,60490,CNG,Individual,Manual,Third Owner,15.27,876,93.63,108.14,5,1415619.4710556783
Ford Ecosport,2007,1097734,124989,Diesel,Dealer,Manual,Third Owner,28.97,1475,74.8,285.97,4,1291859.1289577086
Volkswagen Polo,2020,1033417,91966,Electric,Dealer,Automatic,Third Owner,20.88,2354,185.35,305.06,7,1149751.9342658382
Honda City,2018,622850,190232,Petrol,Trustmark Dealer,Automatic,Second Owner,33.74,1279,152.24,221.73,7,877485.2846885463
Tata Nexon,2018,266622,177868,LPG,Individual,Automatic,Third Owner,11.5,2651,140.79,192.79,5,389319.50884931016
Mahindra XUV500,2012,50000,34028,Petrol,Individual,Manual,Third Owner,29.57,2334,93.02,187.47,4,66331.48134123992
Ford Ecosport,2015,405022,80538,LPG,Individual,Automatic,Fourth & Above Owner,13.6,2714,152.94,331.06,7,456444.2258693589
Volkswagen Polo,2008,927786,67949,Petrol,Dealer,Manual,Fourth & Above Owner,22.1,2190,109.98,288.17,4,1317940.37834489
Volkswagen Polo,2021,219714,40051,Diesel,Individual,Manual,First Owner,18.97,1098,178.66,323.84,7,297290.8571896624
Hyundai Creta,2014,493340,9451,Diesel,Dealer,Automatic,Third Owner,34.41,1493,87.48,94.91,7,714539.2198694883
Skoda Rapid,2009,759790,92197,Petrol,Dealer,Automatic,Third Owner,18.84,1242,111.5,334.99,6,907337.9115613684
Hyundai Creta,2010,939853,170310,Diesel,Dealer,Manual,Second Owner,21.79,2469,164.66,303.44,6,1059453.618959173
Ford Ecosport,2019,320143,136329,Electric,Trustmark Dealer,Automatic,First Owner,12.62,1054,79.25,288.5,7,402427.2787655244
Maruti Baleno,2020,1404795,61876,Petrol,Dealer,Manual,First Owner,23.63,1175,115.72,173.74,4,1864200.479400731
Skoda Rapid,2019,970901,59138,Diesel,Dealer,Automatic,Third Owner,31.87,2380,121.36,118.81,4,1138226.9015260772
Honda City,2007,895030,27445,Electric,Dealer,Manual,Third Owner,22.81,1953,115.9,239.66,5,1002876.7164017268
Maruti Baleno,2012,427134,131355,LPG,Dealer,Automatic,Fourth & Above Owner,28.35,2859,176.06,179.16,7,568830.5487326215
Hyundai Creta,2016,1224265,46845,LPG,Dealer,Automatic,First Owner,23.5,2795,60.56,149.79,6,1658486.241216274
Mahindra XUV500,2009,807185,91954,LPG,Trustmark Dealer,Manual,Third Owner,15.97,2179,166.5,247.5,5,1072899.489649701
Honda City,2014,791869,176937,Diesel,Dealer,Manual,First Owner,34.22,1657,191.23,306.76,5,917556.1599689986
Kia Seltos,2007,867240,81454,Diesel,Individual,Automatic,First Owner,18.25,2087,156.46,213.28,6,1029240.9738349642
Maruti Swift,2012,50000,90416,Diesel,Dealer,Automatic,Fourth & Above Owner,25.7,2730,116.24,270.08,7,68538.01910481157
Kia Seltos,2005,264350,42214,Petrol,Individual,Automatic,First Owner,34.82,1943,137.76,105.86,4,339273.349014518
Mahindra XUV500,2010,345965,5708,LPG,Individual,Automatic,First Owner,29.97,1578,143.38,327.14,5,387703.5445771302
Volkswagen Polo,2007,50000,91622,CNG,Dealer,Manual,Fourth & Above Owner,25.12,886,171.0,163.11,5,65565.09075401949
Tata Nexon,2013,1202266,74748,Petrol,Individual,Manual,Third Owner,14.22,1582,77.19,269.95,5,1364233.216806576
Maruti Swift,2023,587314,122786,Electric,Dealer,Manual,Second Owner,30.14,2047,128.69,301.16,4,868300.1520433236
Toyota Innova,2014,229500,36684,CNG,Individual,Manual,First Owner,22.02,1917,156.51,192.08,6,319005.2476259184
Toyota Innova,2021,380617,68688,LPG,Individual,Manual,Fourth & Above Owner,23.46,2312,160.96,151.01,7,481455.77457238256
Honda City,2011,597383,168234,CNG,Trustmark Dealer,Manual,Second Owner,23.28,1877,122.86,110.0,7,662454.4840520298
Toyota Innova,2015,1052829,73768,Diesel,Individual,Manual,Third Owner,24.99,1016,56.28,231.61,5,1475028.1505108615
Kia Seltos,2015,655434,175817,Electric,Trustmark Dealer,Automatic,First Owner,22.02,994,103.35,102.9,6,831512.3187665249
Mahindra XUV500,2012,360922,40121,Petrol,Trustmark Dealer,Manual,Fourth & Above Owner,31.66,1704,168.23,125.05,5,456435.63120380125
Maruti Baleno,2014,754756,32911,LPG,Trustmark Dealer,Automatic,First Owner,14.19,1701,176.16,252.47,6,1063654.077218941
Hyundai i20,2007,52136,49040,Electric,Individual,Manual,Fourth & Above Owner,23.45,826,191.85,160.9,6,69099.2249401141
Kia Seltos,2008,819472,197358,CNG,Individual,Automatic,Second Owner,22.63,1746,116.53,148.98,7,924875.8484248566
Kia Seltos,2007,894243,74388,LPG,Dealer,Manual,Second Owner,27.3,1227,135.91,342.69,7,991843.9478778978
Mahindra XUV500,2020,145733,61832,CNG,Individual,Manual,Third Owner,28.56,2541,95.88,324.11,5,209258.67048421447
Maruti Swift,2023,463780,67460,LPG,Individual,Automatic,First Owner,27.11,2591,112.69,135.45,4,574200.2434717795
Hyundai i20,2016,672359,104383,Diesel,Dealer,Manual,First Owner,21.39,1207,62.0,250.23,4,964938.8137348456
Toyota Innova,2006,718245,77734,CNG,Dealer,Manual,Second Owner,20.72,1273,121.28,278.47,5,806133.321820438
Ford Ecosport,2006,754413,115932,LPG,Trustmark Dealer,Automatic,Third Owner,17.37,2504,108.82,345.82,4,1049616.5754338957
Hyundai Creta,2010,156646,100334,Diesel,Dealer,Automatic,First Owner,22.64,2340,185.82,233.3,5,176705.08020377293
Toyota Innova,2022,1005791,175066,Diesel,Trustmark Dealer,Automatic,First Owner,20.52,2662,179.71,147.41,6,1211256.8140192777
Volkswagen Polo,2009,593204,192656,LPG,Individual,Manual,Second Owner,31.06,1064,128.05,279.66,6,824136.5730065963
Toyota Innova,2014,745053,65267,CNG,Trustmark Dealer,Automatic,Second Owner,25.99,2605,142.06,340.74,7,1006272.0971848572
Renault Duster,2014,50000,42177,Petrol,Dealer,Automatic,Fourth & Above Owner,31.89,2712,113.53,315.91,6,70654.85140573437
Hyundai i20,2012,590596,139492,LPG,Dealer,Automatic,Fourth & Above Owner,14.43,968,189.38,162.59,4,670965.0991970955
Skoda Rapid,2008,930780,45449,Electric,Individual,Manual,Third Owner,20.57,2791,106.16,114.76,4,1381832.7800575
Maruti Swift,2006,462795,125373,Petrol,Trustmark Dealer,Automatic,Second Owner,10.19,2363,129.1,128.78,6,540338.4187523262
Tata Nexon,2006,1169834,39597,Diesel,Dealer,Automatic,Second Owner,23.27,1355,193.87,184.26,6,1677496.8577626944
Mahindra XUV500,2022,701874,38280,Petrol,Individual,Manual,Third Owner,31.45,966,166.34,346.12,6,985313.4065466572
Skoda Rapid,2008,785111,129088,CNG,Individual,Manual,Third Owner,29.58,1596,147.25,217.36,6,1144234.3650591152
Mahindra XUV500,2019,978766,65480,Petrol,Trustmark Dealer,Manual,Third Owner,34.56,1992,149.47,132.09,6,1401532.5653950456
Skoda Rapid,2017,1204591,47743,LPG,Trustmark Dealer,Manual,Second Owner,18.07,2159,86.12,136.35,4,1445429.5044972005
Mahindra XUV500,2010,432686,143189,Electric,Dealer,Automatic,Second Owner,25.9,2868,162.01,304.87,4,574806.3430676543
Hyundai Creta,2009,1032187,128521,Petrol,Individual,Automatic,First Owner,24.84,1497,172.15,164.3,6,1391745.447838619
Hyundai Creta,2022,886106,52227,Petrol,Dealer,Automatic,Second Owner,27.37,2041,106.68,261.16,6,1088799.3570170046
Hyundai i20,2022,195175,186492,CNG,Individual,Automatic,Third Owner,12.41,1496,142.98,342.93,4,271301.3438191042
Volkswagen Polo,2013,888807,192415,CNG,Dealer,Automatic,Third Owner,19.77,1867,126.61,109.58,7,996119.656726453
Renault Duster,2015,892452,12220,Petrol,Individual,Manual,First Owner,11.47,1566,78.1,210.29,6,1223485.0115275478
Toyota Innova,2009,589907,101305,Petrol,Individual,Manual,First Owner,34.96,1214,73.77,241.33,5,863999.7807934246
Skoda Rapid,2015,744867,37088,LPG,Trustmark Dealer,Automatic,First Owner,19.67,2463,97.65,153.78,7,1094578.330045177
Tata Nexon,2020,1037114,75088,LPG,Individual,Manual,Third Owner,23.56,1283,111.73,279.86,6,1350206.63919828
Hyundai Creta,2019,1364382,88716,CNG,Dealer,Automatic,Fourth & Above Owner,25.02,2070,162.95,285.8,6,1512222.966666499
Maruti Swift,2010,775953,52394,Electric,Individual,Automatic,Second Owner,26.65,1088,83.17,101.32,6,1137683.6957395554
Tata Nexon,2022,1366386,7914,Electric,Trustmark Dealer,Automatic,Second Owner,14.72,1000,59.91,141.0,5,1539687.9997639318
Skoda Rapid,2016,1265253,30996,Diesel,Trustmark Dealer,Manual,Third Owner,20.13,1824,90.57,313.47,7,1681850.4236388016
Maruti Baleno,2015,126157,69872,Electric,Dealer,Manual,Fourth & Above Owner,16.39,2359,143.94,145.18,7,169500.04654465552
Mahindra XUV500,2022,331921,119010,LPG,Trustmark Dealer,Automatic,Fourth & Above Owner,28.14,2472,111.76,337.62,6,488826.4893410248
Tata Nexon,2020,842468,182501,Electric,Trustmark Dealer,Manual,Second Owner,27.05,2367,124.26,115.46,4,1136332.202419555
Mahindra XUV500,2021,634308,20637,LPG,Trustmark Dealer,Manual,Third Owner,19.1,2968,155.15,143.93,7,762342.0693312228
Ford Ecosport,2007,1071258,59025,Diesel,Trustmark Dealer,Manual,Fourth & Above Owner,17.53,1193,118.36,267.78,4,1514213.58172738
Skoda Rapid,2015,1019940,13336,CNG,Individual,Manual,Second Owner,13.3,1706,91.73,322.06,7,1381845.7729641802
Renault Duster,2005,186310,98255,Electric,Trustmark Dealer,Automatic,Second Owner,26.66,1870,198.2,347.08,6,260436.59488778727
Toyota Innova,2021,159158,5026,Diesel,Individual,Manual,Third Owner,10.32,1130,189.63,179.01,4,203911.9840014601
Maruti Swift,2016,799948,10920,Electric,Trustmark Dealer,Manual,Third Owner,11.98,1590,51.31,207.08,6,1172516.3483019453
Renault Duster,2022,1445438,97383,LPG,Individual,Manual,First Owner,19.08,2607,154.67,114.84,5,1955839.7825777824
Hyundai i20,2005,477955,48367,LPG,Dealer,Automatic,First Owner,23.13,1397,97.46,336.3,7,579544.257502231
Maruti Baleno,2012,536209,27679,CNG,Trustmark Dealer,Automatic,Second Owner,18.06,1886,146.94,220.56,5,594820.7386870867
Honda City,2008,50000,121109,Petrol,Dealer,Automatic,Third Owner,15.13,2394,151.38,143.56,4,71052.54240856573
Ford Ecosport,2007,1157474,141378,CNG,Trustmark Dealer,Manual,Second Owner,25.99,1752,101.81,245.96,4,1589814.888807161
Hyundai i20,2023,1430038,117100,LPG,Dealer,Manual,First Owner,15.86,1305,184.76,325.94,5,1703361.815610949
Toyota Innova,2022,1353341,144289,CNG,Trustmark Dealer,Manual,First Owner,18.7,1976,61.09,340.19,6,1509447.6074640616
Volkswagen Polo,2006,342826,20403,LPG,Trustmark Dealer,Manual,First Owner,20.03,1347,152.12,239.98,6,444261.6473601916
Maruti Baleno,2014,472948,97711,CNG,Trustmark Dealer,Automatic,Third Owner,10.65,1803,121.58,332.64,6,705296.8580049915
Kia Seltos,2023,560073,61621,Diesel,Individual,Manual,First Owner,32.83,2176,91.64,216.72,4,821241.0578025553
Ford Ecosport,2006,1091692,47396,Electric,Trustmark Dealer,Automatic,Third Owner,10.68,1938,85.21,95.4,7,1452329.9875950364
Toyota Innova,2016,338954,90094,CNG,Individual,Automatic,Third Owner,16.47,1693,130.07,132.16,7,438299.7619437771
Maruti Swift,2010,949619,50236,Diesel,Dealer,Manual,Second Owner,19.47,1958,97.04,321.1,7,1104248.0117762827
Toyota Innova,2016,257321,135723,LPG,Dealer,Manual,Third Owner,14.87,1635,120.86,331.49,4,293032.4569496736
Skoda Rapid,2022,1007969,11048,Electric,Trustmark Dealer,Manual,Second Owner,26.56,981,177.21,107.05,7,1497390.0450617247
Renault Duster,2017,573600,53526,Electric,Trustmark Dealer,Manual,First Owner,28.52,2119,116.9,93.92,6,712918.6113809848
Mahindra XUV500,2015,632582,53239,Petrol,Individual,Automatic,Fourth & Above Owner,26.94,1932,122.9,200.57,5,913231.8426684804
Hyundai Creta,2014,1077270,29228,LPG,Trustmark Dealer,Automatic,First Owner,29.04,1960,199.67,226.55,5,1381523.7967813353
Maruti Swift,2006,234971,136145,Petrol,Dealer,Manual,Fourth & Above Owner,14.73,1661,170.51,282.55,6,336232.0116629843
Tata Nexon,2022,346827,155524,Petrol,Dealer,Automatic,Second Owner,25.21,1417,187.68,106.02,7,413186.4734944011
Kia Seltos,2020,1253263,152732,LPG,Individual,Automatic,First Owner,14.04,2807,170.71,285.75,6,1382981.8910277036
Toyota Innova,2012,488597,5061,Diesel,Individual,Manual,First Owner,32.46,1183,152.1,244.67,6,590672.1493082874
Kia Seltos,2019,467983,144627,Electric,Dealer,Manual,Second Owner,20.64,2923,100.66,196.25,6,676569.7004278006
Volkswagen Polo,2016,162640,130442,Petrol,Individual,Automatic,Second Owner,14.68,2989,130.96,141.55,7,226132.31900305933
Hyundai Creta,2009,336925,23026,Petrol,Individual,Automatic,Fourth & Above Owner,29.64,1900,153.26,308.85,5,490843.0990420741
Hyundai i20,2014,810771,64982,Petrol,Dealer,Manual,First Owner,28.05,836,170.52,347.99,5,1134614.5105580594
Maruti Swift,2017,1082224,188328,LPG,Trustmark Dealer,Automatic,First Owner,34.77,2753,146.73,139.75,6,1400072.119097663
Volkswagen Polo,2009,973520,82704,Diesel,Dealer,Manual,Second Owner,21.2,880,101.22,309.97,7,1421196.3620473929
Hyundai i20,2016,547495,115285,LPG,Trustmark Dealer,Manual,First Owner,24.84,984,178.83,308.46,6,653530.2238024479
Hyundai Creta,2015,971879,76258,Electric,Individual,Manual,Fourth & Above Owner,11.87,1145,191.83,146.02,4,1386750.080142577
Mahindra XUV500,2012,911753,180212,Electric,Trustmark Dealer,Manual,Fourth & Above Owner,33.18,862,58.91,227.68,4,1285643.6830611513
Kia Seltos,2012,52541,13802,CNG,Individual,Manual,Fourth & Above Owner,25.28,2688,193.6,178.65,7,71862.00496963655
Maruti Swift,2022,920272,77007,LPG,Trustmark Dealer,Automatic,Second Owner,27.25,1850,90.6,312.9,4,1249756.0593708951
Toyota Innova,2015,537595,105542,CNG,Trustmark Dealer,Manual,Fourth & Above Owner,19.79,1083,101.42,262.76,7,615056.1382932357
Maruti Baleno,2021,555394,88336,LPG,Trustmark Dealer,Automatic,Second Owner,13.86,2801,131.73,259.7,5,655969.7466780758
Kia Seltos,2005,592961,25868,Diesel,Individual,Automatic,First Owner,31.82,1615,170.12,239.82,4,838245.6960514582
Volkswagen Polo,2005,134891,191198,CNG,Individual,Manual,First Owner,25.3,897,87.09,345.2,5,200845.249003477
Toyota Innova,2023,203326,10218,Petrol,Trustmark Dealer,Manual,Fourth & Above Owner,14.21,2663,58.51,301.55,5,247623.51976669524
Hyundai Creta,2018,1165859,39346,LPG,Dealer,Automatic,Third Owner,11.58,1705,101.48,328.28,7,1378163.846023441
Hyundai i20,2015,228084,55802,Petrol,Dealer,Manual,Second Owner,33.17,1097,53.96,166.94,7,332618.14747435023
Renault Duster,2010,173094,57585,Petrol,Dealer,Manual,Third Owner,28.18,2161,114.53,341.56,6,205211.41065054253
Skoda Rapid,2014,68164,45297,LPG,Dealer,Manual,Second Owner,29.34,949,71.53,148.49,4,75406.60125504927
Tata Nexon,2020,814777,76041,Electric,Individual,Manual,Third Owner,24.48,2474,125.13,114.16,4,1073483.493233584
Tata Nexon,2013,952626,31418,Petrol,Trustmark Dealer,Automatic,Second Owner,26.34,1493,198.88,104.43,7,1076101.1753872377
Hyundai Creta,2017,1240928,175117,CNG,Trustmark Dealer,Automatic,Second Owner,21.56,2006,185.2,171.84,7,1656394.8238926518
Renault Duster,2020,89009,124418,Diesel,Dealer,Manual,First Owner,12.06,2016,168.2,226.49,5,131658.01960111628
Ford Ecosport,2021,351549,119850,CNG,Dealer,Automatic,First Owner,25.03,2553,182.98,137.46,7,433839.205091084
Hyundai i20,2022,355767,163645,LPG,Dealer,Automatic,Fourth & Above Owner,27.59,1354,113.36,98.22,4,454684.9861019146
Mahindra XUV500,2010,821854,15270,Electric,Individual,Automatic,Second Owner,31.38,1794,52.84,149.73,7,1056351.3812797249
Volkswagen Polo,2011,879717,62615,CNG,Trustmark Dealer,Automatic,Third Owner,28.62,865,55.44,250.35,4,977993.3394630996
Hyundai i20,2014,850035,40694,Electric,Trustmark Dealer,Automatic,Second Owner,29.8,879,103.15,152.6,5,1025006.1033273424
Ford Ecosport,2018,1141157,27667,Petrol,Dealer,Automatic,First Owner,18.22,1806,162.13,139.44,6,1498641.4096902162
Toyota Innova,2005,306208,42727,LPG,Trustmark Dealer,Manual,First Owner,23.08,1772,104.15,124.45,5,348994.15604751254
Hyundai i20,2011,112245,84935,Electric,Trustmark Dealer,Manual,Third Owner,25.64,2371,122.0,221.09,7,151516.4273732551
Renault Duster,2021,248414,178208,Electric,Trustmark Dealer,Automatic,Third Owner,11.94,2745,64.22,153.45,4,285873.48890294245
Toyota Innova,2013,957916,38396,Electric,Trustmark Dealer,Automatic,Third Owner,27.73,2921,184.98,158.97,4,1421283.1342213606
Toyota Innova,2019,467486,192557,Electric,Trustmark Dealer,Manual,Second Owner,11.84,1637,111.34,98.36,7,687163.8785688078
Toyota Innova,2011,571822,28074,LPG,Dealer,Automatic,Fourth & Above Owner,16.44,2678,158.69,161.23,5,795508.8665251709
Hyundai Creta,2010,68163,93986,LPG,Trustmark Dealer,Automatic,Third Owner,19.29,1503,83.28,289.86,4,100948.23152327466
Skoda Rapid,2023,1204664,87198,Diesel,Individual,Manual,Second Owner,12.35,897,108.62,127.79,7,1779122.2555037043
Maruti Baleno,2022,791215,86140,LPG,Individual,Automatic,Fourth & Above Owner,22.05,2805,61.53,102.66,5,1087902.7530157752
Skoda Rapid,2012,492288,157992,Electric,Individual,Automatic,Fourth & Above Owner,26.81,2614,132.61,346.06,5,577410.7638403162
Hyundai Creta,2007,565893,170357,Diesel,Trustmark Dealer,Automatic,Third Owner,32.84,2879,84.76,101.1,6,810478.8888211183
Maruti Baleno,2023,1085687,175060,Petrol,Dealer,Manual,Fourth & Above Owner,17.5,2700,121.27,303.12,6,1542015.8492729675
Maruti Swift,2009,291440,142641,Petrol,Dealer,Automatic,First Owner,21.36,1350,56.74,170.11,5,375465.3577116881
Tata Nexon,2016,1128336,133362,LPG,Dealer,Manual,Third Owner,30.8,1601,91.77,116.32,6,1377556.333234198
Hyundai Creta,2017,820032,71864,CNG,Dealer,Manual,Fourth & Above Owner,22.63,1907,155.19,287.56,5,1222216.4139573968
Maruti Swift,2005,50000,188593,LPG,Trustmark Dealer,Manual,First Owner,29.37,2837,183.02,280.91,4,66498.81114546572
Renault Duster,2012,1115037,55286,LPG,Individual,Manual,Third Owner,18.13,1287,155.02,187.4,6,1608908.3557214402
Kia Seltos,2010,1191669,31928,Petrol,Dealer,Automatic,Second Owner,34.08,1314,151.11,274.44,4,1441242.6288755883
Tata Nexon,2011,1068381,137190,Diesel,Individual,Manual,Second Owner,27.69,887,151.99,142.11,7,1251407.9214822925
Renault Duster,2006,124561,96313,Electric,Individual,Automatic,Fourth & Above Owner,13.56,1811,84.58,192.65,7,139954.00818479154
Hyundai Creta,2009,50000,150587,Petrol,Trustmark Dealer,Manual,Fourth & Above Owner,21.17,1572,93.41,235.9,6,57863.90739280833
Ford Ecosport,2009,678664,112420,CNG,Trustmark Dealer,Manual,Fourth & Above Owner,20.57,1486,132.3,120.51,6,814042.3592842197
Volkswagen Polo,2006,50000,193569,LPG,Dealer,Manual,First Owner,20.14,1815,176.17,344.48,5,66483.10434287097
Maruti Baleno,2008,1148746,167694,LPG,Trustmark Dealer,Automatic,Second Owner,28.69,1296,142.09,158.91,6,1505368.1909117338
Honda City,2005,896122,183830,Petrol,Individual,Automatic,Fourth & Above Owner,24.53,1282,65.05,344.84,7,1039244.4503559854
Mahindra XUV500,2021,728050,142988,Diesel,Individual,Manual,Fourth & Above Owner,11.93,1398,157.14,295.22,6,1047045.7458811194
Hyundai i20,2008,50000,118263,CNG,Trustmark Dealer,Manual,Fourth & Above Owner,26.96,1220,149.59,116.68,5,56328.93956333792
Ford Ecosport,2016,523633,95280,CNG,Individual,Automatic,Fourth & Above Owner,15.5,2367,94.21,283.65,7,782436.3852211315
Maruti Swift,2014,238317,110622,CNG,Individual,Automatic,Fourth & Above Owner,34.06,2416,141.69,248.52,6,330176.6710955991
Hyundai i20,2013,624829,107952,LPG,Dealer,Automatic,Third Owner,27.06,1215,58.66,256.28,5,932278.7724245676
Ford Ecosport,2013,255280,54002,Electric,Individual,Automatic,First Owner,10.1,1040,139.21,207.54,5,338968.124440394
Honda City,2013,701035,188149,Petrol,Individual,Automatic,First Owner,30.05,2715,91.38,240.58,6,887364.4635093102
Maruti Swift,2020,432904,65143,Electric,Individual,Manual,First Owner,33.12,2979,63.27,266.84,4,647099.0059390741
Mahindra XUV500,2021,1056703,66783,Electric,Trustmark Dealer,Automatic,Third Owner,19.98,1376,77.91,246.42,4,1357962.9674529475
Maruti Swift,2018,245634,176871,LPG,Dealer,Automatic,First Owner,16.09,1232,119.4,228.16,6,275833.7287030732
Honda City,2019,1322294,42900,Electric,Dealer,Manual,Third Owner,32.69,2671,158.91,300.21,7,1758153.0500266189
Hyundai Creta,2015,350510,97800,Petrol,Trustmark Dealer,Manual,Third Owner,11.66,2678,67.56,270.28,7,461724.1291085283
Tata Nexon,2009,354706,30149,Petrol,Trustmark Dealer,Manual,Third Owner,29.88,855,199.18,320.02,7,470247.6185616431
Honda City,2018,846053,86320,LPG,Individual,Automatic,First Owner,12.44,1228,60.59,295.09,4,1191576.3901501417
Hyundai Creta,2020,505954,188672,LPG,Individual,Automatic,Fourth & Above Owner,17.64,1278,123.8,177.01,6,572781.901254981
Hyundai Creta,2013,159619,104304,Petrol,Trustmark Dealer,Manual,First Owner,31.38,1667,86.16,337.99,5,222901.75537943607
Hyundai Creta,2007,835527,29414,LPG,Dealer,Automatic,Fourth & Above Owner,31.13,913,111.25,169.0,7,1131336.0840309465
Hyundai i20,2021,705536,36076,Diesel,Individual,Automatic,First Owner,10.09,2964,187.93,237.25,5,1039687.91152447
Maruti Baleno,2023,179916,66379,Electric,Individual,Automatic,First Owner,30.45,1045,142.06,136.49,6,209584.4492551973
Honda City,2022,429394,50653,Electric,Trustmark Dealer,Automatic,Fourth & Above Owner,13.34,2344,51.01,322.8,7,488863.06900343526
Honda City,2017,166335,118058,CNG,Trustmark Dealer,Manual,Third Owner,19.51,1997,101.1,304.98,5,240915.4594023378
Maruti Baleno,2011,55434,31817,CNG,Dealer,Manual,First Owner,16.81,1447,154.73,336.74,4,82674.81762576953
Kia Seltos,2008,144869,149351,Diesel,Trustmark Dealer,Manual,Fourth & Above Owner,21.33,2179,135.35,316.01,5,184419.53024896653
Tata Nexon,2013,530588,178503,Electric,Trustmark Dealer,Automatic,First Owner,27.38,1105,72.41,247.15,7,744470.9700905973
Volkswagen Polo,2005,50000,153085,Electric,Trustmark Dealer,Manual,First Owner,29.57,2663,161.43,319.02,6,73870.34749366151
Maruti Swift,2006,982943,147767,LPG,Individual,Manual,First Owner,14.12,1988,142.49,302.62,6,1135315.2707234314
Hyundai i20,2022,1398338,182480,LPG,Individual,Manual,Second Owner,23.65,1738,141.59,191.52,5,1818864.5939672664
Honda City,2005,549305,175836,CNG,Individual,Manual,Second Owner,23.46,2217,179.24,100.19,7,800438.5398644585
Maruti Baleno,2014,307922,196582,Diesel,Trustmark Dealer,Automatic,Fourth & Above Owner,10.25,1477,186.36,303.28,4,373110.5820259682
Maruti Baleno,2023,1294372,61898,Diesel,Individual,Automatic,Third Owner,27.11,2979,65.16,113.77,4,1774665.218436985
Honda City,2008,459945,86440,Diesel,Dealer,Automatic,Third Owner,11.34,2614,93.27,91.6,5,580277.3029049238
Kia Seltos,2007,293491,102616,LPG,Dealer,Manual,First Owner,23.36,2279,70.51,291.41,5,435899.4192658913
Volkswagen Polo,2020,272256,8270,Diesel,Trustmark Dealer,Automatic,Third Owner,16.84,1173,130.97,148.23,4,305168.4784217546
Toyota Innova,2008,598210,110551,Petrol,Dealer,Automatic,Second Owner,11.68,1014,162.26,296.07,7,712758.3488862484
Honda City,2023,1293739,103922,Electric,Trustmark Dealer,Automatic,Second Owner,24.91,2603,96.99,152.66,5,1788588.312873686
Skoda Rapid,2009,50000,131006,LPG,Dealer,Manual,Third Owner,20.76,2357,105.0,218.96,7,69618.05060496023
Kia Seltos,2021,1280613,30206,Diesel,Dealer,Manual,Second Owner,32.22,1946,198.07,251.95,7,1907489.884097373
Toyota Innova,2013,728727,145204,CNG,Dealer,Automatic,Third Owner,32.13,1060,102.7,325.99,4,867632.303661258
Mahindra XUV500,2010,576778,185355,Diesel,Dealer,Automatic,Fourth & Above Owner,33.97,1327,115.09,121.36,4,656828.4036920496
Renault Duster,2010,715250,88306,LPG,Dealer,Automatic,Second Owner,14.24,2348,78.67,267.84,4,978293.7800420392
Ford Ecosport,2007,50000,182379,Petrol,Individual,Manual,Second Owner,25.31,1371,110.75,290.01,4,62266.000984906925
Honda City,2014,997917,81081,CNG,Trustmark Dealer,Manual,Fourth & Above Owner,26.1,1173,62.53,190.74,5,1325745.8868170164
Tata Nexon,2013,1110082,178104,Petrol,Trustmark Dealer,Automatic,Fourth & Above Owner,22.69,2956,70.17,94.25,5,1585858.5714471715
Maruti Baleno,2021,803321,183421,CNG,Individual,Automatic,Fourth & Above Owner,23.48,1928,180.29,323.92,6,943578.9411060432
Honda City,2007,842721,33605,Petrol,Trustmark Dealer,Manual,Second Owner,17.9,1845,101.99,184.48,7,1017238.8789238674
Honda City,2007,388230,22697,Petrol,Individual,Manual,Second Owner,25.67,2477,155.14,109.1,6,474777.9294686028
Mahindra XUV500,2023,1205296,28653,CNG,Dealer,Automatic,First Owner,19.15,1365,117.39,233.43,7,1745792.7219232218
Volkswagen Polo,2011,820997,27535,CNG,Trustmark Dealer,Manual,Third Owner,27.92,2363,185.09,253.43,4,964726.3775515378
Volkswagen Polo,2016,581162,178285,CNG,Dealer,Automatic,Fourth & Above Owner,10.07,2302,54.9,98.07,4,776220.4850935915
Honda City,2005,50000,64670,LPG,Dealer,Manual,Third Owner,10.32,1748,71.44,178.17,5,72824.52723597237
Mahindra XUV500,2005,856134,29551,Petrol,Dealer,Automatic,Third Owner,29.84,2183,179.75,191.62,6,1161299.8022101824
Kia Seltos,2007,326042,185673,Petrol,Individual,Automatic,Second Owner,17.16,2219,170.47,103.01,4,366017.9396825522
Mahindra XUV500,2010,566113,34922,Petrol,Dealer,Automatic,Fourth & Above Owner,30.15,1595,50.17,128.17,4,779086.9008221979
Hyundai i20,2019,561635,116118,LPG,Dealer,Automatic,Third Owner,29.57,1042,159.65,300.33,6,733778.7405810425
Ford Ecosport,2019,518400,57121,Petrol,Individual,Manual,Second Owner,28.21,2308,83.08,115.68,7,693813.9296656018
Mahindra XUV500,2016,549797,45776,Petrol,Dealer,Manual,Second Owner,18.65,2545,83.92,236.78,7,650278.9862681789
Hyundai i20,2016,153159,58378,CNG,Individual,Manual,Third Owner,26.27,1725,188.11,111.07,6,196639.17027387096
Maruti Swift,2013,1072684,135892,Electric,Dealer,Automatic,Second Owner,31.08,1616,87.38,346.56,4,1504243.7856080506
Kia Seltos,2006,92483,135362,LPG,Trustmark Dealer,Automatic,Third Owner,14.05,951,186.41,248.6,6,135718.60724785406
Toyota Innova,2021,241440,180524,LPG,Individual,Automatic,First Owner,23.23,2142,199.62,171.47,5,267368.824733036
Renault Duster,2013,779899,102218,CNG,Dealer,Automatic,Third Owner,22.36,2458,57.44,307.27,6,942109.2626013652
Honda City,2017,1138890,184331,CNG,Individual,Automatic,Fourth & Above Owner,26.73,1682,174.55,312.55,6,1417544.9272095747
Maruti Baleno,2018,953523,167501,CNG,Trustmark Dealer,Automatic,Fourth & Above Owner,10.51,1965,126.18,239.03,6,1228738.5857798725
Maruti Swift,2022,845977,26238,Petrol,Dealer,Automatic,Third Owner,28.1,2453,123.37,142.03,7,1232322.7540292847
Hyundai i20,2009,263579,161884,Electric,Dealer,Manual,Fourth & Above Owner,28.88,807,70.81,278.06,7,305805.3132867212
Hyundai i20,2009,254750,33105,Petrol,Trustmark Dealer,Automatic,First Owner,34.64,918,74.24,297.93,4,370810.2985640735
Kia Seltos,2008,311395,152161,Diesel,Dealer,Automatic,Fourth & Above Owner,21.56,2796,80.16,235.67,5,449473.4468506769
Volkswagen Polo,2012,1018544,70702,Petrol,Dealer,Automatic,Second Owner,27.65,2769,106.64,158.65,6,1158514.4254800966
Renault Duster,2018,1175140,67622,Diesel,Trustmark Dealer,Manual,First Owner,15.84,1009,105.37,114.34,4,1544468.0645442274
Maruti Baleno,2019,1371504,98470,Petrol,Trustmark Dealer,Manual,Third Owner,20.75,2841,184.01,349.7,4,1973580.6030696945
Kia Seltos,2005,828264,10824,Diesel,Individual,Manual,Second Owner,33.44,1622,176.76,114.51,7,1239146.02215196
Renault Duster,2009,810654,90840,Petrol,Individual,Manual,Second Owner,34.37,2484,197.93,326.4,7,1208873.2828622556
Maruti Swift,2008,76216,87665,Diesel,Trustmark Dealer,Automatic,Third Owner,16.03,1923,141.75,347.28,5,99474.78576703677
Skoda Rapid,2014,513511,74055,Electric,Trustmark Dealer,Automatic,Fourth & Above Owner,26.7,975,144.69,113.73,7,566923.4343422584
Skoda Rapid,2013,508512,168603,LPG,Individual,Automatic,Third Owner,28.83,2038,91.28,314.68,4,699913.6213096646
Hyundai i20,2018,621715,156939,LPG,Trustmark Dealer,Manual,First Owner,25.23,2161,151.47,241.5,5,932542.4911626322
Mahindra XUV500,2005,50000,131247,Diesel,Dealer,Manual,Third Owner,27.6,1905,180.85,135.36,6,57305.455525246776
Toyota Innova,2016,1090117,156766,Petrol,Trustmark Dealer,Manual,Fourth & Above Owner,32.25,1427,179.59,349.92,5,1591956.7706002835
Mahindra XUV500,2023,568385,143459,Diesel,Dealer,Automatic,First Owner,10.26,2572,127.07,347.25,6,784586.6486606519
Ford Ecosport,2023,778857,186079,Electric,Dealer,Automatic,Second Owner,25.85,1590,139.16,116.75,4,901180.62491472
Maruti Baleno,2018,138370,101227,Electric,Individual,Automatic,First Owner,26.19,2255,109.11,327.55,5,204456.7677525713
Honda City,2022,495774,112928,Petrol,Individual,Automatic,Third Owner,23.61,1638,186.53,130.75,4,727779.8918840697
Tata Nexon,2014,625040,182734,CNG,Dealer,Manual,Second Owner,20.19,1280,133.68,324.89,5,864037.8327377194
Maruti Swift,2015,678772,31694,Diesel,Dealer,Manual,First Owner,14.91,1581,77.96,346.62,6,810348.4806258666
Volkswagen Polo,2019,828654,118588,Diesel,Trustmark Dealer,Automatic,Second Owner,26.17,2208,156.82,146.6,4,1012545.4262974382
Tata Nexon,2005,50000,169682,LPG,Trustmark Dealer,Automatic,Second Owner,18.89,2703,81.07,271.5,5,56248.85721189412
Mahindra XUV500,2018,526058,185059,Petrol,Trustmark Dealer,Manual,First Owner,29.26,2695,168.3,274.86,5,738941.6264097015
Maruti Baleno,2022,1306613,113682,Petrol,Trustmark Dealer,Manual,First Owner,12.16,2701,163.93,208.04,5,1740551.2113299293
Skoda Rapid,2009,317840,178003,CNG,Trustmark Dealer,Manual,Third Owner,18.89,2791,170.59,105.49,4,419407.4068007964
Skoda Rapid,2016,974079,46040,Diesel,Dealer,Automatic,First Owner,20.63,1507,193.15,234.17,7,1439391.4265753056
Volkswagen Polo,2008,229750,106448,Petrol,Individual,Automatic,Fourth & Above Owner,33.93,867,171.89,272.02,7,262243.5687068408
Skoda Rapid,2005,1034600,124646,CNG,Trustmark Dealer,Automatic,Fourth & Above Owner,30.18,2870,55.39,295.39,6,1345228.324981977
Hyundai Creta,2018,957490,62749,Electric,Individual,Manual,Third Owner,19.97,1429,64.27,171.16,4,1068892.3143199077
Volkswagen Polo,2009,50000,45126,CNG,Individual,Manual,First Owner,32.6,949,85.5,206.05,6,57030.11210655103
Maruti Baleno,2011,158330,121535,LPG,Dealer,Automatic,Second Owner,32.49,2428,110.24,338.87,7,197098.4692471969
Kia Seltos,2021,658420,67424,Diesel,Trustmark Dealer,Automatic,Second Owner,21.72,1526,181.43,335.9,4,918438.344399922
Toyota Innova,2016,1075112,158483,LPG,Dealer,Manual,Fourth & Above Owner,12.42,984,154.33,104.72,4,1333355.1303902906
Volkswagen Polo,2010,327029,27060,Diesel,Individual,Automatic,Third Owner,18.94,1966,188.88,330.17,4,391806.6014692794
Maruti Baleno,2014,1187127,49702,Petrol,Individual,Manual,Second Owner,18.1,2966,177.04,253.75,7,1364942.426424853
Ford Ecosport,2020,1371311,48761,Diesel,Trustmark Dealer,Automatic,Fourth & Above Owner,18.4,2720,132.36,288.45,6,2016752.074329035
Tata Nexon,2019,336794,28585,Electric,Dealer,Manual,Third Owner,17.33,1526,126.66,266.32,4,461419.7856047026
Maruti Baleno,2021,1172926,19437,Electric,Trustmark Dealer,Manual,Fourth & Above Owner,10.18,2222,193.62,90.23,5,1756239.9675198162
Kia Seltos,2011,433271,99961,Electric,Individual,Manual,Second Owner,19.88,1558,117.61,275.01,7,536548.3627011714
Skoda Rapid,2012,92415,71872,Electric,Dealer,Automatic,First Owner,11.3,1366,186.42,243.77,7,111235.18739028976
Maruti Baleno,2016,722411,154422,CNG,Individual,Automatic,Second Owner,30.45,2689,91.83,119.58,5,869580.2844148482
Volkswagen Polo,2020,181926,123032,Petrol,Trustmark Dealer,Manual,Third Owner,25.36,2385,118.92,90.28,5,248225.04348382927
Renault Duster,2013,954831,106383,Electric,Trustmark Dealer,Automatic,Third Owner,12.17,2279,102.96,196.29,4,1090775.3557887175
Tata Nexon,2011,634724,70604,Diesel,Dealer,Automatic,Second Owner,11.51,1633,115.56,308.96,6,886519.046664891
Hyundai Creta,2005,50000,98239,Diesel,Trustmark Dealer,Automatic,First Owner,22.93,2234,98.09,300.08,4,73502.86320492077
Hyundai Creta,2010,50000,139490,LPG,Trustmark Dealer,Automatic,First Owner,10.65,2234,156.74,253.05,5,61106.28866176457
Ford Ecosport,2011,1216888,27831,Petrol,Trustmark Dealer,Manual,Second Owner,23.29,1749,91.78,145.13,4,1518327.0096790553
Tata Nexon,2022,1049696,146788,LPG,Dealer,Manual,Fourth & Above Owner,21.63,1445,109.59,92.5,5,1301505.1182106494
Tata Nexon,2021,1285938,20635,Electric,Dealer,Manual,Second Owner,14.23,1753,73.88,144.84,4,1746658.8959977045
Volkswagen Polo,2015,1046558,135493,Electric,Individual,Automatic,First Owner,34.54,1154,132.09,338.58,6,1188337.830415135
Mahindra XUV500,2015,406068,162099,Diesel,Dealer,Automatic,First Owner,28.0,2113,72.04,128.54,7,507691.032286608
Volkswagen Polo,2022,935689,89329,LPG,Dealer,Manual,Third Owner,21.6,976,103.12,126.14,5,1273240.2927407774
Honda City,2005,260026,188764,CNG,Dealer,Manual,Third Owner,29.46,2823,86.94,339.05,5,296211.06063182955
Mahindra XUV500,2007,962405,47983,Diesel,Individual,Manual,Third Owner,32.98,1343,110.93,207.41,4,1133465.8360197025
Kia Seltos,2009,564567,69077,CNG,Dealer,Manual,Fourth & Above Owner,13.97,1223,168.24,283.13,7,703834.0726472693
Renault Duster,2018,292789,100393,Diesel,Trustmark Dealer,Automatic,First Owner,30.95,2919,198.66,333.09,6,358773.9837451774
Skoda Rapid,2010,1153238,62821,Petrol,Trustmark Dealer,Automatic,First Owner,13.72,2290,195.3,156.31,7,1291147.543259997
Honda City,2017,1012150,160161,CNG,Dealer,Automatic,First Owner,17.87,2465,126.66,123.74,6,1408585.0202058186
Hyundai Creta,2022,1435417,127844,Petrol,Trustmark Dealer,Automatic,Third Owner,29.5,2464,78.66,155.86,6,1591171.1331112224
Hyundai Creta,2019,1371543,84616,Electric,Trustmark Dealer,Manual,Third Owner,19.98,912,171.92,274.11,4,1644648.7525520253
Volkswagen Polo,2022,725268,87771,Electric,Dealer,Manual,Fourth & Above Owner,30.58,2366,172.71,295.2,5,947203.0522651174
Volkswagen Polo,2018,50000,24760,Electric,Dealer,Automatic,Third Owner,31.75,2870,126.15,277.94,5,73582.59885777353
Renault Duster,2015,179118,101976,CNG,Trustmark Dealer,Automatic,Second Owner,26.82,1028,122.4,270.12,6,217914.82604099475
Renault Duster,2007,771652,165521,LPG,Individual,Automatic,Second Owner,30.87,2373,58.99,164.12,7,933185.2228153264
Toyota Innova,2009,50000,51145,CNG,Trustmark Dealer,Manual,Third Owner,25.99,2031,169.0,280.65,4,59370.33687521151
Renault Duster,2007,688958,134191,Diesel,Individual,Automatic,Fourth & Above Owner,26.12,1628,88.81,143.42,5,1003511.67499429
Tata Nexon,2007,54384,60112,Petrol,Individual,Manual,Second Owner,11.93,1231,176.41,185.45,5,78920.0679931922
Maruti Baleno,2019,507747,136764,CNG,Dealer,Automatic,Fourth & Above Owner,28.44,1814,126.43,203.7,5,635066.7074412545
Hyundai i20,2008,820509,9943,LPG,Dealer,Manual,Third Owner,18.79,2338,93.09,254.22,6,1218698.9598617607
Volkswagen Polo,2009,429899,168999,Petrol,Individual,Automatic,Second Owner,28.88,1122,171.59,193.19,5,482105.6541099745
Tata Nexon,2010,811829,14554,Petrol,Trustmark Dealer,Automatic,Third Owner,22.16,2725,87.56,116.03,4,1153081.2939149612
Kia Seltos,2007,733675,124969,LPG,Dealer,Automatic,Second Owner,15.52,1992,105.94,267.74,6,958485.2726871612
Hyundai i20,2015,541886,106760,LPG,Dealer,Manual,Third Owner,18.53,1080,147.7,167.9,4,794745.4691951737
Maruti Baleno,2023,787389,94676,LPG,Dealer,Manual,Third Owner,28.18,1278,122.09,141.72,4,1135068.3507115543
Ford Ecosport,2005,574653,55447,Petrol,Trustmark Dealer,Automatic,Third Owner,26.21,809,115.67,270.96,7,794757.032997275
Kia Seltos,2017,869898,99114,Electric,Trustmark Dealer,Automatic,Fourth & Above Owner,34.34,1570,143.18,220.34,4,1159284.2703520833
Ford Ecosport,2013,838854,57482,Electric,Dealer,Automatic,Third Owner,21.46,1029,145.13,138.93,5,927240.6376287028
Ford Ecosport,2006,609186,105130,Electric,Dealer,Manual,Fourth & Above Owner,25.39,2292,185.79,242.88,5,823134.3572141271
Mahindra XUV500,2011,217849,75512,Diesel,Trustmark Dealer,Automatic,Fourth & Above Owner,28.19,1698,120.49,335.54,6,254095.4725223853
Toyota Innova,2010,614368,51751,Petrol,Individual,Automatic,Fourth & Above Owner,16.54,1239,72.8,162.2,7,857524.7811592097
Maruti Swift,2006,869644,72444,Petrol,Trustmark Dealer,Automatic,Third Owner,30.08,1540,183.91,167.6,6,1198166.4000790664
Honda City,2008,50000,134301,Electric,Dealer,Manual,Third Owner,18.68,2867,174.67,257.57,5,64598.9035575864
Tata Nexon,2012,569597,115100,Electric,Trustmark Dealer,Automatic,Second Owner,30.08,1004,163.68,123.05,7,638367.3619385496
Tata Nexon,2022,300904,47637,Petrol,Dealer,Manual,Second Owner,31.24,1339,147.35,160.41,6,377606.0986309816
Renault Duster,2023,1105913,33585,LPG,Individual,Manual,Third Owner,23.9,2796,189.52,261.03,6,1548505.0977491096
Honda City,2022,864963,5275,Diesel,Trustmark Dealer,Manual,Third Owner,11.65,995,196.52,236.77,5,1036313.747179336
Kia Seltos,2021,388666,15990,Electric,Trustmark Dealer,Automatic,Third Owner,33.95,1620,160.19,94.24,4,541085.7640813868
Maruti Baleno,2009,50000,180315,Electric,Dealer,Automatic,Fourth & Above Owner,22.74,1001,124.78,119.12,6,65637.71388553594
Skoda Rapid,2013,682935,50839,Electric,Individual,Automatic,Fourth & Above Owner,33.05,1797,199.26,224.91,6,845161.9507851611
Skoda Rapid,2016,1168666,12617,LPG,Trustmark Dealer,Automatic,Third Owner,23.02,1311,83.57,158.57,4,1385005.2364067296
Mahindra XUV500,2013,497703,9804,Diesel,Individual,Automatic,Third Owner,10.38,2148,63.04,284.3,7,613233.5534227957
Ford Ecosport,2020,1187412,21766,Electric,Individual,Automatic,Third Owner,27.08,1024,139.79,149.59,7,1414278.204525891
Skoda Rapid,2007,74265,14741,Electric,Dealer,Automatic,Fourth & Above Owner,12.47,2113,151.55,166.74,6,107759.67150003611
Mahindra XUV500,2010,635321,46917,CNG,Trustmark Dealer,Automatic,Third Owner,15.59,950,121.29,290.12,7,920899.9469334132
Skoda Rapid,2013,513238,64607,Diesel,Dealer,Automatic,First Owner,11.31,929,120.2,224.79,6,614175.7901644309
Maruti Baleno,2022,1187358,124771,LPG,Dealer,Manual,First Owner,24.24,2403,155.74,155.27,4,1336882.070490753
Mahindra XUV500,2014,402606,72257,CNG,Trustmark Dealer,Automatic,First Owner,10.77,809,195.97,123.27,4,452401.8859631864
Hyundai Creta,2016,445393,160457,LPG,Individual,Automatic,Third Owner,22.68,1786,183.96,266.78,6,605895.9297197667
Renault Duster,2008,50000,20395,Petrol,Trustmark Dealer,Automatic,Third Owner,26.13,2763,105.13,146.79,5,65317.11436379428
Volkswagen Polo,2013,1196538,84538,LPG,Individual,Automatic,Fourth & Above Owner,15.2,2117,168.23,303.7,5,1643535.010754472
Renault Duster,2018,411149,144643,Petrol,Trustmark Dealer,Automatic,First Owner,19.9,2873,182.8,107.11,5,526677.0455983093
Volkswagen Polo,2023,844418,64006,Electric,Individual,Manual,Third Owner,31.07,1063,181.97,200.98,5,950965.5617368624
Volkswagen Polo,2018,355419,32701,CNG,Dealer,Automatic,First Owner,16.68,2944,68.66,182.52,7,433899.58519943024
Volkswagen Polo,2019,75286,51379,Diesel,Dealer,Manual,Second Owner,19.34,1038,109.67,254.54,7,98469.08718745616
Volkswagen Polo,2008,804841,90620,Diesel,Individual,Automatic,First Owner,33.99,2321,113.55,279.18,7,1066541.0356827453
Kia Seltos,2015,718112,199852,LPG,Individual,Manual,Third Owner,19.38,2988,53.49,225.99,4,920072.3735162398
Honda City,2006,362452,9842,Petrol,Individual,Automatic,First Owner,32.03,2433,154.64,282.41,7,528063.5096746925
Kia Seltos,2010,600207,144858,Diesel,Trustmark Dealer,Manual,Third Owner,23.44,2092,88.04,227.36,6,667327.4802791998
Tata Nexon,2019,428495,123331,Electric,Dealer,Manual,Third Owner,11.89,1336,79.15,193.7,5,591184.29215682
Mahindra XUV500,2023,677235,105381,Petrol,Trustmark Dealer,Automatic,First Owner,31.3,953,161.15,152.65,5,938883.5186973492
Ford Ecosport,2008,757570,123026,Diesel,Trustmark Dealer,Automatic,Second Owner,31.82,2120,198.07,264.04,5,876601.6564042917
Renault Duster,2018,1349569,56036,Diesel,Dealer,Manual,Fourth & Above Owner,13.75,1110,175.78,166.32,6,1908897.8736917973
Maruti Baleno,2015,325491,110500,CNG,Dealer,Manual,First Owner,28.04,1246,125.22,263.8,6,436446.502615171
Kia Seltos,2010,918357,16675,CNG,Trustmark Dealer,Automatic,First Owner,20.6,1172,182.69,167.49,6,1244028.3573202149
Maruti Baleno,2021,149931,117614,LPG,Dealer,Automatic,Fourth & Above Owner,30.05,1629,160.39,128.81,5,171253.87835044487
Renault Duster,2011,1177619,41729,Petrol,Trustmark Dealer,Manual,Fourth & Above Owner,14.78,1449,195.92,349.87,4,1585315.7312598708
Hyundai i20,2013,104458,169911,LPG,Trustmark Dealer,Automatic,Third Owner,12.19,1947,65.13,111.45,5,149403.6352625242
Toyota Innova,2021,841998,68658,LPG,Dealer,Manual,First Owner,16.44,2652,70.26,190.35,5,1047285.175711191
Tata Nexon,2007,151100,162564,Diesel,Dealer,Manual,Third Owner,18.91,2797,177.25,333.81,4,213121.51848083624
Hyundai i20,2016,1167035,114823,Diesel,Individual,Automatic,First Owner,13.49,1293,73.94,193.02,5,1352090.8151659
Mahindra XUV500,2007,200595,194527,Diesel,Trustmark Dealer,Manual,First Owner,15.98,2408,123.05,248.22,6,236543.2890960656
Maruti Baleno,2022,902267,109316,Electric,Individual,Automatic,Fourth & Above Owner,19.88,1642,98.98,198.97,7,1050332.227828634
Honda City,2008,132541,110762,Electric,Individual,Automatic,First Owner,27.25,1750,53.64,147.71,6,196699.0666763033
Ford Ecosport,2016,814991,115185,LPG,Trustmark Dealer,Automatic,Third Owner,18.07,1458,170.17,274.09,4,1162717.1544281067
Tata Nexon,2016,368648,68449,Diesel,Individual,Automatic,Fourth & Above Owner,32.43,2373,79.46,179.19,5,505295.4780500436
Hyundai i20,2020,991129,123932,Electric,Individual,Automatic,Fourth & Above Owner,26.49,2862,122.2,270.25,4,1205497.6994993342
Hyundai i20,2023,182792,195624,CNG,Dealer,Automatic,Third Owner,20.84,2016,87.37,291.39,7,220131.0974591445
Hyundai i20,2005,188989,54121,Petrol,Dealer,Automatic,Fourth & Above Owner,15.71,2395,92.04,103.61,4,276630.95838482946
Skoda Rapid,2011,700953,119598,CNG,Trustmark Dealer,Automatic,Second Owner,11.89,1580,72.16,233.56,7,808498.5746939857
Renault Duster,2013,176454,103202,CNG,Trustmark Dealer,Automatic,First Owner,17.52,2161,130.33,119.59,7,195649.8200094843
Volkswagen Polo,2019,220729,54715,CNG,Trustmark Dealer,Manual,Third Owner,31.33,1850,136.43,107.94,5,283949.62273820373
Toyota Innova,2008,435987,79640,LPG,Individual,Manual,Third Owner,16.34,2170,148.93,118.58,7,586811.8711431071
Maruti Swift,2016,50000,96596,CNG,Dealer,Manual,Second Owner,13.03,897,177.82,145.38,7,73334.09917263627
Renault Duster,2013,528807,25219,CNG,Individual,Automatic,Fourth & Above Owner,15.51,2883,152.15,121.4,6,667042.7460558896
Renault Duster,2020,959932,112399,Diesel,Trustmark Dealer,Automatic,Fourth & Above Owner,11.44,1617,62.99,307.8,7,1256921.2822822127
Tata Nexon,2021,1177620,138645,Petrol,Trustmark Dealer,Automatic,Second Owner,31.7,2356,196.97,160.14,4,1384544.372848699
Maruti Baleno,2016,1223920,193339,LPG,Trustmark Dealer,Automatic,Second Owner,32.6,1500,169.37,273.28,6,1673151.3737565302
Tata Nexon,2017,1033634,90605,LPG,Trustmark Dealer,Automatic,Fourth & Above Owner,30.37,2112,170.66,114.97,7,1457112.4524833923
Renault Duster,2007,222048,120914,Diesel,Individual,Manual,Third Owner,28.38,1319,102.39,140.53,5,293931.70872059616
Skoda Rapid,2012,50000,76843,CNG,Dealer,Manual,Third Owner,34.67,1653,72.49,248.66,6,66885.1704619607
Kia Seltos,2008,222914,146657,Electric,Dealer,Manual,First Owner,32.19,1585,143.7,314.19,5,248811.7625499646
Ford Ecosport,2007,139830,91834,LPG,Individual,Manual,First Owner,12.92,2872,173.99,141.56,7,205406.7555239904
Kia Seltos,2008,388869,10757,LPG,Trustmark Dealer,Manual,Third Owner,27.69,2470,129.4,102.19,5,502414.26318212575
Maruti Swift,2017,301780,63470,LPG,Trustmark Dealer,Automatic,Third Owner,33.62,1419,172.15,314.76,7,390802.7197450769
Hyundai i20,2006,813412,163202,LPG,Individual,Automatic,Second Owner,32.87,958,196.86,132.58,5,968208.5943376452
Maruti Swift,2007,1012901,79759,Diesel,Dealer,Manual,Second Owner,21.2,2173,144.41,156.83,4,1504423.5535901117
Hyundai i20,2007,160532,101678,Electric,Dealer,Automatic,Third Owner,16.29,2586,67.1,226.1,7,233264.07767296297
Skoda Rapid,2013,1228717,18234,LPG,Dealer,Manual,First Owner,14.11,1974,192.56,110.13,7,1635421.985900944
Hyundai Creta,2011,265834,20180,LPG,Dealer,Automatic,Third Owner,14.03,2803,178.08,292.81,5,317470.9345887905
Mahindra XUV500,2016,817084,102752,Diesel,Dealer,Manual,First Owner,13.4,2682,187.06,217.97,5,1094929.240303202
Renault Duster,2023,639759,18158,LPG,Trustmark Dealer,Automatic,Third Owner,10.21,1868,196.15,346.78,7,883718.8408148456
Skoda Rapid,2006,733387,125830,Electric,Dealer,Automatic,Fourth & Above Owner,27.22,1923,103.37,116.66,4,1003306.0336751344
Skoda Rapid,2019,214078,153706,Diesel,Dealer,Manual,Fourth & Above Owner,32.3,2793,68.81,184.9,4,242063.103584058
Maruti Swift,2020,387734,89700,LPG,Trustmark Dealer,Manual,Fourth & Above Owner,11.33,1438,195.05,192.57,4,537345.9849600823
Hyundai Creta,2016,989788,81210,CNG,Dealer,Manual,Third Owner,34.57,2968,104.11,330.91,5,1427222.405548524
Honda City,2011,362518,96012,CNG,Trustmark Dealer,Automatic,First Owner,12.68,2425,193.87,266.23,5,439600.85597997776
Volkswagen Polo,2005,50000,76188,Electric,Individual,Manual,Fourth & Above Owner,11.12,2100,138.73,108.58,7,70702.60345175328
Honda City,2013,653024,15113,LPG,Trustmark Dealer,Manual,Third Owner,27.0,1774,157.9,285.4,4,950520.0870426366
Mahindra XUV500,2005,50000,177586,LPG,Dealer,Automatic,Fourth & Above Owner,14.42,858,143.88,330.04,7,55793.657359690886
Renault Duster,2017,56933,48562,Diesel,Individual,Automatic,Third Owner,33.59,1977,143.6,342.86,4,75466.26844957894
Toyota Innova,2006,50000,143398,LPG,Trustmark Dealer,Manual,First Owner,18.79,1888,138.39,195.78,4,59982.428993360256
Skoda Rapid,2023,1032028,166015,Petrol,Trustmark Dealer,Manual,First Owner,34.92,2666,100.26,134.93,5,1428311.6076067698
Renault Duster,2015,1041744,35414,CNG,Individual,Manual,First Owner,13.46,1554,171.73,209.96,4,1251593.5489520277
Hyundai i20,2015,384878,54999,Electric,Dealer,Manual,Fourth & Above Owner,20.02,1044,168.74,155.1,7,560693.4471109841
Mahindra XUV500,2013,1106798,105241,Electric,Dealer,Automatic,Second Owner,20.61,2284,72.59,327.06,5,1590797.9334708338
Maruti Baleno,2016,144368,187816,Petrol,Trustmark Dealer,Manual,First Owner,16.78,2736,80.43,280.42,4,182125.00888107164
Skoda Rapid,2019,693897,84145,Electric,Dealer,Manual,Second Owner,16.27,2114,97.62,189.24,5,876830.4895966095
Hyundai Creta,2009,1026607,179193,Electric,Individual,Manual,First Owner,23.09,1668,130.83,288.53,6,1279068.942317027
Mahindra XUV500,2016,545099,188763,LPG,Dealer,Manual,First Owner,18.97,1297,196.44,216.17,4,766558.823211987
Kia Seltos,2018,1139372,44403,Diesel,Individual,Automatic,First Owner,21.78,2780,151.07,262.18,4,1621113.9142369833
Ford Ecosport,2014,490693,61155,LPG,Trustmark Dealer,Automatic,Third Owner,12.1,1901,71.71,341.86,4,569643.2774533451
Maruti Swift,2012,407315,140173,Diesel,Individual,Manual,First Owner,30.27,2302,180.62,93.06,5,572977.9662831702
Hyundai Creta,2020,142576,79123,LPG,Dealer,Manual,Fourth & Above Owner,19.35,1078,140.0,340.21,7,184059.58741353263
Hyundai Creta,2008,50000,11853,Electric,Trustmark Dealer,Automatic,Fourth & Above Owner,16.46,2852,181.87,137.79,5,62416.43475279639
Maruti Baleno,2020,726097,100652,Petrol,Dealer,Automatic,First Owner,11.83,2691,61.57,145.97,4,1089038.9438725074
Mahindra XUV500,2008,105474,46358,Petrol,Trustmark Dealer,Manual,First Owner,10.95,1859,126.16,326.64,5,132829.16948558946
Mahindra XUV500,2008,50000,100539,Petrol,Dealer,Automatic,Second Owner,11.64,1653,148.47,145.42,6,56819.81132185513
Hyundai Creta,2020,1154010,170579,Diesel,Trustmark Dealer,Manual,Fourth & Above Owner,12.86,2652,73.64,188.09,5,1729446.7607122106
Hyundai Creta,2023,976546,171514,Diesel,Trustmark Dealer,Automatic,Third Owner,27.37,2380,111.61,234.31,6,1404305.8921723175
Hyundai Creta,2006,50000,94440,Petrol,Dealer,Manual,Third Owner,32.81,1467,159.31,277.91,4,57021.50147927467
Kia Seltos,2022,1048246,136165,Electric,Trustmark Dealer,Manual,Fourth & Above Owner,28.83,884,78.07,105.48,6,1202138.136451565
Ford Ecosport,2017,755736,105399,Electric,Trustmark Dealer,Automatic,First Owner,27.87,1802,199.04,196.86,7,1089220.2352051954
Skoda Rapid,2018,1270539,77351,Petrol,Trustmark Dealer,Manual,Fourth & Above Owner,10.5,909,53.26,202.34,5,1597278.1089444463
Toyota Innova,2011,50000,129829,CNG,Individual,Manual,Fourth & Above Owner,33.53,1659,166.67,208.66,6,68117.46687671579
Volkswagen Polo,2021,720816,116272,LPG,Trustmark Dealer,Manual,Second Owner,27.61,1415,105.3,115.29,7,1023181.6290157076
Maruti Baleno,2011,543426,9858,Electric,Dealer,Automatic,Third Owner,11.92,2158,157.31,214.91,6,694773.2922038729
Renault Duster,2008,655726,68502,Petrol,Dealer,Manual,Third Owner,11.46,2595,113.21,117.32,5,897919.968058816
Toyota Innova,2014,1217250,45576,CNG,Dealer,Automatic,Third Owner,20.41,2172,109.95,274.37,7,1476911.3107689414
Skoda Rapid,2013,410562,147885,Petrol,Dealer,Manual,Third Owner,28.99,1811,65.11,224.02,6,594727.8190244859
Maruti Swift,2010,1124869,137492,Electric,Individual,Manual,Fourth & Above Owner,22.57,1072,119.25,320.73,7,1542328.33039667
Hyundai Creta,2006,119455,143191,CNG,Individual,Automatic,Second Owner,13.51,2603,103.2,136.45,7,136873.7143606334
Ford Ecosport,2015,812053,60420,LPG,Dealer,Manual,Second Owner,34.49,2054,181.08,110.52,4,1057980.4959048205
Renault Duster,2021,448118,53290,Diesel,Individual,Manual,Third Owner,13.13,930,117.13,203.16,7,649554.7822256555
Renault Duster,2014,1086789,53383,Electric,Dealer,Manual,Second Owner,11.22,1869,93.95,253.97,6,1291308.133904523
Mahindra XUV500,2017,491850,71069,Petrol,Individual,Manual,First Owner,34.78,1579,136.98,318.71,4,729319.1489492834
Kia Seltos,2023,235177,12733,Petrol,Individual,Automatic,Fourth & Above Owner,27.16,2170,60.13,345.89,4,326442.6192740093
Maruti Baleno,2008,101491,144679,Diesel,Individual,Automatic,Fourth & Above Owner,28.72,2176,184.93,175.14,5,125023.00111746958
Hyundai Creta,2007,804138,75206,CNG,Trustmark Dealer,Manual,First Owner,30.95,2185,180.15,236.69,4,968373.3030704522
Honda City,2013,1161236,6387,LPG,Individual,Automatic,Second Owner,15.12,2833,160.69,285.61,4,1306216.079009374
Maruti Baleno,2006,360966,151079,Electric,Dealer,Automatic,First Owner,26.03,2125,127.88,309.87,5,479829.0622821862
Skoda Rapid,2017,198772,176693,Petrol,Trustmark Dealer,Manual,Fourth & Above Owner,14.86,2562,89.22,290.57,7,247835.63925003787
Hyundai i20,2019,1223304,62806,LPG,Dealer,Automatic,Third Owner,22.23,1154,104.71,249.5,4,1633499.0449450703
Hyundai i20,2022,556986,194838,LPG,Individual,Manual,Second Owner,18.09,1935,143.13,333.86,7,617630.7685191658
Volkswagen Polo,2012,720841,44908,CNG,Individual,Automatic,Fourth & Above Owner,11.32,926,158.26,142.66,6,1016583.3649572616
Volkswagen Polo,2005,50000,6833,LPG,Individual,Automatic,Second Owner,18.78,1782,80.28,129.31,7,61005.861612312685
Hyundai Creta,2008,1062511,195018,CNG,Individual,Manual,First Owner,28.66,2657,85.82,190.43,7,1583368.5707625796
Ford Ecosport,2008,67559,191677,LPG,Trustmark Dealer,Automatic,Fourth & Above Owner,24.21,2800,140.93,172.89,4,98472.05650535096
Ford Ecosport,2009,50000,135056,Diesel,Dealer,Automatic,Fourth & Above Owner,30.32,1651,194.33,324.95,4,68655.91126834058
Honda City,2012,50000,71628,CNG,Trustmark Dealer,Automatic,First Owner,30.44,2901,183.73,203.95,7,61919.59179478994
Hyundai i20,2018,518053,48823,Petrol,Dealer,Automatic,Second Owner,18.35,1504,190.1,188.79,4,766697.8082376565
Renault Duster,2021,1055348,179518,Petrol,Trustmark Dealer,Manual,Third Owner,30.96,1429,170.15,200.97,4,1338149.1466799222
Honda City,2007,952506,173435,CNG,Dealer,Automatic,First Owner,31.48,1872,109.83,99.78,6,1402322.9845491282
Toyota Innova,2020,170065,71808,LPG,Trustmark Dealer,Automatic,Second Owner,24.02,2273,122.1,183.69,6,189287.0564850672
Honda City,2022,99462,85862,LPG,Dealer,Automatic,Second Owner,26.14,804,126.76,270.89,6,146909.8898354132
Toyota Innova,2022,309360,108977,Diesel,Trustmark Dealer,Automatic,Second Owner,17.68,2103,109.4,176.65,7,363452.0175465077
Honda City,2019,298819,138936,LPG,Dealer,Manual,Second Owner,12.59,1664,122.87,235.07,6,425855.05456905335
Mahindra XUV500,2022,580136,120045,Electric,Dealer,Manual,First Owner,29.65,2052,138.49,212.31,7,749167.9703306092
Skoda Rapid,2023,950657,169334,Diesel,Dealer,Automatic,Second Owner,14.74,2509,183.64,322.77,5,1318372.2530263637
Hyundai i20,2007,529522,115091,LPG,Dealer,Manual,Second Owner,13.94,875,190.24,284.25,7,794232.9130437013
Volkswagen Polo,2017,968432,108024,CNG,Dealer,Manual,Third Owner,13.31,2870,189.07,121.69,4,1134530.8456372784
Maruti Baleno,2023,434063,32160,Diesel,Trustmark Dealer,Automatic,Fourth & Above Owner,10.94,2746,174.29,98.32,5,507366.9247649264
Honda City,2023,1431621,35713,Electric,Trustmark Dealer,Automatic,Fourth & Above Owner,20.26,1184,182.66,129.66,6,1617252.6219955755
Hyundai i20,2007,458367,157157,Electric,Dealer,Automatic,Third Owner,20.17,1177,127.26,216.26,5,533867.2758558916
Hyundai i20,2014,917964,88517,Petrol,Dealer,Automatic,Second Owner,24.82,1349,91.99,206.62,6,1239674.3683057614
Maruti Baleno,2005,742671,167032,CNG,Trustmark Dealer,Manual,First Owner,32.88,811,94.41,230.35,4,1060855.4229966698
Renault Duster,2011,960930,158031,CNG,Individual,Automatic,Second Owner,22.38,895,73.2,268.57,5,1196401.8546081749
Ford Ecosport,2015,727129,173891,CNG,Dealer,Manual,Third Owner,20.54,1197,160.49,304.83,5,937086.3930841358
Mahindra XUV500,2016,1269355,75003,CNG,Dealer,Manual,Second Owner,33.28,2314,155.99,125.47,5,1807506.497891649
Honda City,2019,1299950,70555,CNG,Individual,Automatic,Third Owner,14.19,2600,147.98,185.64,4,1855104.7000475847
Maruti Baleno,2023,1286812,85688,Diesel,Dealer,Manual,Third Owner,28.32,1311,55.0,131.67,6,1654759.467501642
Hyundai Creta,2005,122918,157327,Petrol,Dealer,Automatic,First Owner,27.58,2374,146.11,308.76,4,172193.89079932088
Toyota Innova,2008,50000,36987,Petrol,Individual,Automatic,First Owner,27.83,997,56.54,109.12,4,71186.92399815489
Renault Duster,2015,88843,76978,Diesel,Dealer,Automatic,Second Owner,24.12,2446,194.34,112.67,7,133143.44398748933
Maruti Baleno,2019,828207,54346,Diesel,Trustmark Dealer,Manual,Second Owner,32.05,2229,78.22,233.28,6,981499.4604449464
Mahindra XUV500,2017,174931,137826,Diesel,Individual,Automatic,Second Owner,14.38,2835,70.03,236.14,4,249868.1916183529
Hyundai Creta,2015,706220,108410,CNG,Trustmark Dealer,Manual,First Owner,12.31,1493,151.92,203.31,6,989487.8346929158
Hyundai i20,2008,50000,150206,Petrol,Dealer,Manual,Second Owner,29.48,2825,96.62,141.5,4,62322.671354264894
Maruti Swift,2022,1040909,92261,Electric,Dealer,Automatic,Second Owner,16.92,1145,101.46,223.43,4,1512350.4506088218
Skoda Rapid,2017,744512,161781,LPG,Dealer,Automatic,Second Owner,19.6,2848,130.64,139.82,6,1003129.5568535596
Maruti Baleno,2019,716177,54848,LPG,Trustmark Dealer,Automatic,Fourth & Above Owner,24.24,2805,121.0,102.44,7,972842.4117279932
Maruti Baleno,2012,803116,131674,LPG,Dealer,Manual,First Owner,27.05,1884,82.43,323.61,7,1018541.6882818828
Honda City,2008,1013625,31647,Petrol,Trustmark Dealer,Automatic,First Owner,12.7,1554,144.71,113.63,6,1484492.928538819
Maruti Swift,2013,932157,6636,Petrol,Individual,Manual,Fourth & Above Owner,24.08,1462,181.39,145.95,7,1183012.3481528177
Renault Duster,2010,50000,195222,Petrol,Individual,Manual,Fourth & Above Owner,14.48,947,70.01,216.07,7,71547.19018960069
Toyota Innova,2023,717401,194389,Electric,Dealer,Automatic,Fourth & Above Owner,34.64,2297,170.74,170.97,4,870098.8812313626
Skoda Rapid,2019,876155,54920,LPG,Trustmark Dealer,Manual,First Owner,21.47,988,78.22,326.88,4,1178041.0917602929
Skoda Rapid,2023,797969,74516,Electric,Dealer,Manual,Third Owner,28.05,2170,135.45,204.45,7,1082087.4468522016
Renault Duster,2013,704012,146717,Petrol,Trustmark Dealer,Automatic,Fourth & Above Owner,22.82,1181,84.75,103.53,6,1008243.8968369424
Maruti Baleno,2018,693141,157255,Electric,Dealer,Automatic,Third Owner,32.95,2062,120.88,157.85,4,1019859.52013656
Maruti Swift,2019,1314399,139682,CNG,Dealer,Manual,First Owner,30.89,1885,62.56,240.75,5,1745055.3418959228
Mahindra XUV500,2015,353883,173983,LPG,Trustmark Dealer,Manual,Fourth & Above Owner,13.14,2826,125.16,200.02,5,454828.8287100247
Volkswagen Polo,2008,181730,13732,Electric,Trustmark Dealer,Automatic,Third Owner,15.69,2697,154.97,253.66,7,249366.0953856695
Hyundai Creta,2006,552660,143563,LPG,Individual,Automatic,Fourth & Above Owner,34.34,2386,106.91,95.43,4,800717.811609301
Hyundai Creta,2023,859991,59740,Petrol,Trustmark Dealer,Automatic,Second Owner,25.32,2405,67.47,301.83,7,1080080.872040752
Ford Ecosport,2019,514433,66735,CNG,Dealer,Automatic,Third Owner,14.45,1662,125.93,324.28,4,755029.086091661
Renault Duster,2010,405192,129179,Electric,Dealer,Manual,Second Owner,33.0,1905,126.81,282.83,6,584059.6764564841
Honda City,2015,1044102,60721,Diesel,Trustmark Dealer,Automatic,Fourth & Above Owner,10.75,1613,163.65,190.44,7,1250706.5124377497
Maruti Swift,2007,50000,194357,CNG,Individual,Automatic,Second Owner,27.69,1712,147.1,230.7,4,71792.7314467272
Ford Ecosport,2014,1153088,70611,Petrol,Trustmark Dealer,Manual,Second Owner,10.3,2579,139.73,248.71,7,1315649.448825848
Kia Seltos,2007,808351,80830,Electric,Dealer,Manual,Fourth & Above Owner,12.44,2130,66.53,237.43,7,1018278.6608462596
Maruti Swift,2021,444546,30233,CNG,Dealer,Manual,First Owner,13.05,2318,88.41,177.09,5,585624.7843788465
Toyota Innova,2012,630165,49500,Electric,Trustmark Dealer,Manual,Third Owner,26.62,1455,98.23,141.81,6,928563.720946111
Toyota Innova,2012,800629,90805,Diesel,Trustmark Dealer,Automatic,First Owner,31.64,2927,92.7,274.8,7,1085344.1236503683
Ford Ecosport,2022,174857,163238,Petrol,Trustmark Dealer,Manual,Second Owner,10.45,1822,124.25,205.37,6,200779.0088900027
Volkswagen Polo,2020,849993,186961,CNG,Individual,Automatic,Fourth & Above Owner,31.27,986,173.09,120.93,7,1268527.2755490995
Volkswagen Polo,2012,50000,133775,Electric,Dealer,Manual,Second Owner,32.98,1111,187.41,126.45,5,64388.93843482865
Maruti Swift,2005,50000,179981,Diesel,Dealer,Manual,Second Owner,28.38,2891,169.18,237.84,4,61700.65675749188
Maruti Swift,2017,184528,97803,Electric,Trustmark Dealer,Automatic,First Owner,20.78,2108,92.41,207.14,4,219323.2354108339
Hyundai i20,2020,678904,171823,CNG,Dealer,Automatic,Fourth & Above Owner,21.81,1853,135.41,215.3,6,932961.2595939044
Hyundai i20,2021,551683,198114,Diesel,Trustmark Dealer,Automatic,Second Owner,10.48,1001,91.08,185.74,6,806407.5581631102
Hyundai Creta,2007,744262,79070,Diesel,Individual,Manual,First Owner,35.0,1239,56.09,296.3,7,1034739.3846708712
Hyundai i20,2023,1109665,126920,Electric,Dealer,Automatic,Third Owner,12.59,2379,166.58,194.21,7,1448231.8977727615
Mahindra XUV500,2023,636366,112153,Petrol,Trustmark Dealer,Manual,Fourth & Above Owner,33.06,1783,121.56,283.99,7,852463.366398057
Volkswagen Polo,2011,1084609,104349,LPG,Trustmark Dealer,Automatic,First Owner,32.97,2264,78.31,175.13,7,1538194.176205146
Hyundai Creta,2021,417993,46564,Electric,Individual,Manual,Third Owner,13.23,1671,124.48,147.19,7,509414.9871986116
Toyota Innova,2023,1114563,130363,LPG,Dealer,Automatic,Third Owner,12.13,1512,163.17,225.13,6,1547916.4685681616
Skoda Rapid,2012,53988,161559,CNG,Individual,Automatic,Second Owner,20.97,1097,84.4,121.51,5,72015.85392294002
Ford Ecosport,2012,892743,67107,CNG,Dealer,Automatic,Third Owner,12.03,2717,56.09,207.48,7,1331968.628886936
Tata Nexon,2014,1258850,140120,LPG,Trustmark Dealer,Manual,Second Owner,27.5,1741,199.22,207.16,6,1408647.8825006622
Ford Ecosport,2006,525316,103876,Petrol,Dealer,Manual,First Owner,27.03,2851,74.42,109.48,5,761143.2036064577
Hyundai i20,2021,199103,93240,Petrol,Individual,Manual,Fourth & Above Owner,22.94,1854,63.01,281.58,7,263795.7116522698
Ford Ecosport,2008,1137062,37049,Diesel,Dealer,Automatic,Third Owner,15.13,886,94.4,203.91,4,1355795.5184217284
Toyota Innova,2007,50000,7447,Petrol,Dealer,Automatic,First Owner,26.47,1357,157.01,207.66,4,61923.16376766107
Maruti Swift,2007,50000,44267,Diesel,Trustmark Dealer,Automatic,First Owner,27.03,1951,141.38,267.12,5,70365.76610192891
Volkswagen Polo,2014,375738,38802,CNG,Trustmark Dealer,Manual,First Owner,16.1,1155,109.39,176.9,4,520459.1926896192
Hyundai Creta,2006,363894,25748,CNG,Trustmark Dealer,Manual,Fourth & Above Owner,21.47,1723,52.63,296.31,4,447801.9786914511
Maruti Swift,2006,591761,151586,Petrol,Trustmark Dealer,Manual,Third Owner,15.65,2635,76.33,282.56,4,732906.3452345436
Maruti Swift,2010,232979,171650,Electric,Dealer,Automatic,Third Owner,31.17,2746,94.2,111.78,7,333459.1805634513
Skoda Rapid,2022,419930,176932,CNG,Dealer,Automatic,Second Owner,14.42,2871,183.94,341.23,7,562362.7226693874
Hyundai Creta,2023,862274,129906,Diesel,Dealer,Manual,Second Owner,20.09,1093,163.7,195.8,4,976064.761453455
Honda City,2013,1048247,156697,LPG,Dealer,Automatic,Second Owner,13.43,2645,110.92,240.14,5,1487119.9416599765
Kia Seltos,2022,687565,144824,Petrol,Individual,Manual,Second Owner,24.19,1530,114.05,95.11,6,949114.2063718216
Ford Ecosport,2011,190295,127861,LPG,Trustmark Dealer,Automatic,Fourth & Above Owner,31.21,2568,144.73,291.99,4,230421.2122738788
Renault Duster,2005,832474,160025,CNG,Dealer,Manual,First Owner,25.45,1558,61.54,91.83,4,1246268.056700514
Maruti Baleno,2020,374962,92232,Diesel,Dealer,Automatic,Second Owner,13.27,1775,131.72,331.0,4,549470.8943065517
Toyota Innova,2011,458331,186971,LPG,Trustmark Dealer,Manual,First Owner,28.4,1076,80.45,112.56,4,623510.6916118097
Hyundai i20,2016,150235,74095,Electric,Individual,Manual,First Owner,31.14,2485,66.2,259.47,5,218600.4144751384
Hyundai Creta,2012,345243,62323,LPG,Individual,Automatic,First Owner,19.69,1522,105.87,244.17,4,381672.3371194925
Volkswagen Polo,2012,719124,36751,Petrol,Trustmark Dealer,Manual,Third Owner,30.31,2176,111.66,170.62,6,924134.1102451426
Kia Seltos,2011,201161,24487,Diesel,Individual,Automatic,First Owner,11.31,2447,88.35,134.21,7,279760.005035179
Maruti Swift,2015,229241,68273,CNG,Trustmark Dealer,Automatic,Second Owner,17.38,907,156.93,171.04,6,264383.5880460604
Honda City,2019,418070,182338,Electric,Dealer,Automatic,First Owner,24.11,2225,125.0,128.53,7,504529.191265836
Ford Ecosport,2008,286896,125804,Diesel,Dealer,Automatic,Second Owner,23.26,955,82.74,278.23,7,381615.8882691015
Maruti Swift,2014,50000,28495,Diesel,Individual,Automatic,Fourth & Above Owner,20.98,1812,186.22,118.18,5,60666.8461959253
Ford Ecosport,2018,281597,65351,Electric,Individual,Manual,Third Owner,21.36,1489,112.96,311.96,5,389120.1847600514
Hyundai Creta,2022,874875,61388,CNG,Dealer,Automatic,Third Owner,22.39,885,132.41,330.62,4,1150133.7549579665
Hyundai i20,2005,625044,68573,Electric,Dealer,Manual,Third Owner,28.18,1369,137.52,346.46,7,790110.748837439
Ford Ecosport,2009,145256,102025,Petrol,Dealer,Automatic,Second Owner,23.45,2798,187.82,128.33,7,201301.6736582456
Mahindra XUV500,2015,50000,22838,Diesel,Individual,Manual,Third Owner,17.28,883,107.9,136.71,6,59502.53000541763
Maruti Swift,2014,1205251,130788,CNG,Trustmark Dealer,Manual,First Owner,26.16,1313,177.0,333.69,5,1633905.3838437295
Volkswagen Polo,2011,757984,168101,LPG,Individual,Automatic,Third Owner,17.81,1012,188.69,118.01,7,918297.2831992552
Honda City,2022,753173,125376,Diesel,Individual,Automatic,Second Owner,26.56,1458,152.24,223.72,7,939234.0052649182
Toyota Innova,2022,392889,84127,Petrol,Individual,Manual,Fourth & Above Owner,10.96,2736,114.09,332.47,5,448630.32125329855
Honda City,2013,738212,59118,LPG,Trustmark Dealer,Manual,Fourth & Above Owner,18.58,2269,120.69,275.4,4,1085036.0289458034
Mahindra XUV500,2007,300937,89744,Electric,Individual,Automatic,Second Owner,13.68,1899,185.61,310.71,7,369269.4886519069
Skoda Rapid,2014,358126,151698,LPG,Dealer,Manual,Fourth & Above Owner,17.4,1667,198.67,314.65,6,498788.99109575
Mahindra XUV500,2009,800558,163367,CNG,Trustmark Dealer,Automatic,Fourth & Above Owner,26.41,2423,181.82,160.17,7,1061171.2766454474
Volkswagen Polo,2015,308374,83342,Diesel,Trustmark Dealer,Automatic,Second Owner,31.02,2838,94.05,288.15,7,422861.9807580551
Honda City,2012,124508,40730,CNG,Dealer,Manual,Second Owner,28.67,2057,132.22,347.55,7,165861.96233283164
Kia Seltos,2017,113458,90241,LPG,Trustmark Dealer,Manual,First Owner,10.66,1193,51.34,106.35,5,151426.42721567937
Maruti Baleno,2011,79399,115265,Electric,Dealer,Automatic,Third Owner,23.24,855,124.51,217.6,4,89665.57203295043
Tata Nexon,2017,1190692,60405,Electric,Dealer,Manual,First Owner,33.03,2767,63.74,168.86,6,1441321.3663124177
Ford Ecosport,2018,1203250,174562,CNG,Trustmark Dealer,Automatic,First Owner,33.5,2516,102.77,227.52,5,1510188.194601173
Hyundai Creta,2014,1077721,12691,Electric,Dealer,Manual,Second Owner,27.32,1042,176.36,243.13,5,1393944.0919260073
Maruti Baleno,2015,346751,182374,CNG,Individual,Manual,Third Owner,15.73,864,162.15,347.17,6,444717.1773673349
Maruti Swift,2023,930966,70008,Electric,Dealer,Manual,Second Owner,29.28,2434,144.58,104.47,4,1107883.1711500476
Hyundai Creta,2012,994556,49934,Petrol,Dealer,Automatic,Second Owner,25.66,2177,146.66,330.15,7,1473817.867378146
Maruti Swift,2023,201635,121320,Electric,Trustmark Dealer,Manual,Fourth & Above Owner,18.46,859,172.84,261.85,4,253203.5287985924
Hyundai Creta,2021,737055,189918,CNG,Trustmark Dealer,Manual,First Owner,19.72,1899,190.28,142.38,6,1101940.4588693995
Maruti Swift,2006,514917,96472,CNG,Trustmark Dealer,Automatic,Third Owner,13.15,2263,122.94,344.96,7,670804.2420929174
Volkswagen Polo,2021,352076,193809,Petrol,Dealer,Manual,Fourth & Above Owner,19.71,1668,87.27,247.93,7,427598.06965494034
Ford Ecosport,2005,347429,126347,Diesel,Individual,Automatic,Fourth & Above Owner,21.05,1368,112.89,334.23,6,460727.6800206996
Maruti Baleno,2011,408718,170076,Electric,Dealer,Manual,First Owner,21.75,2644,124.06,161.12,5,466601.1673989833
Ford Ecosport,2010,50000,52852,Electric,Trustmark Dealer,Automatic,Third Owner,31.13,1116,73.5,166.15,4,61140.10394579639
Toyota Innova,2007,352249,81304,Petrol,Dealer,Manual,First Owner,13.64,1966,112.23,208.33,4,496581.7919071386
Honda City,2010,634549,168846,LPG,Trustmark Dealer,Automatic,Second Owner,26.52,2958,178.4,103.93,4,872202.998885195
Renault Duster,2022,138860,89220,Petrol,Dealer,Manual,Fourth & Above Owner,24.54,2384,162.52,335.28,4,194102.7689922024
Renault Duster,2008,184367,18133,LPG,Trustmark Dealer,Manual,Second Owner,21.05,1650,170.14,127.48,4,204172.13808340827
Maruti Swift,2013,1203305,83685,Petrol,Trustmark Dealer,Manual,First Owner,27.31,2625,125.06,183.46,5,1715089.378595391
Honda City,2008,847172,145222,Petrol,Dealer,Manual,Third Owner,16.87,2680,177.09,105.88,7,1016411.1246477556
Ford Ecosport,2009,50000,11686,LPG,Trustmark Dealer,Automatic,Fourth & Above Owner,16.57,2239,99.55,117.16,7,62779.44470094402
Hyundai i20,2016,50000,197556,CNG,Trustmark Dealer,Automatic,Third Owner,14.05,1318,129.85,329.07,7,73623.1722572203
Maruti Swift,2014,572243,54324,Electric,Trustmark Dealer,Automatic,First Owner,10.95,1679,186.47,216.74,4,745816.048262592
Hyundai i20,2009,561735,23036,Diesel,Trustmark Dealer,Automatic,Fourth & Above Owner,31.19,2455,120.29,320.2,4,636258.4704977702
Hyundai i20,2010,1113277,68378,LPG,Dealer,Automatic,Second Owner,28.68,2864,82.24,283.02,6,1248946.5770495003
Hyundai Creta,2012,419929,176059,CNG,Individual,Manual,Third Owner,27.6,2802,101.32,118.82,7,475758.1982509868
Renault Duster,2008,938926,91215,LPG,Dealer,Manual,Fourth & Above Owner,19.98,801,199.3,302.32,6,1286240.5952587104
Kia Seltos,2018,348855,169644,Electric,Dealer,Manual,First Owner,25.01,1335,165.48,237.11,5,409171.3942977834
Kia Seltos,2021,1425793,146458,Electric,Trustmark Dealer,Automatic,First Owner,19.22,2775,171.97,268.56,6,1887986.300934024
Renault Duster,2019,1353292,131693,Petrol,Trustmark Dealer,Automatic,Third Owner,33.0,1025,167.57,120.21,7,1535173.3594021432
Mahindra XUV500,2023,231604,36726,Diesel,Dealer,Automatic,Third Owner,11.8,1754,77.83,199.99,5,286813.20060873055
Skoda Rapid,2015,1173334,186719,Petrol,Trustmark Dealer,Automatic,Third Owner,34.95,1765,62.08,144.92,7,1650592.1075961925
Hyundai Creta,2005,406316,33050,Diesel,Trustmark Dealer,Automatic,Second Owner,15.75,2229,143.64,334.32,6,609382.0009639396
Maruti Baleno,2009,611341,183209,Electric,Individual,Automatic,First Owner,27.9,2021,194.27,177.38,7,843262.8548683827
Honda City,2008,543409,17334,Petrol,Trustmark Dealer,Automatic,Fourth & Above Owner,13.36,2326,61.93,201.6,5,797158.1636780655
Skoda Rapid,2006,386679,187334,Electric,Individual,Automatic,Third Owner,14.61,1611,75.54,288.39,6,463681.04303391447
Kia Seltos,2009,106172,190631,Electric,Dealer,Manual,Third Owner,31.82,1444,181.07,276.03,7,120150.13763456677
Maruti Baleno,2018,715042,145074,Petrol,Individual,Automatic,First Owner,30.76,1859,128.05,101.68,5,862186.1525048509
Maruti Baleno,2012,50000,34982,Diesel,Dealer,Automatic,Fourth & Above Owner,15.01,1780,170.04,177.78,4,64453.032841928514
Ford Ecosport,2017,50000,58677,CNG,Individual,Automatic,First Owner,23.53,2455,150.16,260.41,7,69043.25673155699
Tata Nexon,2022,1421323,83952,LPG,Dealer,Manual,Second Owner,17.95,1608,193.37,118.63,6,1833368.118990328
Honda City,2006,539452,13041,Diesel,Dealer,Automatic,Second Owner,16.59,1154,73.09,324.24,4,692714.4926325108
Kia Seltos,2014,50000,185972,Petrol,Dealer,Manual,Second Owner,30.87,1202,101.22,219.63,6,63565.64572245997
Hyundai i20,2007,288585,101608,LPG,Individual,Automatic,Third Owner,10.95,2198,111.72,264.12,7,429528.9279914719
Renault Duster,2009,732164,140261,LPG,Dealer,Manual,Second Owner,29.38,2943,61.19,253.61,4,1007321.2432065042
Hyundai i20,2012,426694,155588,Diesel,Individual,Automatic,Second Owner,12.97,1538,176.6,305.35,5,471603.5266114195
Ford Ecosport,2017,1308829,35321,LPG,Dealer,Automatic,First Owner,26.82,1373,98.92,180.2,4,1821072.5954497585
Hyundai Creta,2021,1168343,5418,Petrol,Dealer,Automatic,First Owner,34.19,1805,82.8,141.62,5,1384603.4215437789
Hyundai i20,2013,968280,125723,Electric,Dealer,Manual,First Owner,29.57,853,199.14,327.55,6,1380687.7152112194
Skoda Rapid,2013,980117,101996,LPG,Individual,Manual,Fourth & Above Owner,34.81,1612,187.35,118.92,5,1382114.0167755866
Skoda Rapid,2005,50000,108211,Electric,Individual,Manual,Third Owner,34.32,1077,191.65,319.77,7,59537.9115958636
Kia Seltos,2009,1091774,60479,CNG,Individual,Manual,Second Owner,21.4,2110,87.19,205.01,7,1444849.5794335478
Toyota Innova,2006,119792,133326,Petrol,Trustmark Dealer,Manual,First Owner,13.16,2393,82.19,245.93,5,157685.80432894098
Renault Duster,2013,1124778,145073,Diesel,Trustmark Dealer,Automatic,Second Owner,21.72,1102,52.67,195.56,5,1648336.47338567
Toyota Innova,2011,318434,52326,Diesel,Trustmark Dealer,Manual,Third Owner,17.71,1618,86.14,111.57,7,439549.2143180318
Tata Nexon,2006,1087746,172220,CNG,Dealer,Automatic,First Owner,31.72,1560,63.28,137.91,7,1263685.4883514526
Maruti Swift,2009,72935,20348,LPG,Individual,Manual,Second Owner,21.14,2619,59.63,217.37,6,95881.27748509088
Hyundai i20,2013,50000,95481,CNG,Individual,Manual,Third Owner,27.68,887,50.58,338.89,7,74601.30062941113
Renault Duster,2009,711631,199795,CNG,Trustmark Dealer,Manual,Fourth & Above Owner,13.78,922,168.75,97.19,4,868479.670376385
Renault Duster,2011,133061,77856,Diesel,Dealer,Manual,Third Owner,18.9,2928,99.9,228.19,5,192551.01558777696
Volkswagen Polo,2019,835477,155803,CNG,Individual,Automatic,Third Owner,19.65,1724,56.41,220.48,5,1035437.21465283
Toyota Innova,2014,732485,155565,Electric,Trustmark Dealer,Automatic,Third Owner,27.61,2908,80.51,215.6,6,868203.6138286208
Hyundai i20,2009,490662,33521,Diesel,Individual,Manual,Fourth & Above Owner,34.07,981,121.78,280.83,6,694163.8647284424
Skoda Rapid,2022,966228,85899,Petrol,Trustmark Dealer,Automatic,First Owner,33.26,2773,80.71,93.35,6,1236298.7847410832
Toyota Innova,2006,990907,18807,Electric,Trustmark Dealer,Automatic,Second Owner,14.45,1214,166.03,231.23,5,1370449.513261424
Tata Nexon,2018,52517,72474,Electric,Individual,Automatic,Second Owner,18.26,1753,52.81,337.17,7,67442.62610518628
Toyota Innova,2009,1016259,166374,Petrol,Individual,Manual,Second Owner,31.99,2799,169.76,279.85,7,1429894.354418533
Maruti Baleno,2006,50000,187073,LPG,Individual,Manual,Second Owner,17.36,2929,107.89,347.33,7,74490.27244078615
Maruti Swift,2016,624928,47257,CNG,Individual,Manual,Fourth & Above Owner,25.33,2374,126.08,157.67,4,716963.9209617499
Renault Duster,2007,191857,167618,LPG,Trustmark Dealer,Automatic,First Owner,31.36,2249,143.47,298.58,6,275140.1031600379
Mahindra XUV500,2012,188190,28494,CNG,Dealer,Manual,Third Owner,34.88,2235,197.19,331.62,7,262925.04628635827
Honda City,2020,556622,105867,LPG,Trustmark Dealer,Manual,First Owner,11.4,961,76.28,266.18,4,768752.8549447524
Maruti Swift,2005,888763,155754,Petrol,Dealer,Automatic,Fourth & Above Owner,15.91,1669,109.2,106.69,6,1057373.8452043456
Hyundai i20,2010,50000,39997,Electric,Trustmark Dealer,Manual,Second Owner,22.89,1952,94.55,345.58,6,72321.9392864815
Toyota Innova,2018,50000,22859,Diesel,Dealer,Manual,Third Owner,13.37,1359,171.22,242.98,7,63217.54054611588
Mahindra XUV500,2014,185484,22873,LPG,Individual,Automatic,First Owner,19.47,2387,194.0,97.73,4,215788.7466441977
Tata Nexon,2019,251799,142331,Diesel,Individual,Manual,First Owner,20.06,2369,67.98,135.49,6,364675.6390481044
Renault Duster,2016,865893,97646,Electric,Individual,Automatic,Second Owner,14.86,2643,179.01,241.47,4,1123090.0264032374
Toyota Innova,2011,1165415,145443,Diesel,Individual,Automatic,Fourth & Above Owner,19.41,2820,167.12,335.3,7,1465814.3519545528
Maruti Swift,2005,328372,34562,Petrol,Trustmark Dealer,Automatic,Fourth & Above Owner,32.4,816,66.54,298.34,4,381394.2577551542
Maruti Swift,2020,741518,119082,CNG,Trustmark Dealer,Manual,Fourth & Above Owner,10.21,1524,95.43,255.82,7,829594.0061804234
Hyundai i20,2006,50000,115650,LPG,Individual,Manual,Second Owner,28.98,2313,147.09,125.86,5,55339.269619097584
Ford Ecosport,2023,915921,188435,LPG,Dealer,Manual,Third Owner,19.81,2693,78.85,255.46,7,1058278.6216781517
Hyundai Creta,2006,840958,151638,Petrol,Individual,Automatic,Third Owner,11.79,2799,173.23,272.37,5,1202401.876668943
Maruti Baleno,2006,84528,104999,Diesel,Dealer,Automatic,Fourth & Above Owner,25.15,1072,120.85,334.32,4,126708.7560739476
Toyota Innova,2007,591686,157821,Electric,Individual,Automatic,Fourth & Above Owner,33.89,827,67.31,116.27,6,708693.6487728487
Hyundai i20,2011,729798,129667,LPG,Dealer,Automatic,First Owner,20.47,2842,189.02,200.73,5,1025001.2028458748
Hyundai i20,2017,989078,159353,Diesel,Dealer,Manual,Fourth & Above Owner,20.33,1785,168.62,346.57,4,1227374.3625634282
Renault Duster,2010,786601,173676,Electric,Dealer,Automatic,First Owner,15.64,2715,115.82,143.77,4,1082913.2728000986
Volkswagen Polo,2014,608595,109547,CNG,Trustmark Dealer,Manual,First Owner,32.85,2138,134.92,176.4,7,863633.85787377
Kia Seltos,2016,948634,37215,Diesel,Individual,Manual,First Owner,18.19,2942,68.68,315.04,6,1211599.2447499805
Renault Duster,2014,50000,88434,LPG,Dealer,Automatic,Second Owner,31.13,1111,179.17,191.33,7,72310.20137283936
Hyundai Creta,2023,873380,153229,CNG,Dealer,Automatic,Third Owner,21.46,2337,162.93,237.43,7,1183081.0424824876
Kia Seltos,2022,913800,177583,CNG,Trustmark Dealer,Manual,Fourth & Above Owner,10.52,2367,50.42,263.84,5,1302703.763135947
Skoda Rapid,2014,550076,155642,LPG,Trustmark Dealer,Manual,First Owner,34.51,2873,65.94,234.52,6,799098.262302621
Volkswagen Polo,2009,1039956,8587,Petrol,Trustmark Dealer,Automatic,Second Owner,22.47,2531,77.35,179.24,4,1266932.4021844312
Toyota Innova,2009,655976,112044,Diesel,Trustmark Dealer,Automatic,Second Owner,15.27,1714,114.1,343.8,6,973403.4912174862
Maruti Baleno,2007,50000,20944,Petrol,Trustmark Dealer,Automatic,Third Owner,10.95,1836,125.31,346.68,4,65734.05406311332
Hyundai Creta,2011,684004,75173,LPG,Trustmark Dealer,Automatic,Third Owner,10.72,942,148.61,220.32,4,845990.6319714027
Maruti Baleno,2008,203344,89908,LPG,Individual,Automatic,First Owner,18.96,2771,169.05,207.29,7,249366.0515269412
Maruti Swift,2022,1132955,115650,LPG,Trustmark Dealer,Automatic,First Owner,26.28,2314,105.45,187.45,6,1647444.7578496663
Hyundai Creta,2011,1131747,40040,CNG,Trustmark Dealer,Automatic,Third Owner,31.9,854,65.14,229.28,4,1567381.91368924
Ford Ecosport,2020,686227,167331,CNG,Trustmark Dealer,Manual,Third Owner,15.12,1314,139.01,286.14,7,954571.3766417416
Skoda Rapid,2007,533975,144738,Diesel,Individual,Manual,First Owner,33.31,2622,188.34,117.41,5,650634.8426929511
Volkswagen Polo,2010,407844,38920,Diesel,Dealer,Automatic,Second Owner,21.72,1377,108.99,116.99,4,460841.0351384384
Mahindra XUV500,2010,1060477,109890,Diesel,Individual,Manual,Third Owner,30.35,2811,134.62,214.23,5,1467369.7769166995
Maruti Swift,2006,50000,55640,LPG,Individual,Automatic,Third Owner,19.1,1919,138.89,323.65,4,65304.78830543312
Renault Duster,2008,763193,37705,Diesel,Trustmark Dealer,Manual,First Owner,22.12,2932,99.28,155.3,4,868442.9283912523
Ford Ecosport,2021,400352,164791,Diesel,Dealer,Manual,Second Owner,32.85,2350,160.11,279.37,5,472751.5333202863
Maruti Swift,2022,875276,90900,Diesel,Individual,Manual,Fourth & Above Owner,32.11,1611,105.55,315.58,7,1297269.9543238173
Hyundai Creta,2013,238540,80966,Electric,Trustmark Dealer,Manual,Fourth & Above Owner,12.15,2225,105.31,336.41,4,292751.5054109839
Renault Duster,2016,1019644,104854,Diesel,Trustmark Dealer,Automatic,Second Owner,28.69,1151,57.39,321.97,7,1350598.4191674492
Maruti Baleno,2018,1166572,170562,CNG,Trustmark Dealer,Automatic,Second Owner,33.32,1752,129.67,176.16,4,1579784.1031796476
Hyundai Creta,2021,821037,188607,Electric,Dealer,Automatic,First Owner,14.66,1286,153.52,227.95,7,1142204.593793662
Maruti Swift,2015,1343684,179543,Diesel,Trustmark Dealer,Manual,Second Owner,15.92,915,126.91,115.28,6,1826293.891733677
Tata Nexon,2010,1121980,23437,Petrol,Individual,Manual,Second Owner,34.92,2468,110.48,276.64,5,1468470.8514244934
Honda City,2015,1066697,14609,Petrol,Individual,Manual,First Owner,14.13,1362,63.61,148.98,4,1213310.7113226424
Volkswagen Polo,2008,276808,171427,Diesel,Individual,Automatic,Fourth & Above Owner,18.7,2363,196.31,226.36,6,308216.23292669083
Maruti Swift,2016,1060917,58104,Petrol,Dealer,Automatic,Second Owner,24.22,2512,85.52,266.14,6,1399630.7860368406
Maruti Baleno,2023,427754,95105,CNG,Trustmark Dealer,Manual,Fourth & Above Owner,19.17,1419,79.56,184.01,5,545023.5799269294
Hyundai Creta,2005,314463,138230,Electric,Trustmark Dealer,Automatic,Third Owner,23.16,2565,168.65,336.88,5,395233.72141597705
Ford Ecosport,2022,1406711,75892,LPG,Dealer,Automatic,First Owner,31.48,1017,134.53,96.22,5,2018813.890958286
Honda City,2017,1366973,91969,Petrol,Trustmark Dealer,Automatic,Fourth & Above Owner,31.42,1982,192.79,210.41,7,1536040.7851380818
Volkswagen Polo,2023,914678,61444,CNG,Trustmark Dealer,Manual,Third Owner,26.2,869,102.32,256.27,7,1186134.4515736776
Maruti Swift,2014,496442,12852,Electric,Trustmark Dealer,Manual,Second Owner,29.08,1896,115.91,214.82,4,696473.6173470732
Hyundai Creta,2007,469534,46246,Petrol,Trustmark Dealer,Automatic,Third Owner,24.85,1161,84.8,224.81,7,690983.9428127266
Hyundai Creta,2019,490382,161879,CNG,Trustmark Dealer,Automatic,First Owner,27.79,2897,92.28,227.97,4,645820.1087064975
Toyota Innova,2016,945807,70896,Electric,Dealer,Automatic,Second Owner,26.78,1700,105.9,148.39,5,1357202.6788303272
Maruti Baleno,2020,1028130,195684,CNG,Individual,Manual,Third Owner,15.67,1110,69.35,154.85,7,1350516.0767224417
Toyota Innova,2017,178460,183350,Petrol,Dealer,Automatic,Third Owner,14.43,1296,152.03,150.76,7,212043.560373882
Ford Ecosport,2011,864825,175576,LPG,Individual,Manual,Fourth & Above Owner,18.34,2292,179.83,166.66,5,984664.9368214178
Ford Ecosport,2019,793961,116122,Electric,Trustmark Dealer,Automatic,First Owner,11.56,2897,176.54,296.85,7,1002844.4070938332
Hyundai Creta,2020,800778,116998,CNG,Individual,Automatic,Third Owner,32.33,2986,164.36,200.7,4,1112292.94271163
Hyundai i20,2013,635456,166145,CNG,Dealer,Manual,Fourth & Above Owner,28.93,1801,79.8,126.5,5,939161.9847585208
Maruti Swift,2014,638789,113631,Electric,Trustmark Dealer,Automatic,Fourth & Above Owner,14.05,1865,160.73,272.93,4,752399.5275173037
Toyota Innova,2013,973220,146012,CNG,Dealer,Automatic,Third Owner,27.64,1624,83.99,297.66,5,1253455.841454781
Mahindra XUV500,2005,704594,95393,LPG,Individual,Manual,Fourth & Above Owner,33.94,820,147.09,257.54,6,886616.4328291623
Renault Duster,2018,1114505,40031,Petrol,Dealer,Automatic,First Owner,29.68,1383,179.21,258.3,7,1313296.6393064202
Maruti Swift,2010,520202,132048,LPG,Trustmark Dealer,Automatic,Fourth & Above Owner,23.81,2524,148.76,165.47,6,750109.4263496668
Toyota Innova,2016,1182824,99913,LPG,Individual,Automatic,Second Owner,20.55,864,50.51,128.32,7,1650775.931009887
Toyota Innova,2009,892405,132621,Diesel,Trustmark Dealer,Automatic,Third Owner,33.75,2501,72.33,263.72,7,1004611.7504962522
Skoda Rapid,2005,164826,54541,Diesel,Trustmark Dealer,Manual,Third Owner,22.31,2267,136.04,134.63,5,219846.691316552
Ford Ecosport,2020,960778,20011,Diesel,Dealer,Manual,First Owner,14.86,1577,81.05,105.22,4,1287494.9453866489
Volkswagen Polo,2007,50000,138563,CNG,Dealer,Manual,Second Owner,19.41,1623,70.66,297.92,4,63905.40340398093
Hyundai Creta,2021,725869,82564,Petrol,Trustmark Dealer,Manual,First Owner,13.92,1495,192.83,299.72,6,800818.8095214443
Tata Nexon,2016,639341,170776,CNG,Individual,Automatic,Second Owner,27.44,2401,143.05,91.6,6,712031.6447530005
Skoda Rapid,2021,220288,72507,Electric,Individual,Manual,Third Owner,34.41,2096,52.49,268.5,4,283371.1620841467
Volkswagen Polo,2023,344084,95141,Diesel,Individual,Manual,Third Owner,11.35,2123,143.62,142.23,4,447863.582967723
Maruti Swift,2008,963150,37577,Electric,Trustmark Dealer,Automatic,First Owner,29.89,2526,183.02,288.97,6,1436637.841965824
Ford Ecosport,2014,454896,79498,Diesel,Dealer,Automatic,First Owner,31.63,1418,83.71,114.35,4,661122.1465981692
Maruti Baleno,2005,581829,187910,CNG,Individual,Automatic,Second Owner,31.71,924,173.49,228.71,4,682793.9944777609
Maruti Swift,2009,1042041,173555,Petrol,Trustmark Dealer,Automatic,Third Owner,19.2,1584,95.7,166.7,6,1321038.1244523786
Ford Ecosport,2023,453011,176511,Electric,Dealer,Manual,Second Owner,26.75,2046,106.5,325.0,7,521456.29981424817
Maruti Swift,2007,50000,91527,LPG,Trustmark Dealer,Automatic,Third Owner,12.01,1725,134.99,337.77,6,64012.30152770286
Tata Nexon,2007,217775,67332,LPG,Dealer,Automatic,Fourth & Above Owner,31.72,2479,89.06,94.59,6,285025.86008683336
Hyundai Creta,2021,556800,161690,LPG,Individual,Automatic,First Owner,19.5,1472,179.32,315.7,4,617333.9561476377
Tata Nexon,2010,50000,16963,Electric,Individual,Automatic,Third Owner,22.51,1991,55.22,304.68,6,65890.80348759051
Maruti Swift,2019,885794,162274,CNG,Individual,Manual,Fourth & Above Owner,19.73,2110,148.98,335.92,5,1011027.2319955262
Maruti Baleno,2008,1109081,146937,Petrol,Individual,Manual,First Owner,21.7,1521,133.9,273.06,4,1643842.0390089166
Hyundai i20,2005,565044,180203,Petrol,Individual,Automatic,Fourth & Above Owner,15.94,2422,172.75,299.45,5,806998.2760769968
Hyundai i20,2016,863662,140995,Electric,Trustmark Dealer,Automatic,Second Owner,10.3,1138,155.52,276.63,4,1237583.2598351513
Tata Nexon,2013,914024,158107,LPG,Trustmark Dealer,Automatic,Fourth & Above Owner,28.66,955,196.0,234.63,4,1049430.4869939666
Tata Nexon,2010,97437,188475,Petrol,Trustmark Dealer,Manual,Third Owner,21.35,2508,87.41,325.98,5,143430.69867310335
Toyota Innova,2014,50000,191990,Diesel,Trustmark Dealer,Automatic,Second Owner,20.45,2120,135.14,167.21,4,58587.49433455334
Maruti Swift,2023,1068418,19639,LPG,Individual,Manual,Third Owner,22.2,831,197.61,298.71,4,1505511.7566907872
Volkswagen Polo,2018,710337,90890,CNG,Trustmark Dealer,Automatic,Third Owner,30.02,1659,111.28,291.52,7,982827.6794273276
Hyundai i20,2012,50000,73453,Diesel,Individual,Automatic,First Owner,21.71,1192,145.09,298.18,7,70196.02868629243
Mahindra XUV500,2005,658387,166349,Petrol,Individual,Automatic,Third Owner,23.3,2453,50.63,193.2,5,945259.991519343
Ford Ecosport,2013,491381,132633,LPG,Trustmark Dealer,Automatic,Third Owner,22.05,1238,61.64,280.1,4,710105.7873357395
Skoda Rapid,2009,409127,108034,Diesel,Dealer,Automatic,Third Owner,21.23,1246,149.45,347.42,7,554024.4910279113
Hyundai Creta,2015,754652,55535,LPG,Individual,Manual,Second Owner,14.9,2631,150.99,92.61,5,1048689.555706649
Renault Duster,2015,431657,48800,LPG,Trustmark Dealer,Manual,Fourth & Above Owner,17.58,836,199.23,244.83,4,605941.966453028
Toyota Innova,2017,313669,100191,Electric,Trustmark Dealer,Manual,Third Owner,34.24,2205,50.55,190.16,5,449157.9973892981
Tata Nexon,2013,281227,105954,Diesel,Individual,Manual,First Owner,23.15,1946,76.02,128.22,4,310052.71116035804
Tata Nexon,2011,1049884,62506,Diesel,Dealer,Manual,First Owner,21.4,2893,78.75,326.28,4,1459304.3944798557
Hyundai i20,2013,785674,8060,CNG,Dealer,Manual,Second Owner,13.63,2773,91.85,201.11,6,888537.2209558845
Renault Duster,2013,967579,185246,Electric,Trustmark Dealer,Manual,First Owner,10.9,1804,157.23,218.17,6,1132238.3893892358
Maruti Baleno,2008,450792,92559,Petrol,Individual,Manual,Fourth & Above Owner,11.52,1061,50.48,191.48,6,611635.5333655704
Maruti Swift,2007,443625,30438,Petrol,Dealer,Automatic,First Owner,25.85,826,159.88,173.36,5,573238.5735398114
Toyota Innova,2011,468943,40574,Electric,Individual,Automatic,Second Owner,25.43,2469,77.47,135.51,4,643797.1111493777
Renault Duster,2013,637501,83617,Electric,Individual,Manual,Second Owner,14.47,1207,83.22,151.73,7,918785.9313308768
Volkswagen Polo,2016,663777,173335,Petrol,Dealer,Automatic,Second Owner,28.63,2863,71.74,329.96,4,892509.3904628624
Hyundai Creta,2017,118998,67936,Petrol,Dealer,Automatic,Fourth & Above Owner,31.08,920,140.71,325.36,6,135496.48487300996
Maruti Swift,2017,128558,169481,Petrol,Trustmark Dealer,Manual,Second Owner,11.64,1384,76.58,158.44,6,191149.1109727592
Toyota Innova,2016,680639,64489,Electric,Trustmark Dealer,Automatic,First Owner,19.64,1243,187.01,332.02,7,797636.6234973721
Tata Nexon,2011,952023,117386,Diesel,Trustmark Dealer,Manual,First Owner,24.86,2322,57.47,261.18,7,1107609.775616201
Kia Seltos,2020,781158,145778,Petrol,Dealer,Manual,First Owner,21.16,2436,106.06,288.96,5,934274.7958549514
Maruti Swift,2022,1401036,89569,CNG,Dealer,Manual,Third Owner,23.9,978,95.31,164.04,5,1629320.0139889503
Toyota Innova,2006,960604,39362,CNG,Dealer,Manual,Second Owner,27.71,2579,138.88,228.3,6,1132961.9591451238
Maruti Swift,2019,273151,12795,Petrol,Trustmark Dealer,Automatic,First Owner,18.37,1909,136.24,313.94,7,320689.86015299667
Skoda Rapid,2020,1015122,149885,LPG,Trustmark Dealer,Automatic,First Owner,26.91,2811,73.27,323.44,4,1209847.0920821582
Volkswagen Polo,2006,525117,177437,CNG,Trustmark Dealer,Automatic,Second Owner,28.97,2589,58.22,341.34,7,749246.7209586962
Maruti Baleno,2019,667604,21649,Electric,Dealer,Automatic,Fourth & Above Owner,29.13,1593,139.08,257.43,5,815884.5528802077
Maruti Baleno,2020,1263154,93830,Diesel,Trustmark Dealer,Automatic,First Owner,27.44,2364,116.73,200.48,5,1746323.8117904458
Ford Ecosport,2007,50000,141830,LPG,Trustmark Dealer,Automatic,First Owner,13.57,2399,96.89,118.1,7,69262.85562876501
Ford Ecosport,2020,319369,37282,Electric,Trustmark Dealer,Manual,Second Owner,13.3,2029,137.91,204.86,4,424478.2392520951
Honda City,2022,502667,141895,Diesel,Dealer,Automatic,First Owner,33.84,1729,186.22,113.12,4,609771.2706384633
Mahindra XUV500,2018,1105586,12771,Electric,Dealer,Manual,Second Owner,21.35,918,195.18,110.42,6,1238598.733739749
Maruti Baleno,2006,50000,101124,Petrol,Individual,Manual,First Owner,17.27,926,176.33,167.96,7,67551.00323107307
Honda City,2021,110760,81642,Petrol,Dealer,Manual,First Owner,26.14,2547,145.36,94.28,6,127951.07980707684
Mahindra XUV500,2007,412066,180874,Petrol,Individual,Automatic,Fourth & Above Owner,25.74,1603,101.82,188.55,7,485430.5599351393
Honda City,2022,1116482,188899,CNG,Trustmark Dealer,Automatic,Fourth & Above Owner,21.23,2847,198.85,181.08,5,1575179.7382236016
Toyota Innova,2010,344931,169627,Electric,Trustmark Dealer,Manual,First Owner,28.87,2359,192.41,347.55,6,397542.87618758215
Renault Duster,2011,357910,11135,Diesel,Trustmark Dealer,Automatic,Second Owner,30.64,886,114.6,185.15,6,422546.0208017092
Maruti Baleno,2009,400509,160942,Electric,Trustmark Dealer,Automatic,Third Owner,11.59,2566,63.48,258.73,6,538933.1505296096
Mahindra XUV500,2008,861305,69955,LPG,Trustmark Dealer,Automatic,Third Owner,24.7,2677,90.03,114.98,5,1239476.8491594524
Mahindra XUV500,2008,948882,186173,LPG,Dealer,Manual,Fourth & Above Owner,27.53,2621,81.08,114.48,6,1376621.3628093952
Hyundai Creta,2016,367040,54406,Electric,Trustmark Dealer,Manual,Second Owner,32.34,1006,118.48,208.96,4,504601.9602056434
Maruti Swift,2014,165631,168788,CNG,Individual,Manual,Second Owner,18.67,1232,147.66,188.24,5,218182.8821063325
Toyota Innova,2018,1226603,11443,LPG,Trustmark Dealer,Manual,Second Owner,30.68,2313,100.3,205.99,4,1533682.5344928638
Kia Seltos,2019,172043,160155,Electric,Individual,Manual,Third Owner,29.54,1116,110.85,255.8,7,206930.75411263685
Tata Nexon,2008,505267,66117,Electric,Individual,Manual,Fourth & Above Owner,22.66,1863,67.36,324.77,5,667418.1302024319
Honda City,2023,589383,97852,Electric,Dealer,Automatic,Second Owner,22.99,2600,174.65,307.01,6,836830.4091877537
Skoda Rapid,2013,1102305,113957,Diesel,Dealer,Manual,First Owner,22.63,858,191.51,320.8,7,1569328.4150560978
Mahindra XUV500,2021,1246786,153869,Electric,Individual,Automatic,Third Owner,14.78,2563,185.15,286.36,4,1808206.7337254407
Ford Ecosport,2012,262618,58293,CNG,Trustmark Dealer,Automatic,Third Owner,24.9,2249,191.41,295.39,6,316924.6623605233
Ford Ecosport,2009,50000,179437,LPG,Dealer,Automatic,First Owner,10.54,1920,88.62,316.86,4,62783.43320665971
Renault Duster,2008,677487,91206,CNG,Individual,Manual,Second Owner,24.99,1240,79.73,311.14,6,857821.9454713856
Mahindra XUV500,2014,238154,135948,LPG,Individual,Automatic,Second Owner,33.59,1997,66.46,96.57,7,298656.7176731018
Tata Nexon,2022,632145,53625,LPG,Dealer,Automatic,First Owner,26.92,2108,178.54,180.31,4,761716.3546659889
Tata Nexon,2009,625481,159517,LPG,Individual,Manual,First Owner,19.12,1270,154.38,221.66,4,731494.1460680763
Renault Duster,2006,328063,78864,LPG,Trustmark Dealer,Automatic,Second Owner,33.9,1599,50.16,216.06,6,436700.9662793831
Maruti Swift,2006,50000,151262,LPG,Dealer,Manual,Fourth & Above Owner,22.13,2657,94.15,153.0,6,57055.8725991018
Volkswagen Polo,2022,1347440,97192,Diesel,Dealer,Automatic,First Owner,24.75,1289,153.67,234.21,6,1733781.515170223
Toyota Innova,2023,155746,24150,LPG,Dealer,Manual,Fourth & Above Owner,10.55,2054,196.69,162.98,7,228103.54475017107
Honda City,2022,513987,171267,Diesel,Trustmark Dealer,Manual,Fourth & Above Owner,26.28,1234,82.83,169.63,7,603454.2106273075
Skoda Rapid,2011,361000,93818,Petrol,Individual,Automatic,First Owner,20.15,2668,54.58,333.89,4,459455.6286565154
Tata Nexon,2011,108910,172250,LPG,Trustmark Dealer,Automatic,Third Owner,31.44,1452,85.59,295.76,5,125443.6166363781
Renault Duster,2019,400200,147866,Diesel,Trustmark Dealer,Manual,Fourth & Above Owner,22.65,2684,197.75,235.15,6,518925.2750818972
Honda City,2007,50000,149804,Electric,Individual,Manual,Third Owner,27.53,1581,75.56,112.4,4,59008.73812494746
Maruti Swift,2006,1150000,95601,LPG,Trustmark Dealer,Manual,Second Owner,30.27,1858,70.67,235.25,6,1711106.992197113
Kia Seltos,2021,836526,12850,Electric,Individual,Automatic,Third Owner,13.5,2174,198.75,263.4,6,1017555.5905251214
Tata Nexon,2006,582920,54249,Petrol,Dealer,Manual,Fourth & Above Owner,33.85,1026,119.26,241.75,5,853479.5875398606
Honda City,2019,793471,102350,Petrol,Trustmark Dealer,Automatic,First Owner,10.97,1368,150.85,123.66,4,976085.5739436056
Maruti Baleno,2007,833111,39615,Petrol,Dealer,Manual,Third Owner,25.94,2383,73.59,259.16,5,974229.2740461924
Hyundai i20,2017,1109208,84331,Electric,Dealer,Manual,Third Owner,26.63,908,129.01,200.37,6,1530469.6496200685
Volkswagen Polo,2017,1122929,137967,Diesel,Individual,Manual,Fourth & Above Owner,18.64,952,100.61,224.37,5,1624715.3117475817
Maruti Baleno,2011,580499,131836,CNG,Individual,Manual,First Owner,17.84,2983,134.2,182.66,7,642123.9364578567
Skoda Rapid,2009,340733,196935,Petrol,Individual,Automatic,Fourth & Above Owner,23.99,1054,116.61,94.14,4,439345.7222259418
Hyundai Creta,2011,168714,131911,LPG,Dealer,Automatic,Fourth & Above Owner,30.01,1144,79.16,323.76,4,233883.677496606
Skoda Rapid,2008,422656,155305,CNG,Dealer,Automatic,Fourth & Above Owner,12.62,1876,72.02,283.89,7,601918.2838225442
Kia Seltos,2005,311952,199086,LPG,Individual,Automatic,Fourth & Above Owner,22.22,1662,55.05,321.87,4,352069.68828210514
Renault Duster,2016,303394,52153,Diesel,Trustmark Dealer,Manual,Second Owner,31.33,2100,198.77,306.55,7,428680.33288510056
Maruti Baleno,2011,347862,156590,Diesel,Individual,Manual,Fourth & Above Owner,12.31,2683,114.87,228.19,6,407260.5784527499
Maruti Baleno,2022,1426099,94135,Diesel,Trustmark Dealer,Automatic,Third Owner,31.9,1722,110.76,257.43,7,1899425.5105571777
Maruti Baleno,2013,1154268,28889,LPG,Trustmark Dealer,Manual,Second Owner,28.36,2559,158.44,299.43,4,1632338.3552717203
Maruti Baleno,2019,1339697,23750,CNG,Individual,Automatic,First Owner,17.3,1824,61.69,91.19,5,1818946.9329721136
Tata Nexon,2013,812399,22861,Petrol,Trustmark Dealer,Automatic,First Owner,29.56,1803,178.11,261.92,7,1065975.868446512
Hyundai i20,2008,654038,61822,Diesel,Individual,Automatic,First Owner,21.05,2423,80.34,150.11,4,895491.5270709455
Maruti Swift,2011,146811,188610,Diesel,Individual,Manual,First Owner,34.15,1590,78.36,322.13,7,218329.4643923957
Renault Duster,2015,1164355,90435,LPG,Trustmark Dealer,Manual,Fourth & Above Owner,30.89,2040,180.09,265.53,6,1519882.9796417458
Mahindra XUV500,2011,693618,159445,Electric,Individual,Manual,First Owner,14.41,2407,156.71,182.06,6,948016.4341498204
Kia Seltos,2010,961570,105339,Electric,Trustmark Dealer,Manual,Fourth & Above Owner,21.9,1475,60.25,233.7,4,1414212.2583728898
Volkswagen Polo,2012,344352,166286,Electric,Trustmark Dealer,Manual,First Owner,28.87,1557,64.21,223.09,5,398252.2265333939
Honda City,2006,721851,15377,Electric,Individual,Manual,Second Owner,34.69,2821,79.33,210.11,4,868080.2405149698
Toyota Innova,2022,1181309,147608,LPG,Dealer,Automatic,Second Owner,29.3,1831,110.8,254.59,6,1653448.4031557066
Mahindra XUV500,2020,1330225,12837,Electric,Individual,Manual,Fourth & Above Owner,28.13,1106,168.52,307.36,4,1937389.26582474
Maruti Swift,2020,388960,68972,Diesel,Trustmark Dealer,Manual,Third Owner,26.01,2678,159.87,194.47,7,550086.7463882812
Honda City,2015,266567,83915,Petrol,Individual,Automatic,Third Owner,10.11,974,136.94,167.46,7,393995.4697621546
Renault Duster,2020,117904,11705,Diesel,Individual,Automatic,First Owner,10.23,1739,177.86,124.15,7,159593.21972778463
Hyundai Creta,2007,227438,145829,Petrol,Trustmark Dealer,Manual,Second Owner,29.12,1377,121.59,111.04,5,331904.08867580246
Ford Ecosport,2012,482482,152407,Electric,Individual,Manual,First Owner,32.08,2000,84.53,90.22,6,567367.3709803527
Honda City,2015,534727,180467,LPG,Individual,Manual,Second Owner,10.37,1247,171.77,136.47,7,721772.3214752062
Maruti Baleno,2019,654472,108825,Electric,Trustmark Dealer,Manual,Third Owner,15.35,1418,107.06,303.25,6,932555.8774344036
Honda City,2023,1121768,145010,Petrol,Individual,Automatic,Third Owner,34.18,1548,137.27,138.52,4,1269295.0767672476
Maruti Swift,2008,1027887,104449,LPG,Trustmark Dealer,Automatic,Third Owner,18.29,1910,86.93,245.07,6,1532564.9080675098
Tata Nexon,2015,133830,157138,Electric,Trustmark Dealer,Manual,Second Owner,31.14,2895,85.88,173.74,6,155442.84924942374
Volkswagen Polo,2011,642170,109979,Electric,Individual,Automatic,First Owner,32.84,1806,73.46,224.35,7,836657.198992695
Tata Nexon,2015,279529,176550,Petrol,Trustmark Dealer,Automatic,First Owner,30.63,1114,124.81,238.62,5,391511.12438777206
Ford Ecosport,2014,918681,18195,Petrol,Trustmark Dealer,Manual,First Owner,20.55,1965,154.1,241.88,7,1111623.7501765946
Skoda Rapid,2013,919179,34503,Diesel,Trustmark Dealer,Manual,Second Owner,14.19,1687,193.85,308.72,4,1281368.50797668
Mahindra XUV500,2017,540126,9075,LPG,Individual,Automatic,Second Owner,10.42,2087,126.11,315.81,5,726307.2071168117
Tata Nexon,2021,496524,134805,Diesel,Trustmark Dealer,Automatic,Second Owner,28.75,2484,161.36,131.45,5,627809.4093207152
Skoda Rapid,2009,351736,169428,LPG,Trustmark Dealer,Automatic,First Owner,17.06,1615,80.12,186.25,7,497734.5758696462
Maruti Swift,2008,529378,84299,CNG,Dealer,Manual,First Owner,34.09,2696,198.48,142.09,4,626884.5671414483
Tata Nexon,2021,1252085,10678,CNG,Individual,Manual,First Owner,28.09,809,131.32,146.46,4,1629035.282484282
Tata Nexon,2016,70506,154410,Diesel,Individual,Automatic,Fourth & Above Owner,11.91,1943,111.43,349.8,4,105036.47242486475
Maruti Baleno,2011,1084525,39867,Diesel,Dealer,Automatic,Fourth & Above Owner,24.9,1425,176.74,287.6,6,1239695.996292089
Toyota Innova,2008,50000,17826,LPG,Individual,Manual,First Owner,27.57,1649,53.02,190.49,7,68164.92843636624
Hyundai Creta,2013,195153,91703,Electric,Trustmark Dealer,Manual,Second Owner,22.49,2877,82.21,289.86,7,235076.5936983837
Ford Ecosport,2008,251145,178566,Electric,Individual,Automatic,Third Owner,28.15,953,186.39,299.75,6,362661.0281050421
Volkswagen Polo,2011,50000,54628,Diesel,Individual,Manual,Third Owner,20.63,1880,197.57,326.7,7,67705.81454774912
Hyundai i20,2022,1395820,124728,Petrol,Individual,Automatic,Fourth & Above Owner,14.24,1504,185.13,197.5,4,1972483.4696347483
Maruti Baleno,2016,557527,99974,Diesel,Dealer,Automatic,Third Owner,12.65,2778,66.93,248.66,7,669689.2987816742
Skoda Rapid,2017,937973,137117,Petrol,Trustmark Dealer,Manual,First Owner,21.6,2485,96.52,301.24,5,1285710.6717426025
Mahindra XUV500,2010,467670,147192,CNG,Dealer,Automatic,Third Owner,10.84,1377,182.63,287.36,6,542080.386834122
Maruti Baleno,2014,186853,131594,CNG,Trustmark Dealer,Manual,Third Owner,30.62,1782,95.52,270.81,5,238115.5222916317
Tata Nexon,2017,50000,33227,Diesel,Trustmark Dealer,Manual,Second Owner,31.24,1808,67.25,282.44,4,69283.62091532946
Honda City,2016,219882,148543,CNG,Individual,Automatic,Fourth & Above Owner,14.93,2490,114.33,103.0,7,311344.56032316806
Hyundai i20,2023,344204,72945,LPG,Trustmark Dealer,Manual,Third Owner,26.75,1408,163.46,268.07,4,510988.3478843384
Volkswagen Polo,2005,157389,93188,CNG,Dealer,Automatic,First Owner,10.77,2171,196.59,155.44,6,201538.8891016566
Honda City,2014,551467,197925,Diesel,Dealer,Automatic,Second Owner,34.59,2467,172.14,226.7,7,741394.6400034552
Volkswagen Polo,2019,972331,125250,LPG,Dealer,Automatic,Second Owner,28.69,1515,134.1,211.98,4,1157617.9897590585
Hyundai Creta,2007,68349,141003,LPG,Trustmark Dealer,Manual,Fourth & Above Owner,27.05,2984,172.64,242.29,4,78482.83239240311
Skoda Rapid,2014,50000,188669,LPG,Dealer,Automatic,Third Owner,32.68,1059,109.63,92.06,7,65623.11353400617
Honda City,2011,668879,97763,Electric,Trustmark Dealer,Manual,Third Owner,19.31,1425,98.15,331.05,4,894962.7932301149
Renault Duster,2017,386703,119271,CNG,Dealer,Manual,Second Owner,29.11,1495,198.68,218.13,5,540729.9337998027
Volkswagen Polo,2005,256160,71025,Electric,Individual,Automatic,Third Owner,31.08,1391,158.67,148.6,5,336355.326309555
Toyota Innova,2007,1046844,192504,Petrol,Trustmark Dealer,Manual,Third Owner,18.58,1176,98.07,332.05,7,1493886.868345535
Volkswagen Polo,2021,202474,112999,LPG,Trustmark Dealer,Automatic,Second Owner,13.4,1521,199.57,158.28,5,303007.3375668453
Ford Ecosport,2013,718231,20893,CNG,Trustmark Dealer,Automatic,First Owner,32.01,1596,120.7,175.67,4,1074918.291175839
Maruti Baleno,2015,690926,53815,CNG,Dealer,Manual,First Owner,34.87,1012,194.41,288.13,5,834301.9130884534
Volkswagen Polo,2020,1058987,134033,CNG,Trustmark Dealer,Automatic,Fourth & Above Owner,34.22,1968,111.93,107.86,6,1557946.0154556732
Mahindra XUV500,2022,1307735,99997,Petrol,Dealer,Automatic,Second Owner,27.66,2310,69.53,315.89,7,1961230.9306308264
Maruti Swift,2009,1128669,31494,Electric,Individual,Manual,Second Owner,33.94,1624,149.71,133.92,5,1658665.9773397734
Volkswagen Polo,2006,50000,117351,Electric,Individual,Manual,Third Owner,31.17,1219,53.82,103.79,6,64700.12133405508
Hyundai i20,2012,50000,14998,Electric,Individual,Automatic,First Owner,27.01,1637,88.55,173.83,7,61628.66826339064
Honda City,2017,1167547,55543,LPG,Trustmark Dealer,Manual,Second Owner,11.01,815,143.1,134.21,6,1449716.272241362
Volkswagen Polo,2016,50000,113642,LPG,Trustmark Dealer,Automatic,First Owner,20.68,2297,126.88,139.83,7,58105.3786065504
Maruti Swift,2006,54989,34311,CNG,Dealer,Automatic,Fourth & Above Owner,15.3,2501,151.5,157.72,7,76392.24209932078
Skoda Rapid,2015,258555,53748,Diesel,Individual,Automatic,Fourth & Above Owner,10.14,2174,89.65,97.67,4,358040.3601394328
Mahindra XUV500,2014,61664,172646,Electric,Trustmark Dealer,Manual,Second Owner,21.97,1910,131.66,245.1,6,89009.8085819972
Maruti Swift,2010,822170,174448,Petrol,Dealer,Automatic,Second Owner,16.71,2907,135.54,200.87,6,1222652.193197049
Hyundai i20,2015,71126,73040,Petrol,Trustmark Dealer,Automatic,Third Owner,33.02,1227,105.59,144.02,6,80526.84080643854
Mahindra XUV500,2022,733528,62150,Electric,Individual,Automatic,Fourth & Above Owner,12.61,1938,196.28,197.91,4,1032224.9881095228
Maruti Baleno,2015,485956,142537,CNG,Dealer,Manual,Third Owner,28.44,1002,88.6,187.64,6,650832.4268067951
Renault Duster,2010,606017,182736,CNG,Dealer,Manual,Third Owner,13.36,1919,134.11,250.26,7,845388.9417411548
Tata Nexon,2013,749824,95735,Diesel,Trustmark Dealer,Manual,Second Owner,33.15,1623,74.04,161.78,7,926583.686652978
Volkswagen Polo,2015,557256,100203,Petrol,Dealer,Manual,Fourth & Above Owner,20.8,1396,159.55,162.29,5,822124.3196140841
Skoda Rapid,2013,101409,23929,CNG,Dealer,Automatic,Second Owner,16.4,2026,87.42,223.24,5,126338.27841277076
Mahindra XUV500,2008,1054461,132679,Petrol,Trustmark Dealer,Manual,Fourth & Above Owner,17.22,1865,116.67,327.51,7,1312118.259181836
Tata Nexon,2010,50000,28737,Petrol,Trustmark Dealer,Automatic,Third Owner,32.28,1037,117.95,254.67,7,74250.75033780526
Kia Seltos,2012,804858,139520,Electric,Individual,Automatic,Third Owner,12.97,1419,124.89,312.66,5,928336.1690511436
Volkswagen Polo,2023,369118,118921,Diesel,Individual,Manual,Third Owner,31.53,2973,138.69,211.01,7,448233.2479706986
Honda City,2015,629371,17521,Electric,Trustmark Dealer,Automatic,Fourth & Above Owner,28.41,2104,173.78,224.61,7,725835.4784202772
Hyundai i20,2014,50000,37761,Petrol,Individual,Manual,Second Owner,18.29,1565,128.72,311.48,6,71796.78929179412
Maruti Swift,2006,79265,103615,Diesel,Dealer,Automatic,Fourth & Above Owner,34.6,2621,66.23,160.42,4,91536.54845742704
Skoda Rapid,2007,50000,55329,Diesel,Individual,Automatic,First Owner,26.21,2600,64.58,296.51,6,63799.63987107891
Ford Ecosport,2021,1094991,137131,Electric,Trustmark Dealer,Automatic,Third Owner,15.99,2227,107.59,262.04,6,1512079.0642130985
Maruti Baleno,2013,535541,145645,LPG,Trustmark Dealer,Automatic,First Owner,12.99,2857,176.96,160.54,4,721030.3076121467
Toyota Innova,2011,696014,180797,Diesel,Individual,Automatic,Third Owner,23.06,1567,158.47,322.53,7,903036.1776301356
Maruti Baleno,2015,514253,17485,Petrol,Dealer,Manual,Second Owner,13.13,2379,52.11,319.06,4,711834.3864276445
Renault Duster,2013,632409,108615,Diesel,Trustmark Dealer,Manual,Fourth & Above Owner,29.06,2059,131.66,300.0,4,946501.2646342342
Tata Nexon,2018,643664,130637,Petrol,Dealer,Automatic,Second Owner,34.11,1055,94.91,173.93,6,931760.0394551367
Skoda Rapid,2014,990121,110560,LPG,Individual,Manual,First Owner,32.18,1340,160.4,290.12,6,1462589.1945932603
Maruti Swift,2005,298904,186411,LPG,Trustmark Dealer,Manual,Fourth & Above Owner,30.52,1799,162.39,318.58,6,332273.38821019285
Mahindra XUV500,2008,576986,129378,Electric,Individual,Manual,Second Owner,15.29,2486,142.4,235.35,5,684331.4014965273
Hyundai Creta,2021,354430,141653,Diesel,Individual,Manual,Fourth & Above Owner,26.51,2264,62.29,156.44,5,526103.6053139709
Kia Seltos,2005,1009406,60217,Diesel,Dealer,Manual,Fourth & Above Owner,18.96,2620,102.03,176.01,4,1317686.034995317
Toyota Innova,2020,91586,57276,Petrol,Individual,Manual,First Owner,33.83,1304,112.28,227.42,5,112011.09260901377
Kia Seltos,2020,797428,158359,Diesel,Individual,Manual,First Owner,25.23,1257,108.17,121.55,5,946951.5449052074
Ford Ecosport,2020,484007,81400,Petrol,Individual,Manual,First Owner,19.7,1657,120.53,246.97,5,582205.1654426135
Toyota Innova,2005,50000,114320,Petrol,Individual,Automatic,Second Owner,19.2,2356,73.68,229.43,5,72660.25064224575
Honda City,2009,325557,86272,Petrol,Trustmark Dealer,Manual,Second Owner,12.03,2089,78.81,307.33,7,425307.1136819822
Maruti Baleno,2023,1341116,178015,Diesel,Trustmark Dealer,Manual,Fourth & Above Owner,23.05,1819,69.82,116.15,4,1595252.698354506
Maruti Swift,2007,961549,40412,LPG,Trustmark Dealer,Manual,Fourth & Above Owner,22.08,2055,134.18,264.9,5,1387274.2244258851
Tata Nexon,2006,1002191,183266,LPG,Trustmark Dealer,Automatic,Fourth & Above Owner,13.32,2836,189.85,153.2,4,1473596.2741134616
Maruti Swift,2018,306491,46959,Electric,Trustmark Dealer,Automatic,Fourth & Above Owner,33.63,1366,174.13,209.43,4,430561.2918372324
Honda City,2021,407658,47300,CNG,Trustmark Dealer,Automatic,Fourth & Above Owner,29.57,1530,133.75,226.17,4,525843.0729328108
Tata Nexon,2011,585919,189408,LPG,Dealer,Manual,Second Owner,11.59,1984,176.71,289.35,6,644710.6198971674
Maruti Baleno,2022,352801,117302,Diesel,Trustmark Dealer,Manual,Fourth & Above Owner,22.0,1506,134.34,312.71,6,391814.3557591956
Tata Nexon,2011,619764,67313,CNG,Individual,Manual,First Owner,28.03,1552,139.32,309.93,6,904459.0644531888
Mahindra XUV500,2010,1020830,74651,LPG,Dealer,Automatic,Second Owner,33.49,1713,128.29,188.76,5,1377886.377211142
Mahindra XUV500,2009,353609,9638,LPG,Dealer,Automatic,Second Owner,21.86,2825,158.84,293.15,4,403296.80740937
Maruti Baleno,2007,1077744,154514,LPG,Dealer,Manual,Second Owner,28.05,2521,168.81,248.44,4,1374669.3179311496
Hyundai Creta,2006,283712,116162,LPG,Trustmark Dealer,Automatic,Third Owner,13.88,1718,104.87,315.16,6,371308.7586761225
Honda City,2005,576083,127789,CNG,Individual,Manual,Fourth & Above Owner,15.21,2470,86.8,308.39,7,655308.8359031123
Hyundai i20,2010,50000,27657,CNG,Dealer,Manual,Second Owner,10.5,2561,105.05,328.53,5,61501.45666215877
Hyundai i20,2015,439771,55330,Petrol,Trustmark Dealer,Automatic,First Owner,20.27,2998,149.55,134.88,7,576054.6849701271
Maruti Baleno,2012,1215012,197801,LPG,Individual,Manual,Third Owner,12.39,2443,148.38,315.26,4,1446985.751776053
Toyota Innova,2018,1239150,42888,CNG,Dealer,Automatic,Second Owner,20.41,2416,91.09,311.14,4,1580382.106226133
Tata Nexon,2015,881382,9757,Diesel,Trustmark Dealer,Manual,Second Owner,21.52,2119,89.14,239.25,7,1201303.2921875692
Renault Duster,2021,396713,70862,CNG,Dealer,Automatic,Third Owner,26.82,2124,181.48,295.0,6,531066.8423308581
Skoda Rapid,2012,613024,79196,Diesel,Individual,Manual,Fourth & Above Owner,17.55,2015,170.92,242.35,7,803483.7280885311
Maruti Baleno,2013,772803,72344,Petrol,Dealer,Manual,Second Owner,29.87,2367,72.5,338.09,4,893651.7870433531
Kia Seltos,2011,184263,21429,Petrol,Trustmark Dealer,Automatic,Fourth & Above Owner,17.69,2415,138.9,325.85,4,242151.221531242
Maruti Swift,2010,159065,130036,LPG,Individual,Automatic,Third Owner,31.28,1005,103.48,198.02,4,197337.26120293344
Ford Ecosport,2009,339963,171818,CNG,Individual,Automatic,First Owner,17.91,2356,145.01,238.3,4,448161.2337355459
Volkswagen Polo,2010,772025,67109,Electric,Trustmark Dealer,Manual,Second Owner,18.64,1020,78.97,194.89,7,954266.8342498183
Renault Duster,2021,682743,33159,Diesel,Dealer,Manual,Second Owner,11.08,1463,102.39,110.96,7,807583.4690680621
Maruti Swift,2016,491114,114853,Diesel,Trustmark Dealer,Automatic,First Owner,20.55,2979,126.91,189.8,5,615266.9937182195
Maruti Baleno,2006,532539,23971,Petrol,Dealer,Manual,Second Owner,34.62,935,158.14,264.31,7,677617.1834569112
Renault Duster,2013,50000,175390,Electric,Dealer,Automatic,Fourth & Above Owner,14.45,1060,98.24,149.15,7,55637.77014704067
Volkswagen Polo,2021,536903,163583,LPG,Dealer,Automatic,First Owner,26.07,2481,137.9,299.72,5,679500.0131605223
Ford Ecosport,2011,217655,75786,Diesel,Individual,Automatic,Second Owner,33.43,1059,61.31,229.63,5,319550.4371646717
Honda City,2006,554678,51490,Petrol,Dealer,Automatic,Second Owner,30.47,1175,155.28,269.52,7,788093.0223217446
Maruti Swift,2005,782774,61085,CNG,Trustmark Dealer,Manual,Fourth & Above Owner,26.88,2119,181.18,157.88,4,1089451.9035599842
Maruti Swift,2018,1267610,95228,Electric,Individual,Manual,First Owner,26.52,2319,186.25,146.98,5,1705289.8220418035
Maruti Baleno,2011,50000,74008,LPG,Individual,Manual,Fourth & Above Owner,26.53,1506,55.27,313.68,4,59268.61553327096
Ford Ecosport,2019,749454,184074,LPG,Dealer,Automatic,First Owner,30.05,1442,105.45,177.26,6,982887.1431983404
Toyota Innova,2015,557438,134082,LPG,Dealer,Manual,Second Owner,18.93,1969,88.01,91.61,4,648095.2029560572
Kia Seltos,2005,911056,158613,CNG,Dealer,Manual,Third Owner,34.37,2956,173.31,124.71,4,1314179.44492471
Skoda Rapid,2008,878579,38447,Petrol,Trustmark Dealer,Manual,Fourth & Above Owner,17.61,1631,181.28,175.34,4,1162227.9552565648
Honda City,2016,721890,197741,CNG,Trustmark Dealer,Manual,First Owner,29.9,2396,81.55,104.13,6,815120.2301354136
Renault Duster,2007,823495,76104,LPG,Dealer,Manual,Third Owner,11.58,852,196.52,198.24,7,1028413.0939120848
Maruti Swift,2005,777126,68038,Petrol,Individual,Automatic,Second Owner,19.28,1692,169.72,134.38,5,1115585.5840679505
Toyota Innova,2023,1217339,182500,Petrol,Individual,Automatic,Second Owner,26.85,935,183.79,181.89,6,1610361.377390143
Honda City,2012,766888,162437,Electric,Individual,Manual,First Owner,11.1,1032,137.4,154.99,6,1112256.4720055049
Honda City,2008,658681,51479,CNG,Dealer,Manual,Fourth & Above Owner,26.78,1867,58.32,184.99,4,918629.5680864014
Maruti Baleno,2007,159242,54301,Diesel,Individual,Automatic,First Owner,28.08,2006,67.76,320.97,6,181043.74795373145
Skoda Rapid,2016,1043230,165114,LPG,Dealer,Automatic,First Owner,32.05,2775,111.67,279.31,6,1443363.9714997122
Honda City,2023,1300014,147068,Electric,Individual,Automatic,First Owner,23.09,2159,93.7,165.05,5,1516208.652766793
Hyundai Creta,2013,110453,168783,LPG,Dealer,Manual,Second Owner,27.94,2294,90.02,219.72,7,134444.8064677975
Kia Seltos,2010,50000,46384,LPG,Dealer,Manual,Fourth & Above Owner,12.17,1214,71.74,251.96,7,56458.438772416455
Hyundai Creta,2006,838304,157706,Petrol,Dealer,Manual,Second Owner,18.74,851,122.7,164.69,5,1031086.7443646656
Ford Ecosport,2017,222836,165212,Petrol,Individual,Manual,Third Owner,31.89,1705,127.41,128.99,5,306256.3478749358
Toyota Innova,2018,112445,47216,LPG,Trustmark Dealer,Automatic,Third Owner,20.0,1671,131.33,267.68,5,140895.5165055422
Maruti Baleno,2020,1292025,143174,Petrol,Dealer,Manual,Third Owner,18.92,1176,71.98,98.53,7,1887042.081067492
Tata Nexon,2005,780584,123364,Diesel,Dealer,Manual,Third Owner,20.06,1662,115.95,165.56,5,1037989.7993456124
Renault Duster,2022,658625,115949,LPG,Trustmark Dealer,Manual,Fourth & Above Owner,21.91,1401,141.38,167.82,4,784825.2825688241
Mahindra XUV500,2013,243034,115406,Petrol,Individual,Automatic,First Owner,25.25,1829,184.39,290.75,6,295852.3700403617
Honda City,2018,120985,10720,Diesel,Trustmark Dealer,Manual,Third Owner,33.02,1131,67.45,150.07,6,138250.54293284006
Skoda Rapid,2022,457251,147151,LPG,Trustmark Dealer,Manual,Third Owner,22.72,1177,172.6,177.58,4,529562.2258134019
Tata Nexon,2022,822708,154585,LPG,Trustmark Dealer,Manual,First Owner,20.36,1155,122.48,224.39,7,978980.3731503534
Renault Duster,2023,199374,127261,Petrol,Dealer,Automatic,Fourth & Above Owner,14.91,2098,160.74,136.24,7,277075.8093966857
Volkswagen Polo,2020,343730,67517,Petrol,Trustmark Dealer,Automatic,First Owner,12.95,1317,184.98,101.38,5,429816.66228183336
Hyundai i20,2020,1289783,30308,Diesel,Trustmark Dealer,Automatic,First Owner,31.51,2781,124.22,186.65,4,1825096.703747108
Kia Seltos,2018,1021162,116038,Diesel,Individual,Manual,Third Owner,16.13,2255,137.71,256.84,4,1280410.0118762113
Ford Ecosport,2008,50000,122399,CNG,Individual,Automatic,Second Owner,30.07,1174,119.58,123.44,4,71456.73148403267
Maruti Baleno,2009,350615,199117,CNG,Trustmark Dealer,Manual,Fourth & Above Owner,12.05,1216,197.71,202.31,7,512607.5918506716
Maruti Baleno,2014,933033,162166,Diesel,Individual,Manual,Third Owner,28.92,2430,130.45,244.39,4,1320290.5784771405
Mahindra XUV500,2022,187613,29460,Diesel,Dealer,Manual,Fourth & Above Owner,33.08,2922,135.57,213.48,4,231333.2094267319
Renault Duster,2018,626185,136784,Diesel,Dealer,Automatic,Second Owner,16.96,1929,184.86,252.91,6,801427.0192469963
Volkswagen Polo,2012,183165,138935,Petrol,Individual,Automatic,Second Owner,23.72,1568,113.81,195.2,5,238465.6639187981
Volkswagen Polo,2012,131656,176843,CNG,Trustmark Dealer,Automatic,Second Owner,20.03,2437,178.21,159.04,7,173213.9727121761
Maruti Swift,2018,1325169,190021,CNG,Individual,Manual,First Owner,21.71,1043,179.14,289.01,7,1636779.9266862697
Maruti Swift,2015,86659,178326,CNG,Dealer,Automatic,First Owner,30.66,1597,149.7,143.77,5,124066.56332386106
Hyundai i20,2022,1304263,70132,Diesel,Individual,Manual,Third Owner,16.48,2203,64.45,210.82,7,1744351.3921930725
Maruti Swift,2022,1324593,147272,Electric,Dealer,Automatic,Second Owner,14.12,1130,119.92,148.51,5,1636188.8610246717
Renault Duster,2023,967207,52671,Diesel,Individual,Automatic,Third Owner,24.23,1993,126.69,204.14,5,1086993.999561342
Ford Ecosport,2005,132079,135558,Electric,Individual,Manual,Fourth & Above Owner,13.55,2720,68.93,189.55,5,147550.98992254457
Hyundai i20,2007,447029,79107,Diesel,Trustmark Dealer,Automatic,Third Owner,21.91,2761,68.75,308.7,6,613181.2234852476
Kia Seltos,2020,377973,46948,Electric,Dealer,Automatic,Third Owner,33.3,2061,171.39,342.06,4,449148.7508191924
Renault Duster,2023,190086,95131,Electric,Trustmark Dealer,Manual,Third Owner,13.09,2712,131.23,331.82,7,259152.0296940352
Ford Ecosport,2006,352479,28005,CNG,Individual,Manual,Third Owner,14.8,946,82.24,257.23,6,465896.2109989901
Skoda Rapid,2017,829364,85814,Electric,Individual,Manual,First Owner,34.46,2980,133.72,149.89,6,1220949.75827063
Hyundai i20,2008,50000,5479,Diesel,Individual,Manual,First Owner,34.01,2115,163.45,180.57,5,65367.00760053058
Hyundai Creta,2023,656021,61654,CNG,Dealer,Automatic,Fourth & Above Owner,27.48,2619,93.79,208.18,6,804942.4988608672
Mahindra XUV500,2017,1311669,198707,CNG,Dealer,Automatic,Fourth & Above Owner,12.08,2713,152.13,252.69,5,1900446.70774472
Mahindra XUV500,2014,896644,51636,Petrol,Individual,Manual,Second Owner,22.72,811,144.69,332.21,4,1106399.2230932305
Volkswagen Polo,2021,718168,156119,CNG,Trustmark Dealer,Manual,Fourth & Above Owner,24.99,1474,89.46,160.2,5,810491.277927929
Honda City,2016,404083,45425,Electric,Dealer,Manual,Fourth & Above Owner,13.94,2743,69.65,346.84,7,454816.3678980782
Ford Ecosport,2020,952362,140362,CNG,Trustmark Dealer,Automatic,Fourth & Above Owner,11.46,2322,106.15,179.47,4,1126386.9019773523
Mahindra XUV500,2013,61203,48117,CNG,Dealer,Manual,Fourth & Above Owner,32.59,1025,140.71,104.65,6,79003.37610943809
Kia Seltos,2021,699739,184932,LPG,Dealer,Automatic,Second Owner,11.21,1968,121.73,303.54,4,773586.4260136604
Hyundai i20,2015,54621,187853,Petrol,Trustmark Dealer,Manual,Third Owner,16.36,1634,129.25,116.91,7,79007.31948436351
Tata Nexon,2021,523977,19435,CNG,Trustmark Dealer,Automatic,First Owner,17.24,980,149.39,98.51,5,585954.3952987641
Hyundai i20,2019,546734,58757,Petrol,Individual,Automatic,Fourth & Above Owner,27.18,1026,111.07,116.32,4,683533.9774003229
Mahindra XUV500,2017,1065400,18412,Electric,Individual,Automatic,Second Owner,23.89,2407,198.6,196.69,7,1249093.353836879
Kia Seltos,2005,412815,36718,Electric,Trustmark Dealer,Manual,Fourth & Above Owner,32.98,1103,50.68,283.55,5,475668.8168313044
Toyota Innova,2017,1325462,148213,Electric,Trustmark Dealer,Manual,Second Owner,23.31,1745,162.89,301.02,5,1893340.569803673
Maruti Swift,2023,1165928,196984,Petrol,Dealer,Automatic,First Owner,12.74,2354,145.72,244.93,7,1665298.6795833332
Skoda Rapid,2012,759350,100217,CNG,Trustmark Dealer,Automatic,Second Owner,21.64,2333,100.27,279.18,7,1022762.507791582
Tata Nexon,2007,404796,102114,CNG,Dealer,Manual,Fourth & Above Owner,15.59,2870,160.72,283.76,5,472868.1005671111
Kia Seltos,2010,273778,95167,Petrol,Trustmark Dealer,Manual,Fourth & Above Owner,28.12,2551,192.23,142.25,5,351786.74433216074
Skoda Rapid,2009,1009031,146470,Diesel,Dealer,Manual,Third Owner,33.6,2895,139.67,166.82,5,1382810.6839287682
Maruti Baleno,2021,371534,189383,CNG,Dealer,Automatic,Third Owner,27.48,1757,183.92,184.87,4,542256.6385024716
Hyundai Creta,2013,1070719,31711,Petrol,Dealer,Automatic,Second Owner,34.49,2338,189.79,324.37,7,1193703.4814463586
Skoda Rapid,2023,1025332,188852,CNG,Trustmark Dealer,Manual,First Owner,20.49,2508,145.16,143.3,5,1365306.6914438216
Maruti Baleno,2013,731144,126794,Diesel,Dealer,Manual,Third Owner,33.48,1693,118.57,275.9,6,851968.6913844377
Honda City,2021,1020785,54922,Electric,Dealer,Manual,Second Owner,29.42,2070,182.92,243.86,5,1336989.9919305493
Maruti Swift,2021,908037,83216,Diesel,Individual,Automatic,Third Owner,23.33,1047,171.27,94.0,4,1072364.2019337432
Hyundai i20,2020,730576,111057,Petrol,Dealer,Automatic,Third Owner,24.11,1112,70.55,183.28,4,813388.5748377928
Renault Duster,2022,200001,64040,CNG,Dealer,Manual,Third Owner,18.96,1718,156.34,228.17,4,268707.2136192278
Toyota Innova,2015,363558,32534,LPG,Individual,Automatic,Fourth & Above Owner,16.97,949,106.79,155.65,6,539906.5208086619
Skoda Rapid,2005,564086,56680,Diesel,Individual,Automatic,Fourth & Above Owner,31.7,2004,128.34,155.17,4,714018.3972872858
Honda City,2007,50000,184209,Petrol,Trustmark Dealer,Manual,Second Owner,11.24,1189,95.19,336.62,5,70928.34875382893
Honda City,2023,300448,42706,CNG,Individual,Manual,Fourth & Above Owner,15.63,1005,142.28,99.88,5,405393.2021144915
Honda City,2018,763441,28474,CNG,Trustmark Dealer,Manual,Third Owner,24.6,2702,52.27,215.0,5,968040.1533525614
Kia Seltos,2021,1058697,56800,LPG,Individual,Automatic,Third Owner,25.06,881,80.99,194.15,7,1262213.555827696
Kia Seltos,2019,223679,124558,Petrol,Dealer,Manual,Fourth & Above Owner,13.99,1321,51.83,225.25,7,301064.9795919124
Maruti Baleno,2015,666990,33668,LPG,Dealer,Automatic,Third Owner,19.85,2347,159.36,96.69,4,943862.3098888278
Ford Ecosport,2020,572883,60722,Electric,Individual,Automatic,Second Owner,32.59,2111,197.02,223.56,4,781727.6388007433
Volkswagen Polo,2018,1305556,67662,CNG,Individual,Automatic,Second Owner,10.75,2174,152.09,314.2,7,1920869.930124671
Honda City,2020,552426,154727,Petrol,Trustmark Dealer,Manual,Second Owner,23.94,1856,73.3,219.17,4,659325.4864925592
Volkswagen Polo,2015,50000,103686,CNG,Individual,Manual,Second Owner,26.14,1036,66.25,261.23,6,66024.36093838725
Volkswagen Polo,2006,332673,91791,Diesel,Trustmark Dealer,Manual,Fourth & Above Owner,27.77,1999,66.24,102.89,6,384009.0016699379
Renault Duster,2012,826768,35968,LPG,Individual,Automatic,Third Owner,11.37,1646,124.35,141.06,5,1229232.4518754256
Skoda Rapid,2005,50000,192783,Petrol,Dealer,Automatic,Fourth & Above Owner,27.01,2394,155.09,173.71,5,55584.36043056758
Mahindra XUV500,2022,1069196,67309,CNG,Trustmark Dealer,Automatic,Fourth & Above Owner,33.37,1922,76.89,218.44,5,1378451.0265679157
Maruti Baleno,2010,127141,199489,CNG,Dealer,Manual,Fourth & Above Owner,33.83,1524,104.05,182.87,4,175453.8518696666
Volkswagen Polo,2020,1139889,134102,LPG,Trustmark Dealer,Automatic,Second Owner,24.57,2244,167.98,145.64,6,1345207.3409017802
Honda City,2006,566006,92104,Petrol,Dealer,Automatic,Second Owner,29.42,1525,198.34,145.63,4,783015.6198866046
Maruti Baleno,2012,681521,198029,Electric,Dealer,Manual,First Owner,25.36,1570,157.1,188.24,7,1019162.6681131189
Hyundai i20,2005,751942,91272,LPG,Trustmark Dealer,Automatic,Second Owner,33.16,2187,131.06,190.65,4,873401.5182782876
Toyota Innova,2013,191596,91110,CNG,Dealer,Manual,First Owner,28.52,2015,169.73,249.16,4,222628.86311581184
Tata Nexon,2005,405992,68013,Diesel,Trustmark Dealer,Manual,Second Owner,24.62,2695,138.56,333.79,6,487010.5075739893
Tata Nexon,2016,50000,64614,LPG,Individual,Automatic,Third Owner,13.24,2566,117.23,152.11,7,74954.93264045732
Ford Ecosport,2023,761687,68203,CNG,Individual,Automatic,Third Owner,33.8,1853,89.87,286.12,6,1137932.691255187
Tata Nexon,2005,845777,19025,Petrol,Individual,Automatic,First Owner,31.67,1971,76.87,188.12,5,1023829.4011320204
Honda City,2007,50000,182439,Electric,Individual,Automatic,Fourth & Above Owner,28.33,2430,103.92,198.31,6,69913.07517825188
Volkswagen Polo,2014,445727,22385,CNG,Dealer,Automatic,Third Owner,32.7,2899,99.7,317.32,4,627173.2210619727
Mahindra XUV500,2013,466170,114784,Diesel,Trustmark Dealer,Manual,Second Owner,12.08,2745,60.42,310.58,5,698624.6115360182
Volkswagen Polo,2022,1067623,186202,LPG,Dealer,Automatic,First Owner,20.1,2825,157.06,138.17,5,1446850.4125779888
Kia Seltos,2018,1221826,42696,Petrol,Individual,Manual,First Owner,12.5,2223,178.01,310.96,4,1597934.4472053477
Ford Ecosport,2007,1187628,175767,Petrol,Trustmark Dealer,Manual,First Owner,17.2,1879,97.53,118.8,7,1718809.6728683943
Ford Ecosport,2019,1314937,57502,LPG,Trustmark Dealer,Automatic,First Owner,33.14,2667,96.76,268.62,7,1959350.180325973
Hyundai Creta,2012,500626,114257,Diesel,Individual,Automatic,Second Owner,10.41,1594,149.87,347.06,7,679730.0402424019
Volkswagen Polo,2014,641376,173418,CNG,Dealer,Manual,Fourth & Above Owner,10.73,2982,116.04,343.08,6,924427.7940528794
Maruti Baleno,2011,633385,157792,Electric,Individual,Automatic,Fourth & Above Owner,33.04,1184,55.66,238.67,4,784725.4342388256
Maruti Baleno,2013,1242389,186613,Diesel,Trustmark Dealer,Manual,First Owner,20.52,851,154.3,144.13,7,1368239.2661659955
Maruti Swift,2008,916171,69817,Electric,Individual,Automatic,First Owner,34.78,2293,165.51,335.62,5,1123276.8215189185
Hyundai Creta,2008,50000,68404,LPG,Dealer,Automatic,First Owner,31.97,1010,118.95,272.67,5,59189.14479290296
Maruti Baleno,2016,348387,169606,Petrol,Dealer,Automatic,Second Owner,22.64,1540,90.13,126.87,7,432921.23022997566
Mahindra XUV500,2020,411583,158356,Electric,Dealer,Manual,Second Owner,22.68,1983,66.35,152.24,7,548129.5580303147
Renault Duster,2005,224816,121010,CNG,Dealer,Manual,Fourth & Above Owner,28.69,2509,168.95,95.55,7,271152.6212944894
Tata Nexon,2019,1097385,106348,Petrol,Trustmark Dealer,Manual,Third Owner,22.16,2354,77.57,301.32,6,1470130.7719367174
Ford Ecosport,2012,187990,30499,LPG,Individual,Manual,Third Owner,14.57,1296,119.39,190.58,4,240170.55634325693
Mahindra XUV500,2022,123945,139974,Diesel,Dealer,Automatic,First Owner,18.91,2944,108.9,149.86,7,165977.44182159635
Toyota Innova,2009,496402,170355,Electric,Individual,Manual,Fourth & Above Owner,22.5,1291,161.48,141.06,7,646390.547918262
Volkswagen Polo,2008,679082,89442,CNG,Individual,Manual,Second Owner,16.79,1922,126.65,223.79,6,807212.0217767576
Mahindra XUV500,2022,1033846,21832,Petrol,Dealer,Manual,Fourth & Above Owner,18.38,2407,73.43,255.43,4,1468576.1466205523
Tata Nexon,2010,50000,67735,Diesel,Dealer,Manual,First Owner,20.35,2640,73.3,267.67,7,57017.64345356412
Hyundai i20,2011,249947,136464,LPG,Individual,Manual,First Owner,18.68,1866,93.16,227.59,5,335849.678928038
Maruti Baleno,2016,638030,39465,Petrol,Trustmark Dealer,Automatic,Third Owner,19.53,1880,128.03,95.79,7,950661.0181010076
Renault Duster,2020,232694,113439,Petrol,Dealer,Automatic,Fourth & Above Owner,30.71,1035,172.39,201.11,7,265101.4674137564
Kia Seltos,2021,1048336,190686,Electric,Dealer,Manual,First Owner,11.89,2958,158.83,340.6,6,1401367.6607603638
Kia Seltos,2022,577245,139552,LPG,Individual,Manual,Second Owner,22.65,2123,125.8,112.29,7,780244.3059948937
Hyundai Creta,2015,528075,36352,LPG,Individual,Manual,Fourth & Above Owner,27.72,2654,140.96,227.1,6,631023.3287680527
Honda City,2022,1136495,155281,CNG,Individual,Manual,First Owner,18.24,1452,198.75,278.61,4,1635415.6263348877
Volkswagen Polo,2012,418573,135072,Diesel,Trustmark Dealer,Automatic,Second Owner,23.01,1912,154.04,305.62,6,618923.1994986029
Toyota Innova,2023,182551,80328,Electric,Trustmark Dealer,Manual,Fourth & Above Owner,24.57,2602,140.36,245.9,5,216230.85329159125
Skoda Rapid,2020,974160,125707,LPG,Trustmark Dealer,Automatic,First Owner,25.97,2492,147.36,317.77,4,1203290.7216757508
Hyundai i20,2021,224914,168799,Electric,Trustmark Dealer,Manual,Third Owner,26.93,2346,118.96,234.39,4,288898.2715603988
Renault Duster,2005,481251,22071,CNG,Trustmark Dealer,Manual,First Owner,26.92,1334,178.01,346.6,7,574113.2473654493
Mahindra XUV500,2011,50000,56914,Petrol,Individual,Manual,First Owner,33.14,1400,93.74,320.08,7,72348.6893395779
Tata Nexon,2006,710439,144177,CNG,Trustmark Dealer,Automatic,Second Owner,14.61,911,117.96,121.57,6,1063230.5849616458
Maruti Swift,2013,915787,13397,Electric,Dealer,Automatic,First Owner,33.86,2491,104.76,338.38,4,1260381.7694042204
Maruti Baleno,2022,773800,48870,Diesel,Dealer,Automatic,Fourth & Above Owner,18.23,2910,158.29,345.0,7,1133404.134663263
Renault Duster,2012,1172764,59624,Electric,Trustmark Dealer,Manual,First Owner,18.39,917,147.89,269.99,7,1468893.4507853854
Tata Nexon,2014,479697,110776,LPG,Individual,Manual,Fourth & Above Owner,27.85,2907,100.9,178.13,7,613246.1785088003
Mahindra XUV500,2014,606670,56664,CNG,Dealer,Automatic,Third Owner,12.49,1766,90.22,319.91,5,734533.214220024
Maruti Baleno,2010,417004,79429,CNG,Trustmark Dealer,Automatic,First Owner,19.59,2255,123.4,324.43,4,529269.266439067
Volkswagen Polo,2008,928328,183465,CNG,Individual,Automatic,Second Owner,20.29,1520,140.24,161.98,5,1032916.2848971636
Toyota Innova,2008,183531,41936,LPG,Dealer,Manual,First Owner,10.83,1704,56.94,106.48,5,267569.3991133763
Renault Duster,2009,939150,177380,Diesel,Individual,Manual,First Owner,13.7,1064,158.99,205.17,6,1092360.417097242
Mahindra XUV500,2009,50000,127375,Electric,Individual,Automatic,Third Owner,34.97,2575,96.62,281.67,5,64383.98887860959
Renault Duster,2013,892548,42217,Diesel,Dealer,Automatic,Third Owner,11.62,2084,62.97,191.82,5,1147270.0172187802
Renault Duster,2020,1268063,143984,CNG,Individual,Automatic,Third Owner,32.27,2787,64.38,250.26,4,1640186.6290104445
Hyundai Creta,2011,606398,47608,LPG,Individual,Manual,Fourth & Above Owner,18.12,2045,100.5,95.89,7,839179.1320053029
Toyota Innova,2014,972202,142751,Diesel,Individual,Manual,First Owner,32.48,1984,98.51,161.45,4,1146731.8861135463
Ford Ecosport,2022,1048823,32248,Electric,Dealer,Automatic,First Owner,22.25,2752,161.75,197.43,6,1329974.1062270934
Maruti Swift,2012,50000,15358,CNG,Dealer,Manual,Third Owner,29.22,2161,113.13,203.1,5,64559.52091864864
Maruti Swift,2005,592946,137944,Electric,Individual,Manual,Fourth & Above Owner,16.94,1526,129.77,95.6,7,718826.6197192896
Tata Nexon,2010,225359,6511,Petrol,Trustmark Dealer,Automatic,Fourth & Above Owner,19.56,869,109.88,280.87,5,275337.9450997552
Honda City,2008,50000,142588,Petrol,Individual,Manual,Second Owner,23.03,2277,133.97,309.24,7,60392.54272432852
Mahindra XUV500,2005,50000,186137,Electric,Trustmark Dealer,Automatic,Second Owner,20.34,2096,89.31,341.43,7,60621.24573272259
Renault Duster,2012,384553,193317,Petrol,Trustmark Dealer,Manual,Third Owner,11.82,976,166.04,92.07,6,499753.5665188663
Mahindra XUV500,2017,1095195,151065,CNG,Trustmark Dealer,Manual,First Owner,18.21,1855,172.56,173.71,4,1365073.584559666
Toyota Innova,2005,1012712,21622,LPG,Trustmark Dealer,Manual,Fourth & Above Owner,31.74,1846,90.66,295.47,4,1238806.345743477
Mahindra XUV500,2023,394926,55107,Petrol,Dealer,Manual,Second Owner,33.32,854,60.39,137.93,7,515115.5292556816
Hyundai i20,2012,228064,123629,Petrol,Individual,Automatic,Third Owner,18.67,2160,199.23,208.56,5,292471.2300105824
Volkswagen Polo,2019,1273407,168159,CNG,Dealer,Automatic,Third Owner,16.44,2080,105.64,150.34,4,1682432.449415466
Hyundai Creta,2005,455207,80921,Petrol,Dealer,Automatic,Second Owner,29.56,1093,81.32,296.08,4,673338.6077588836
Maruti Swift,2019,760205,82265,CNG,Individual,Automatic,Third Owner,14.52,2679,140.07,247.37,7,1053807.5541948804
Hyundai i20,2012,1154517,96279,CNG,Trustmark Dealer,Manual,Second Owner,24.21,919,197.64,242.97,5,1598738.2641401647
Mahindra XUV500,2011,50000,189055,Diesel,Individual,Manual,First Owner,12.12,1813,53.78,278.8,6,66882.53661048232
Volkswagen Polo,2011,429134,142932,Electric,Individual,Automatic,Second Owner,16.71,1468,66.12,149.07,6,566859.1476312635
Skoda Rapid,2017,50000,172249,LPG,Individual,Automatic,First Owner,26.17,1968,75.78,126.71,5,56319.50322674396
Volkswagen Polo,2010,810999,173390,Electric,Individual,Automatic,First Owner,10.62,2112,85.97,179.84,4,1176352.912267391
Toyota Innova,2010,715408,190086,Petrol,Trustmark Dealer,Manual,First Owner,20.04,1030,55.06,189.85,7,877734.9342421374
Volkswagen Polo,2012,1124475,23999,LPG,Dealer,Automatic,Second Owner,14.07,2263,111.7,251.07,7,1556543.3508470787
Tata Nexon,2006,50000,11232,Electric,Individual,Manual,Second Owner,29.4,961,74.82,264.33,5,67671.95684810929
Ford Ecosport,2008,534000,31063,Petrol,Trustmark Dealer,Manual,First Owner,10.72,2705,185.01,273.77,5,713637.2973720768
Hyundai i20,2006,777407,126395,Petrol,Dealer,Automatic,Second Owner,25.83,2108,137.83,338.47,5,984425.432272064
Hyundai i20,2020,1354933,28573,CNG,Dealer,Automatic,Second Owner,28.9,2244,141.24,185.59,7,1614526.2849983352
Renault Duster,2008,50000,46493,CNG,Trustmark Dealer,Manual,First Owner,26.85,1535,100.13,292.64,7,73386.72980075637
Honda City,2022,1070272,173722,Electric,Dealer,Automatic,Fourth & Above Owner,10.78,1502,75.17,316.11,6,1278541.5434203784
Mahindra XUV500,2011,50000,100219,Petrol,Dealer,Manual,Third Owner,28.54,1276,155.66,268.72,5,59005.47548179138
Skoda Rapid,2016,295518,153014,LPG,Dealer,Automatic,Second Owner,19.09,1800,78.37,347.1,4,363309.5513635005
Hyundai i20,2020,1270084,36263,Petrol,Individual,Automatic,Second Owner,16.68,1978,96.94,327.57,7,1435051.465225177
Toyota Innova,2014,291051,66362,Diesel,Trustmark Dealer,Manual,Second Owner,14.16,1032,96.06,201.3,7,382385.62752466544
Skoda Rapid,2018,371469,27874,Electric,Dealer,Automatic,First Owner,11.19,991,177.97,198.79,6,414239.1744509556
Hyundai Creta,2022,757376,22866,Diesel,Trustmark Dealer,Manual,Second Owner,14.94,1870,81.76,229.46,4,1037159.9454522432
Tata Nexon,2019,266460,170187,Petrol,Dealer,Automatic,Fourth & Above Owner,20.04,2197,115.93,326.29,7,331813.01891638874
Maruti Swift,2022,473116,82679,Diesel,Trustmark Dealer,Manual,Fourth & Above Owner,12.64,923,198.04,270.86,6,656206.1206562722
Honda City,2019,261176,52497,Diesel,Individual,Automatic,First Owner,20.78,1013,62.45,127.26,4,354442.43142864486
Renault Duster,2006,160936,104472,LPG,Dealer,Manual,Second Owner,27.44,819,122.06,211.6,5,210128.9130703869
Mahindra XUV500,2019,69625,100086,Electric,Individual,Manual,Fourth & Above Owner,15.37,2120,167.26,317.79,6,103242.78227782152
Volkswagen Polo,2009,256031,86038,Petrol,Trustmark Dealer,Automatic,First Owner,32.37,2194,70.06,190.69,7,300840.0497315075
Toyota Innova,2008,605847,177237,CNG,Dealer,Manual,Third Owner,16.44,913,134.87,137.3,7,848207.4736958614
Volkswagen Polo,2022,1309569,94700,Petrol,Trustmark Dealer,Manual,Third Owner,24.7,1542,70.96,246.96,5,1707833.799667109
Hyundai Creta,2010,980377,38636,CNG,Trustmark Dealer,Automatic,Fourth & Above Owner,30.94,2535,72.74,234.31,5,1347451.2022407542
Toyota Innova,2017,360858,144697,LPG,Dealer,Automatic,Fourth & Above Owner,29.19,2628,190.8,226.87,6,530924.9204425776
Kia Seltos,2011,277296,38778,Petrol,Individual,Automatic,Second Owner,20.46,2726,167.35,284.71,5,350978.43874787795
Mahindra XUV500,2017,345567,174287,CNG,Dealer,Automatic,Third Owner,15.73,1145,168.13,93.56,5,476551.1863902728
Maruti Swift,2012,737348,32952,Petrol,Individual,Manual,Fourth & Above Owner,19.5,2968,66.63,139.27,4,967429.0348917688
Mahindra XUV500,2019,498797,161467,Diesel,Trustmark Dealer,Automatic,First Owner,17.12,2241,162.01,180.99,4,553786.9867187549
Honda City,2006,50000,110950,CNG,Trustmark Dealer,Manual,Fourth & Above Owner,18.95,889,54.94,251.94,4,72281.93701107024
Ford Ecosport,2017,157991,60857,LPG,Dealer,Automatic,Third Owner,30.38,1840,59.49,278.19,5,234339.48178034945
Mahindra XUV500,2008,482564,160533,Petrol,Trustmark Dealer,Manual,First Owner,12.58,2712,144.11,187.84,4,572790.8151512765
Hyundai i20,2020,433431,143550,Electric,Trustmark Dealer,Manual,First Owner,31.8,1597,156.09,167.49,5,503485.08728804206
Tata Nexon,2011,50000,69563,Petrol,Individual,Automatic,First Owner,34.04,2134,51.31,305.31,7,57916.10276936652
Hyundai i20,2010,244063,108808,LPG,Dealer,Automatic,First Owner,17.9,2779,89.56,278.56,4,362357.58145150985
Volkswagen Polo,2007,490423,38458,Electric,Individual,Automatic,First Owner,27.69,909,125.05,223.54,6,578660.836060579
Mahindra XUV500,2017,193539,112411,Petrol,Dealer,Automatic,First Owner,18.82,2613,56.54,257.5,6,282245.4395810779
Hyundai Creta,2021,765342,183217,LPG,Trustmark Dealer,Automatic,Fourth & Above Owner,25.59,2575,54.54,117.99,5,1136392.4271394522
Honda City,2021,1269301,94644,Diesel,Dealer,Automatic,First Owner,25.53,1149,62.17,317.71,6,1614803.0398667532
Skoda Rapid,2006,562817,75392,LPG,Trustmark Dealer,Manual,First Owner,28.51,1701,138.57,233.95,7,639079.3131783955
Volkswagen Polo,2011,169100,63073,Diesel,Trustmark Dealer,Automatic,Second Owner,18.73,1392,143.38,317.09,6,191497.0030054933
Renault Duster,2014,1029702,64769,Electric,Individual,Manual,First Owner,24.68,1491,142.57,180.13,7,1311277.1429982665
Tata Nexon,2007,602652,90496,Diesel,Dealer,Manual,Third Owner,33.72,1190,86.6,245.63,6,901767.3647830072
Toyota Innova,2010,50000,36324,Petrol,Dealer,Automatic,Fourth & Above Owner,26.55,2784,128.57,155.55,7,70120.78759490994
Maruti Baleno,2011,926762,129212,Petrol,Individual,Automatic,Third Owner,32.7,852,99.51,105.07,5,1185308.9384404807
Hyundai i20,2008,430388,171309,LPG,Individual,Manual,Fourth & Above Owner,29.36,2651,87.57,113.61,6,619141.1975150463
Honda City,2013,391507,11009,Electric,Individual,Automatic,First Owner,27.75,1093,187.42,342.19,4,495432.8369806623
Honda City,2015,526265,22382,CNG,Individual,Automatic,Fourth & Above Owner,11.88,1060,178.27,135.19,5,639538.0671434366
Hyundai i20,2014,136558,87179,Electric,Trustmark Dealer,Manual,Fourth & Above Owner,11.29,1431,162.33,206.1,4,155768.2447821154
Volkswagen Polo,2018,453567,168039,Petrol,Individual,Automatic,Fourth & Above Owner,31.85,1616,55.6,348.39,4,647538.4730626129
Maruti Baleno,2009,50000,31238,Petrol,Dealer,Automatic,Second Owner,16.4,1220,103.45,332.34,5,69072.46656570054
Renault Duster,2015,726662,161493,LPG,Individual,Manual,Second Owner,29.47,1289,154.1,349.28,5,854729.798648499
Hyundai i20,2019,511446,46875,Electric,Dealer,Manual,Second Owner,28.25,2326,91.43,346.44,4,581369.6366949653
Maruti Baleno,2015,1035673,54852,Diesel,Dealer,Automatic,First Owner,33.62,1313,143.58,255.56,4,1179930.3189927728
Ford Ecosport,2012,461976,7704,LPG,Individual,Automatic,First Owner,11.83,2990,104.71,144.17,7,539068.3469111768
Toyota Innova,2021,491291,81459,Petrol,Trustmark Dealer,Manual,Fourth & Above Owner,31.37,1756,124.7,262.11,4,565883.1659835031
Renault Duster,2008,488351,77532,Diesel,Trustmark Dealer,Automatic,Second Owner,28.45,2091,195.2,194.3,4,568356.9885006533
Volkswagen Polo,2022,187646,45118,CNG,Dealer,Manual,Fourth & Above Owner,17.63,1539,170.35,226.68,4,229974.3450215344
Renault Duster,2011,407834,144266,LPG,Individual,Automatic,Second Owner,16.18,1792,94.91,133.67,6,455964.89995761146
Kia Seltos,2017,1108842,171438,LPG,Trustmark Dealer,Manual,First Owner,19.29,2090,53.66,190.87,4,1655977.872013969
Mahindra XUV500,2017,539137,179887,LPG,Dealer,Automatic,Fourth & Above Owner,13.16,1456,153.9,253.29,5,713967.1569812519
Honda City,2010,1250300,77933,CNG,Individual,Manual,Second Owner,16.76,1437,95.06,172.82,7,1413383.5005955396
Renault Duster,2011,491475,41028,LPG,Individual,Manual,Fourth & Above Owner,14.18,1799,96.86,159.91,5,550966.8945432806
Hyundai Creta,2005,637538,18263,Electric,Individual,Automatic,Second Owner,34.26,1273,57.68,303.22,7,865210.2516765426
Maruti Baleno,2018,233292,117402,CNG,Dealer,Manual,Fourth & Above Owner,13.9,2294,130.53,180.25,4,302979.73976803303
Ford Ecosport,2021,716559,20680,Electric,Individual,Manual,Second Owner,21.49,843,82.56,199.32,6,843477.7621182336
Kia Seltos,2011,325283,126917,Electric,Trustmark Dealer,Automatic,Second Owner,26.0,2034,142.03,124.91,5,484147.8799425706
Volkswagen Polo,2022,841906,36224,Petrol,Dealer,Automatic,Second Owner,13.88,972,66.75,153.5,4,1101057.0840639248
Maruti Swift,2016,683977,19670,Petrol,Trustmark Dealer,Automatic,Third Owner,24.17,2167,143.76,198.39,5,768991.9442174586
Skoda Rapid,2009,826379,18313,Diesel,Individual,Automatic,Third Owner,14.82,2853,105.98,236.85,6,1189797.9814863412
Skoda Rapid,2020,1006890,173829,Petrol,Dealer,Manual,First Owner,28.89,2305,83.53,301.99,5,1118391.5538147306
Mahindra XUV500,2013,207717,145232,CNG,Trustmark Dealer,Automatic,Second Owner,10.88,2471,183.62,191.33,6,241529.5047511469
Tata Nexon,2015,661984,183142,Petrol,Individual,Automatic,First Owner,30.58,2409,155.17,244.35,5,877075.8230838865
Ford Ecosport,2008,50000,37820,LPG,Dealer,Automatic,First Owner,21.09,905,50.05,244.4,7,65159.77404334081
Hyundai i20,2007,1102701,131444,LPG,Dealer,Manual,Fourth & Above Owner,23.72,1754,69.24,335.33,4,1582339.2512085382
Hyundai Creta,2017,1045097,135775,Petrol,Individual,Manual,Third Owner,22.75,898,193.26,302.5,4,1340805.5739033655
Volkswagen Polo,2014,1136232,110597,Diesel,Trustmark Dealer,Manual,First Owner,25.09,2270,82.96,113.58,5,1270811.550093563
Honda City,2011,1159947,113733,Diesel,Trustmark Dealer,Automatic,Second Owner,31.22,2396,101.58,110.88,7,1543127.9737883343
Maruti Baleno,2020,786437,127248,Electric,Individual,Manual,First Owner,17.61,2780,60.81,100.49,4,936970.6308939984
Hyundai i20,2018,645576,19109,LPG,Trustmark Dealer,Automatic,Third Owner,21.27,962,52.37,168.03,7,769563.8555711869
Hyundai Creta,2011,778925,133586,LPG,Individual,Manual,First Owner,19.18,1091,173.29,207.49,7,1097695.771780428
Volkswagen Polo,2018,578817,40725,Petrol,Individual,Automatic,Third Owner,22.15,1595,157.05,230.35,4,714673.283540002
Maruti Baleno,2019,925162,61187,Petrol,Dealer,Manual,Third Owner,11.22,1366,139.74,300.44,6,1028891.2948650568
Maruti Swift,2007,673430,141016,Petrol,Trustmark Dealer,Manual,Third Owner,20.8,2298,116.81,287.47,6,928771.6268463872
Mahindra XUV500,2017,911644,136220,Electric,Dealer,Automatic,Fourth & Above Owner,28.0,2364,150.62,283.15,7,1156504.391683058
Ford Ecosport,2018,613868,157239,CNG,Individual,Automatic,First Owner,31.37,1882,78.36,99.36,5,743206.7248790684
Maruti Baleno,2009,50000,83840,Diesel,Individual,Manual,Second Owner,13.96,1241,133.77,115.14,4,57310.58753124689
Toyota Innova,2013,1241203,175235,LPG,Trustmark Dealer,Automatic,Second Owner,23.73,1607,164.81,330.41,7,1803770.484141937
Honda City,2023,1060766,50919,CNG,Dealer,Manual,Fourth & Above Owner,15.51,1766,127.62,260.4,7,1373231.7078796749
Volkswagen Polo,2022,380422,91734,Electric,Dealer,Automatic,Third Owner,19.38,1025,195.99,237.05,6,486208.3736583259
Maruti Swift,2020,1198114,12779,Diesel,Trustmark Dealer,Automatic,Fourth & Above Owner,25.65,2327,141.03,279.88,6,1550724.0155043348
Honda City,2007,122105,132582,LPG,Trustmark Dealer,Manual,First Owner,34.18,913,193.44,92.13,7,166495.559518326
Honda City,2006,50000,105165,LPG,Dealer,Automatic,First Owner,32.4,2862,91.03,325.05,4,70380.44324115568
Volkswagen Polo,2007,966844,139605,Diesel,Dealer,Manual,Fourth & Above Owner,15.67,1242,69.44,210.46,4,1249287.24321855
Renault Duster,2015,832514,29602,Petrol,Dealer,Manual,Fourth & Above Owner,12.53,2809,172.11,238.4,4,940405.9599620552
Volkswagen Polo,2011,627947,163469,Diesel,Individual,Automatic,First Owner,32.42,2532,197.53,335.02,4,887903.2215628242
Ford Ecosport,2018,1247411,134064,Electric,Trustmark Dealer,Manual,Third Owner,15.83,2548,132.43,270.7,4,1832780.0467491844
Skoda Rapid,2008,637315,148427,LPG,Dealer,Automatic,Fourth & Above Owner,28.53,2716,129.16,118.25,5,832489.5295330255
Tata Nexon,2020,1170276,186746,Diesel,Individual,Manual,Second Owner,32.18,1699,57.95,120.75,5,1620637.9915611686
Honda City,2023,872175,11948,Electric,Individual,Automatic,Third Owner,31.87,2009,135.31,238.43,5,1207707.3333796945
Hyundai i20,2007,866850,67283,Diesel,Dealer,Automatic,Fourth & Above Owner,30.56,2813,198.97,258.94,5,1297156.8837445676
Tata Nexon,2021,869132,87273,CNG,Individual,Manual,Second Owner,26.9,1977,123.81,334.78,7,1116008.9411243205
Kia Seltos,2019,436059,198233,Electric,Dealer,Automatic,Second Owner,26.82,925,149.06,320.47,4,571611.1106851524
Ford Ecosport,2021,307446,51561,CNG,Individual,Manual,First Owner,27.01,1979,65.1,159.04,7,451202.3864852632
Hyundai i20,2008,209751,192612,Diesel,Individual,Manual,First Owner,31.25,2696,191.62,309.28,5,268237.89906537195
Kia Seltos,2012,749069,177285,CNG,Individual,Automatic,First Owner,11.51,1203,174.24,241.38,6,961793.8293367528
Hyundai Creta,2005,145761,66292,Electric,Trustmark Dealer,Manual,Fourth & Above Owner,11.39,1522,170.63,260.68,4,166027.90221383158
Maruti Swift,2005,95972,65675,Petrol,Individual,Manual,First Owner,27.3,1420,175.27,260.13,7,131502.30860897634
Honda City,2006,1062584,116806,Electric,Trustmark Dealer,Automatic,Third Owner,28.45,1759,107.01,117.85,7,1449093.3518751494
Maruti Baleno,2017,731795,32729,CNG,Individual,Automatic,First Owner,20.32,2311,136.84,129.93,6,961597.3118003556
Toyota Innova,2014,789979,145408,Petrol,Individual,Automatic,Fourth & Above Owner,30.19,1063,180.38,278.18,4,890717.7098207601
Volkswagen Polo,2014,50000,130651,Electric,Individual,Automatic,Second Owner,29.6,2074,164.59,94.25,7,66982.5619499615
Skoda Rapid,2011,906181,17975,Petrol,Trustmark Dealer,Automatic,Third Owner,16.79,2204,163.57,130.51,5,1270600.101479216
Volkswagen Polo,2023,1250912,137084,Diesel,Individual,Automatic,Second Owner,20.71,1016,185.39,192.15,6,1547474.4043485362
Skoda Rapid,2006,152346,20179,Electric,Trustmark Dealer,Automatic,Fourth & Above Owner,13.05,2249,117.9,125.27,5,197557.31702507948
Hyundai Creta,2021,1433345,122606,Petrol,Trustmark Dealer,Manual,Fourth & Above Owner,19.31,2620,180.51,187.38,5,2074275.695899321
Ford Ecosport,2019,278393,6285,Petrol,Individual,Manual,Fourth & Above Owner,20.45,1209,129.41,102.5,6,333753.72916443605
Kia Seltos,2011,227168,70805,Diesel,Trustmark Dealer,Automatic,Fourth & Above Owner,23.01,2729,157.94,290.87,6,268216.88538744306
Honda City,2012,203647,107720,Diesel,Dealer,Manual,First Owner,21.45,1262,191.58,237.41,4,251785.28557057164
Mahindra XUV500,2010,226417,186948,LPG,Trustmark Dealer,Manual,Third Owner,11.11,2570,155.28,325.78,4,258402.8547674219
Tata Nexon,2019,134839,121510,Electric,Dealer,Automatic,First Owner,14.38,2515,129.15,265.86,7,169718.46409332397
Volkswagen Polo,2010,822467,89419,LPG,Dealer,Manual,Fourth & Above Owner,33.88,1845,195.51,180.67,4,931166.374289562
Skoda Rapid,2019,1052859,87621,Petrol,Trustmark Dealer,Manual,Second Owner,24.05,2439,126.33,266.54,4,1164262.5315966636
Tata Nexon,2022,957227,166616,Diesel,Trustmark Dealer,Manual,First Owner,33.93,2251,147.7,146.56,7,1296082.8857434215
Kia Seltos,2013,367118,135595,Diesel,Trustmark Dealer,Manual,Third Owner,22.45,1376,86.6,164.5,7,453612.08680066105
Skoda Rapid,2014,714023,117317,Electric,Dealer,Automatic,First Owner,21.2,2809,89.82,298.57,5,974171.4124601916
Hyundai i20,2022,1395191,67482,CNG,Individual,Automatic,Third Owner,11.92,1442,198.2,283.08,4,1538466.518028241
Tata Nexon,2018,277643,47218,LPG,Dealer,Automatic,Third Owner,13.31,886,141.21,168.76,7,309936.4811579432
Maruti Swift,2012,965831,9388,LPG,Trustmark Dealer,Manual,First Owner,21.09,2221,178.62,257.63,7,1172981.1234043208
Skoda Rapid,2006,50000,156167,CNG,Individual,Automatic,Third Owner,25.42,1665,184.69,142.29,4,68791.66304489003
Kia Seltos,2018,575367,186803,Petrol,Trustmark Dealer,Automatic,Fourth & Above Owner,28.36,2462,130.39,180.96,4,791559.8821981444
Hyundai Creta,2017,227580,54743,LPG,Trustmark Dealer,Automatic,First Owner,21.7,1144,60.17,302.51,5,253807.21962159424
Ford Ecosport,2023,164126,16071,Diesel,Trustmark Dealer,Automatic,Fourth & Above Owner,31.06,856,64.94,214.95,4,220449.27003869435
Ford Ecosport,2014,568014,53806,Electric,Trustmark Dealer,Automatic,Third Owner,29.63,888,100.77,216.37,5,728212.0947221577
Ford Ecosport,2023,432974,141047,CNG,Individual,Manual,First Owner,24.85,2717,124.51,130.32,7,489003.8052239776
Kia Seltos,2022,1383616,18275,Diesel,Trustmark Dealer,Manual,Third Owner,33.79,1999,137.25,349.57,5,1858576.0730346944
Hyundai Creta,2005,618730,83131,Electric,Trustmark Dealer,Automatic,First Owner,15.61,2759,147.59,221.12,5,846182.1316345984
Volkswagen Polo,2012,704458,183048,LPG,Trustmark Dealer,Automatic,Third Owner,19.71,2437,109.51,291.85,5,1024541.1032521937
Hyundai Creta,2017,1081492,47903,CNG,Trustmark Dealer,Automatic,Fourth & Above Owner,18.26,2482,126.72,148.37,4,1379338.0606685034
Hyundai i20,2011,936339,41852,Diesel,Individual,Automatic,Third Owner,34.91,1082,172.63,338.68,6,1384642.8878495395
Skoda Rapid,2013,1193072,164473,CNG,Trustmark Dealer,Automatic,Third Owner,19.51,1320,154.62,102.93,4,1411132.4172980906
Toyota Innova,2019,414210,69177,CNG,Trustmark Dealer,Automatic,Second Owner,17.47,1162,113.3,265.61,4,614290.7392463621
Tata Nexon,2022,1398851,144083,Petrol,Trustmark Dealer,Automatic,First Owner,20.04,1707,65.77,226.08,5,2074805.780956728
Maruti Swift,2010,557430,102766,Petrol,Individual,Automatic,First Owner,27.65,1016,153.27,243.33,4,682860.3032106773
Tata Nexon,2018,1288837,57516,Petrol,Trustmark Dealer,Manual,Second Owner,26.74,1193,155.94,270.85,4,1590812.2378777952
Volkswagen Polo,2009,469797,141037,Petrol,Dealer,Manual,Fourth & Above Owner,27.65,1779,105.48,228.99,4,681255.2102946707
Toyota Innova,2012,806218,6387,LPG,Trustmark Dealer,Automatic,First Owner,10.12,1475,108.35,303.47,5,1097564.2034447675
Toyota Innova,2016,464708,114452,LPG,Dealer,Automatic,Third Owner,21.3,977,86.5,164.05,6,649730.7455944403
Mahindra XUV500,2022,1202075,104983,LPG,Individual,Automatic,Second Owner,31.48,2013,144.96,189.0,7,1620621.0295128366
Tata Nexon,2014,50000,8541,Diesel,Individual,Automatic,First Owner,30.17,2474,190.17,297.34,7,60575.689327690685
Mahindra XUV500,2006,50000,184865,Diesel,Dealer,Automatic,First Owner,14.35,1944,132.54,241.27,6,73851.203417721
Maruti Swift,2022,114382,45288,Diesel,Dealer,Automatic,Third Owner,18.39,1674,108.75,336.26,6,148148.5556226431
Toyota Innova,2012,219988,59983,LPG,Individual,Automatic,Fourth & Above Owner,24.26,1410,136.01,95.54,6,301066.1789296682
Mahindra XUV500,2012,91930,9169,Electric,Trustmark Dealer,Automatic,Third Owner,14.9,2390,195.56,174.6,6,121647.11579439076
Ford Ecosport,2009,110804,149966,Diesel,Dealer,Manual,Third Owner,12.57,2088,88.5,201.17,6,151959.28764976794
Maruti Baleno,2018,57720,125957,Petrol,Individual,Automatic,Third Owner,28.98,1665,65.03,262.13,4,73849.04315129493
Skoda Rapid,2006,1047734,56281,Petrol,Trustmark Dealer,Manual,Fourth & Above Owner,10.78,2816,133.44,314.36,5,1367066.025757033
Honda City,2015,751847,193900,Petrol,Dealer,Automatic,Second Owner,26.85,2142,66.23,261.32,6,1038861.6819239708
Hyundai i20,2016,56486,160603,Diesel,Dealer,Manual,Second Owner,11.77,1436,198.67,159.94,7,81242.4453303605
Volkswagen Polo,2012,1019869,85334,CNG,Dealer,Automatic,First Owner,28.82,2439,153.8,105.68,6,1410620.477876486
Volkswagen Polo,2019,51293,155206,Petrol,Individual,Manual,Fourth & Above Owner,19.82,1809,176.07,266.73,7,75866.36961903468
Skoda Rapid,2011,752673,83007,LPG,Individual,Manual,Second Owner,17.96,1460,81.86,244.46,6,1092519.0826731082
Volkswagen Polo,2015,573665,18391,LPG,Individual,Manual,First Owner,26.7,1101,158.89,332.49,4,823624.9643960737
Toyota Innova,2015,1247807,26017,Electric,Dealer,Manual,Third Owner,14.27,2212,68.81,237.09,5,1482470.6367207114
Ford Ecosport,2019,409727,114663,Petrol,Dealer,Automatic,Fourth & Above Owner,14.69,1390,76.51,92.52,5,592418.6329229546
Renault Duster,2016,1095963,184324,Petrol,Dealer,Automatic,Second Owner,10.14,1866,133.1,272.32,6,1535600.123561229
Kia Seltos,2008,50000,55501,LPG,Dealer,Automatic,First Owner,19.86,2172,145.35,245.86,5,59224.731061343286
Toyota Innova,2016,295870,31252,CNG,Dealer,Manual,Fourth & Above Owner,28.73,2147,102.22,260.54,7,382284.14596961753
Ford Ecosport,2017,148857,88174,Diesel,Individual,Manual,Second Owner,20.03,2150,137.45,153.26,6,167582.86108420306
Hyundai i20,2006,50000,109519,Petrol,Individual,Automatic,Fourth & Above Owner,27.02,2456,103.83,287.45,7,58588.92552204711
Toyota Innova,2005,50000,138143,Diesel,Dealer,Automatic,Third Owner,20.51,1748,113.12,304.02,4,58868.69883284555
Kia Seltos,2010,499759,108659,Petrol,Trustmark Dealer,Automatic,Third Owner,25.1,2960,188.07,332.06,4,624434.8002123525
Hyundai Creta,2012,699872,94453,Diesel,Dealer,Manual,Second Owner,23.44,2921,111.7,98.56,4,911053.6958039928
Skoda Rapid,2013,934568,36522,Petrol,Individual,Manual,Fourth & Above Owner,33.6,2227,161.07,118.24,4,1227992.6421541958
Tata Nexon,2016,419673,22315,Diesel,Dealer,Manual,Third Owner,28.86,2460,191.12,226.44,7,534099.0074363512
Kia Seltos,2007,1074765,49741,Petrol,Trustmark Dealer,Automatic,First Owner,22.43,1532,190.41,212.66,7,1465219.564915658
Skoda Rapid,2010,175572,28201,Petrol,Dealer,Automatic,First Owner,17.2,2816,136.21,256.52,6,249429.63174322995
Maruti Baleno,2022,291083,151401,Diesel,Dealer,Automatic,Fourth & Above Owner,12.23,2370,67.65,294.24,4,424813.05599274056
Skoda Rapid,2018,765857,116948,CNG,Individual,Automatic,Third Owner,21.43,1853,140.9,131.4,7,1008546.8572117984
Ford Ecosport,2015,827210,66293,Petrol,Trustmark Dealer,Manual,Third Owner,22.23,957,164.03,217.83,6,1135011.8539010878
Tata Nexon,2009,902059,9502,Diesel,Trustmark Dealer,Manual,Second Owner,32.41,945,92.11,182.63,6,1098631.7637537313
Renault Duster,2019,334330,153070,CNG,Individual,Automatic,Fourth & Above Owner,30.15,943,120.96,195.42,7,397778.53046376986
Skoda Rapid,2017,169583,85416,LPG,Dealer,Automatic,First Owner,11.72,2324,93.2,125.69,6,224080.443970918
Ford Ecosport,2010,50000,100364,CNG,Individual,Automatic,Third Owner,33.53,2020,150.63,326.05,6,60500.60595971945
Skoda Rapid,2016,953912,114867,Electric,Individual,Manual,Third Owner,27.77,2851,87.33,241.46,5,1155329.209225109
Honda City,2022,168839,82505,Electric,Individual,Automatic,Third Owner,12.5,2541,178.7,158.93,6,248591.86843968448
Maruti Swift,2021,1404672,172695,LPG,Dealer,Manual,Fourth & Above Owner,15.65,2235,195.43,211.36,5,1789778.4231798446
Hyundai i20,2011,50000,158635,CNG,Dealer,Automatic,Fourth & Above Owner,28.11,2604,182.17,133.72,7,73643.96290455993
Maruti Swift,2022,484810,25927,LPG,Trustmark Dealer,Automatic,Second Owner,32.98,908,97.92,144.78,5,571168.9945104023
Maruti Baleno,2011,78501,8896,Electric,Dealer,Manual,Fourth & Above Owner,32.31,1000,56.91,208.69,7,97884.89779839574
Renault Duster,2020,1052324,130252,Diesel,Individual,Manual,First Owner,15.66,965,86.2,338.56,5,1547167.7732549713
Renault Duster,2006,496726,128862,LPG,Trustmark Dealer,Manual,First Owner,18.82,2437,136.87,327.29,5,578546.5375644696
Kia Seltos,2011,1213440,42176,LPG,Dealer,Manual,Third Owner,30.8,970,59.97,170.92,7,1619224.461732892
Kia Seltos,2016,576626,139138,Electric,Trustmark Dealer,Manual,Third Owner,23.9,2655,120.29,216.26,6,721888.620693772
Ford Ecosport,2011,766417,83250,Petrol,Dealer,Automatic,Second Owner,33.37,1314,81.23,332.41,7,905623.7978502146
Maruti Baleno,2019,1198878,197637,CNG,Dealer,Automatic,Second Owner,13.8,2074,111.3,301.84,4,1519523.0884022152
Kia Seltos,2014,50000,182488,Electric,Individual,Manual,Third Owner,33.71,1196,92.14,300.59,4,63837.084908507066
Ford Ecosport,2010,649010,94155,Diesel,Individual,Manual,First Owner,20.05,1371,176.4,144.08,5,833251.6385235363
Maruti Baleno,2011,890189,187179,Petrol,Individual,Manual,Second Owner,24.46,1461,91.54,144.29,5,1162322.750177499
Tata Nexon,2016,61405,156009,Petrol,Dealer,Manual,First Owner,13.36,2728,128.49,159.41,7,74658.95435590329
Renault Duster,2011,312645,139439,Petrol,Dealer,Manual,Fourth & Above Owner,13.84,2275,133.24,331.59,7,436253.2970821658
Renault Duster,2019,726075,153843,Diesel,Individual,Automatic,Fourth & Above Owner,27.65,1688,64.5,196.44,5,883291.5839058604
Volkswagen Polo,2008,50000,194444,Petrol,Trustmark Dealer,Automatic,Second Owner,19.78,896,130.67,160.55,5,65992.82272731945
Honda City,2010,529089,7791,Diesel,Trustmark Dealer,Automatic,Second Owner,20.12,1325,53.92,297.83,7,733948.9551428404
Ford Ecosport,2013,363096,82116,Diesel,Trustmark Dealer,Manual,Fourth & Above Owner,20.53,2151,67.47,138.44,4,469455.8475137207
Renault Duster,2011,289896,99229,LPG,Dealer,Manual,Fourth & Above Owner,18.0,873,196.46,192.35,4,348608.6526960357
Skoda Rapid,2009,901797,102102,Electric,Dealer,Automatic,Third Owner,25.94,1039,79.47,170.95,7,1296888.082079781
Mahindra XUV500,2005,1033935,5342,CNG,Dealer,Manual,Third Owner,30.67,1538,101.07,212.64,7,1335289.221564765
Kia Seltos,2007,578961,139850,Electric,Individual,Manual,First Owner,21.67,1716,58.99,158.68,7,683545.2088490698
Skoda Rapid,2018,1167313,126131,LPG,Individual,Automatic,Second Owner,16.29,2543,129.09,137.78,4,1309034.5644851583
Maruti Swift,2007,112245,119807,CNG,Dealer,Automatic,Second Owner,21.68,1200,171.62,209.09,6,163293.1978545775
Hyundai Creta,2012,50000,41230,CNG,Dealer,Manual,Third Owner,34.46,2532,90.02,118.6,5,63822.94985035068
Hyundai i20,2011,152941,18416,Electric,Trustmark Dealer,Automatic,Third Owner,10.75,1034,102.85,250.17,7,193023.2515783412
Maruti Baleno,2013,838081,174626,Electric,Individual,Automatic,Third Owner,16.74,1673,184.11,155.34,7,1000667.4641129642
Tata Nexon,2007,882522,36062,CNG,Individual,Automatic,Fourth & Above Owner,27.53,2186,185.69,115.17,4,1170502.9665038076
Kia Seltos,2013,352150,171826,Petrol,Dealer,Manual,Fourth & Above Owner,26.79,1540,156.92,190.29,5,399819.4205519176
Honda City,2009,695130,144021,Petrol,Individual,Automatic,Second Owner,18.87,1991,61.25,213.33,5,971261.1876866692
Tata Nexon,2022,1374830,153712,Petrol,Individual,Manual,Second Owner,29.33,1457,166.23,253.22,5,1888154.3316128333
Toyota Innova,2021,735653,118849,LPG,Trustmark Dealer,Manual,First Owner,17.64,1770,145.29,341.4,7,1052541.7094362834
Hyundai i20,2008,627971,88835,Petrol,Dealer,Manual,First Owner,19.12,2616,198.06,338.89,5,810657.8419547541
Kia Seltos,2014,1044939,151927,Electric,Trustmark Dealer,Manual,Third Owner,23.5,2541,162.58,214.6,6,1181251.3863055871
Honda City,2013,50000,94019,LPG,Trustmark Dealer,Automatic,Third Owner,15.82,957,103.56,250.22,6,72146.57942270263
Toyota Innova,2016,1277717,183513,Diesel,Individual,Automatic,First Owner,12.05,1441,150.6,341.49,7,1748403.1304678798
Volkswagen Polo,2009,523803,99837,Electric,Dealer,Manual,Third Owner,21.56,2707,66.54,128.41,7,779282.641588628
Hyundai i20,2013,50000,29910,CNG,Trustmark Dealer,Manual,Fourth & Above Owner,17.8,2050,155.84,140.1,6,68076.0806860171
Maruti Swift,2021,918372,112002,LPG,Trustmark Dealer,Automatic,Third Owner,10.75,1753,64.24,297.84,7,1292228.611576348
Kia Seltos,2018,220793,53177,Petrol,Trustmark Dealer,Automatic,Second Owner,19.54,1415,153.32,118.53,5,328827.0644171806
Hyundai i20,2017,297129,50710,Electric,Trustmark Dealer,Manual,Third Owner,14.46,2039,166.87,298.02,5,363327.6973983724
Toyota Innova,2021,204496,106927,LPG,Trustmark Dealer,Manual,Third Owner,17.42,2266,119.83,237.68,6,238938.1560556675
Mahindra XUV500,2023,536352,192145,Electric,Individual,Manual,Fourth & Above Owner,28.93,2366,165.76,284.32,7,739898.1984035849
Hyundai i20,2016,1002252,166660,Electric,Dealer,Manual,First Owner,30.07,2159,153.88,110.18,6,1227658.8522331049
Hyundai i20,2014,734593,129966,Petrol,Individual,Manual,First Owner,11.16,1560,74.16,271.3,5,955560.8469510876
Hyundai Creta,2006,876995,166599,LPG,Dealer,Manual,Second Owner,27.11,1955,105.47,149.91,4,1239229.8444541632
Kia Seltos,2017,303591,130133,Petrol,Individual,Manual,Fourth & Above Owner,13.05,2061,132.21,142.35,4,384054.4732657908
Hyundai Creta,2014,926007,115796,Petrol,Individual,Manual,Second Owner,19.21,2189,141.86,141.62,6,1110802.1449025942
Volkswagen Polo,2021,700718,191757,Electric,Individual,Manual,Second Owner,24.25,2269,131.24,156.56,4,898045.254552642
Maruti Swift,2023,1257227,158942,Electric,Trustmark Dealer,Automatic,Second Owner,33.46,2011,195.58,301.87,7,1829555.7628759264
Mahindra XUV500,2011,563046,111260,Electric,Dealer,Automatic,Second Owner,27.46,2889,129.22,241.4,6,733545.5863403791
Maruti Baleno,2018,50000,73310,Diesel,Trustmark Dealer,Automatic,First Owner,31.49,1718,177.49,183.73,4,65864.77138443718
Renault Duster,2015,848384,130515,LPG,Individual,Automatic,Second Owner,26.26,2164,124.59,237.06,5,1031693.2047738066
Toyota Innova,2022,1081129,95909,Petrol,Trustmark Dealer,Automatic,Third Owner,21.37,1501,58.86,169.24,5,1319003.328020925
Maruti Baleno,2012,60315,130564,LPG,Trustmark Dealer,Automatic,Third Owner,28.86,2283,116.85,301.31,4,79862.28582136819
Toyota Innova,2022,815697,67207,LPG,Individual,Manual,Third Owner,25.0,2744,120.01,201.37,7,1176822.5152699188
Hyundai Creta,2018,499810,178778,Electric,Trustmark Dealer,Manual,Third Owner,31.46,1408,193.21,274.27,4,609633.7160155084
Toyota Innova,2011,374003,11038,LPG,Trustmark Dealer,Automatic,Third Owner,29.06,1351,130.87,322.93,6,414895.3978810223
Skoda Rapid,2011,1146556,20468,Petrol,Dealer,Automatic,Fourth & Above Owner,16.07,1685,58.62,93.32,5,1379258.3684336706
Ford Ecosport,2008,99266,55504,Petrol,Individual,Automatic,Fourth & Above Owner,10.81,2886,198.54,251.15,5,140672.0198572793
Kia Seltos,2011,506401,136966,Electric,Dealer,Automatic,Third Owner,33.44,1856,164.66,194.43,6,579357.3836015402
Hyundai i20,2019,148891,72125,CNG,Dealer,Automatic,Fourth & Above Owner,34.18,2856,88.76,256.49,6,175381.30580865446
Hyundai Creta,2013,1170533,29501,Petrol,Individual,Manual,Second Owner,28.49,896,60.75,143.24,5,1329248.8639263883
Skoda Rapid,2020,999384,143118,Petrol,Dealer,Manual,First Owner,22.74,2709,79.47,253.4,4,1498658.7743675734
Maruti Baleno,2008,490508,55375,LPG,Dealer,Manual,Third Owner,29.48,2326,128.54,304.56,5,676799.5233363948
Hyundai i20,2020,387928,104881,CNG,Trustmark Dealer,Manual,Third Owner,11.21,1742,199.51,154.15,5,503448.0137626815
Toyota Innova,2009,910484,193285,Electric,Trustmark Dealer,Manual,Second Owner,13.68,1861,168.84,184.03,4,1149171.4270851803
Skoda Rapid,2012,50000,46239,LPG,Dealer,Automatic,Fourth & Above Owner,14.58,2571,193.81,286.37,4,70736.29918747161
Maruti Swift,2011,316054,44724,Electric,Dealer,Manual,Third Owner,25.06,1471,190.08,119.39,4,410898.2297955511
Tata Nexon,2007,246938,130559,Petrol,Dealer,Automatic,First Owner,21.64,2358,139.33,246.2,4,351048.00361586787
Ford Ecosport,2005,624675,41099,Electric,Trustmark Dealer,Manual,First Owner,25.46,1276,168.87,169.83,6,899000.9196776099
Renault Duster,2011,888505,108834,LPG,Individual,Automatic,Third Owner,34.4,1948,82.93,205.55,5,1104455.0155599287
Honda City,2007,69723,155806,Petrol,Individual,Manual,Fourth & Above Owner,19.54,1008,110.49,250.6,6,95158.60711535712
Volkswagen Polo,2010,70699,113348,CNG,Individual,Manual,Second Owner,33.96,2256,159.56,182.48,5,102808.56661473558
Hyundai i20,2020,1037253,53682,Petrol,Individual,Automatic,Fourth & Above Owner,18.42,1912,192.34,316.39,4,1417897.774944712
Renault Duster,2006,136379,96928,CNG,Trustmark Dealer,Manual,Fourth & Above Owner,22.18,2870,122.23,195.91,7,157331.45978423563
Maruti Swift,2007,50000,129976,LPG,Dealer,Manual,First Owner,33.4,1120,119.14,305.46,5,65905.49252744127
Kia Seltos,2021,1310436,14127,Petrol,Individual,Automatic,Fourth & Above Owner,14.99,1773,155.85,230.23,6,1697241.7555655104
Renault Duster,2015,356703,112428,Petrol,Individual,Automatic,Second Owner,28.22,1789,79.41,297.29,6,446938.7800638539
Ford Ecosport,2007,860497,172306,Diesel,Individual,Manual,Second Owner,10.26,1433,176.19,341.38,6,987801.5672129822
Tata Nexon,2008,707264,29968,LPG,Individual,Manual,Fourth & Above Owner,28.1,1551,91.87,287.44,4,916295.7403036682
Kia Seltos,2015,302785,93250,LPG,Dealer,Automatic,Third Owner,32.94,2022,60.02,102.18,4,364885.10555704526
Hyundai Creta,2016,722252,172253,Electric,Individual,Manual,Third Owner,11.2,1017,142.7,163.11,6,901293.0197750276
Tata Nexon,2018,1370553,33068,Electric,Individual,Automatic,Fourth & Above Owner,28.43,2525,70.23,95.3,6,1739414.330331189
Hyundai i20,2008,809066,86832,Diesel,Trustmark Dealer,Manual,Fourth & Above Owner,29.98,1100,149.0,199.99,7,1005898.4536812948
Hyundai i20,2011,50000,125267,LPG,Dealer,Manual,First Owner,31.77,2964,149.28,118.49,4,69259.66468824749
Maruti Swift,2009,407255,194249,CNG,Trustmark Dealer,Manual,Third Owner,22.24,1679,168.51,146.45,4,505568.3707330847
Tata Nexon,2015,735463,111146,Electric,Individual,Manual,Fourth & Above Owner,20.74,1463,64.23,96.95,7,986403.0798060223
Renault Duster,2019,1059617,13822,CNG,Dealer,Manual,Second Owner,20.23,2336,180.39,310.58,6,1358170.9465436216
Ford Ecosport,2007,50000,34189,Diesel,Trustmark Dealer,Manual,Third Owner,24.69,2286,180.75,235.15,6,57163.952755543054
Toyota Innova,2005,258104,84552,Electric,Individual,Automatic,Third Owner,24.09,2095,52.8,320.37,7,330174.78248236974
Skoda Rapid,2011,50000,111185,Electric,Individual,Manual,Third Owner,32.11,2402,105.58,205.1,7,60619.53947184586
Skoda Rapid,2014,923274,99559,Petrol,Individual,Automatic,Second Owner,12.26,1871,57.38,290.97,6,1294702.8533097398
Maruti Baleno,2015,265675,36618,CNG,Trustmark Dealer,Manual,Third Owner,34.01,1212,68.84,93.88,7,321572.9058072893
Mahindra XUV500,2014,498967,144600,Electric,Dealer,Manual,Second Owner,33.22,1891,115.06,143.38,4,745905.8893906272
Ford Ecosport,2014,50000,177311,Petrol,Trustmark Dealer,Automatic,First Owner,29.6,2897,138.75,180.73,6,66478.48456296301
Honda City,2021,1098661,79281,CNG,Individual,Automatic,Second Owner,34.0,2653,197.44,194.01,6,1561094.109039778
Renault Duster,2005,470669,77418,Petrol,Dealer,Manual,Third Owner,21.75,2356,195.26,253.59,6,551963.2864806763
Kia Seltos,2011,794171,111176,Diesel,Trustmark Dealer,Automatic,First Owner,19.36,2504,61.0,170.0,6,1096613.689643579
Maruti Swift,2011,954820,77427,LPG,Individual,Manual,First Owner,12.42,2947,67.97,134.83,4,1296623.344295483
Toyota Innova,2007,640285,124082,Diesel,Trustmark Dealer,Automatic,Second Owner,17.86,1760,193.73,112.08,5,796650.376064291
Mahindra XUV500,2009,374161,28324,Diesel,Dealer,Automatic,Fourth & Above Owner,33.22,2856,145.14,279.91,7,426381.8772023444
Tata Nexon,2009,50000,164900,Diesel,Trustmark Dealer,Automatic,First Owner,16.96,1085,194.65,321.63,5,68151.41091276964
Volkswagen Polo,2010,196809,124892,Electric,Dealer,Manual,Second Owner,23.61,1264,198.79,325.99,7,267371.77175963094
Toyota Innova,2023,256559,156787,CNG,Individual,Manual,Third Owner,15.78,1307,92.31,253.27,7,376553.01824300754
Renault Duster,2019,1017124,153160,Petrol,Individual,Automatic,Fourth & Above Owner,11.68,2664,50.3,271.1,4,1260606.8759614767
Skoda Rapid,2011,88255,187428,LPG,Dealer,Automatic,Third Owner,32.38,1038,161.02,310.79,6,102276.04061192708
Tata Nexon,2016,1169590,14456,LPG,Trustmark Dealer,Manual,Third Owner,11.42,2261,79.92,129.71,4,1527750.3390383418
Tata Nexon,2009,720935,58473,CNG,Individual,Automatic,Fourth & Above Owner,34.59,2222,96.2,105.64,6,859113.9678951582
Kia Seltos,2007,307679,104957,Diesel,Trustmark Dealer,Automatic,Fourth & Above Owner,10.46,1633,86.01,222.68,4,339175.26410331804
Hyundai Creta,2021,721578,34313,Petrol,Individual,Automatic,Second Owner,32.77,929,164.13,194.39,4,900135.0495899954
Tata Nexon,2019,689092,57820,CNG,Individual,Automatic,Second Owner,16.36,1332,139.03,235.56,7,960657.2909643544
Toyota Innova,2013,794050,148208,Petrol,Dealer,Automatic,Fourth & Above Owner,30.09,1793,60.97,312.9,5,1038608.2329468568
Mahindra XUV500,2005,50000,184725,LPG,Trustmark Dealer,Automatic,Third Owner,28.64,2379,143.04,201.45,5,70173.44983894195
Maruti Swift,2006,373449,157022,Electric,Dealer,Automatic,Fourth & Above Owner,34.77,2419,110.86,222.02,4,556626.3982371598
Maruti Swift,2014,66617,143247,LPG,Dealer,Automatic,Fourth & Above Owner,32.22,2155,68.32,198.98,7,98603.4760408186
Hyundai i20,2022,1131147,114998,Electric,Individual,Automatic,First Owner,24.18,2563,114.98,181.85,4,1408553.7467613493
Kia Seltos,2019,660326,25412,Petrol,Trustmark Dealer,Automatic,Second Owner,34.12,2326,73.0,312.19,7,925955.9793867534
Kia Seltos,2005,217385,23170,Diesel,Trustmark Dealer,Manual,Fourth & Above Owner,26.72,1263,118.17,276.07,4,296173.52652910264
Toyota Innova,2020,232239,182992,Diesel,Trustmark Dealer,Automatic,First Owner,30.34,2777,100.12,128.61,5,340091.267165146
Kia Seltos,2021,440603,66232,CNG,Individual,Manual,First Owner,28.09,1526,131.01,295.31,5,651564.2698516132
Skoda Rapid,2012,213410,121253,Electric,Trustmark Dealer,Automatic,Third Owner,24.82,1299,90.17,169.13,6,284990.2122078308
Hyundai Creta,2022,413029,50714,Petrol,Dealer,Manual,Second Owner,28.36,2118,103.89,320.93,5,524468.5568173159
Hyundai i20,2017,681687,100994,LPG,Trustmark Dealer,Manual,Fourth & Above Owner,14.74,1026,176.56,197.7,4,822857.3730810033
Toyota Innova,2015,925393,174554,Diesel,Dealer,Manual,Third Owner,33.6,1203,106.59,235.68,5,1326573.007179737
Maruti Baleno,2021,462549,83173,LPG,Trustmark Dealer,Manual,Fourth & Above Owner,29.83,2711,94.6,308.28,7,604302.5191722916
Skoda Rapid,2020,241370,25012,Petrol,Individual,Automatic,Third Owner,17.11,2158,141.02,316.21,5,323352.1314544243
Renault Duster,2013,352820,48063,Electric,Individual,Manual,First Owner,31.34,2617,65.79,320.14,4,395431.6224358163
Toyota Innova,2006,50000,186224,Electric,Dealer,Automatic,Second Owner,20.32,1840,147.71,132.88,7,67887.66044541246
Kia Seltos,2010,50000,123391,Electric,Individual,Manual,Fourth & Above Owner,12.23,2763,54.81,94.54,6,60348.702236552046
Ford Ecosport,2018,132104,125716,LPG,Individual,Manual,First Owner,11.36,1808,54.42,271.47,5,167796.0532527045
Ford Ecosport,2021,853107,179719,Electric,Dealer,Manual,Fourth & Above Owner,13.7,1971,97.97,314.65,7,1072801.7330306896
Ford Ecosport,2022,545193,140896,LPG,Trustmark Dealer,Automatic,Third Owner,31.03,1422,179.47,233.97,6,785313.0599572671
Maruti Baleno,2016,750363,180926,Petrol,Individual,Automatic,First Owner,25.64,2092,168.65,260.12,6,1120730.308054065
Honda City,2012,421842,70435,CNG,Individual,Automatic,Third Owner,27.06,1300,74.37,276.15,7,613951.7518260098
Tata Nexon,2020,720854,42110,Electric,Individual,Manual,Fourth & Above Owner,10.96,1746,165.67,345.48,6,1070831.4731337563
Renault Duster,2010,812728,83403,Petrol,Trustmark Dealer,Automatic,Third Owner,28.48,2500,87.62,209.37,5,1172611.800506884
Toyota Innova,2010,427582,47857,Petrol,Individual,Manual,Fourth & Above Owner,29.18,1943,189.78,171.04,4,555560.0426483006
Kia Seltos,2019,1247680,69322,Electric,Trustmark Dealer,Manual,Third Owner,24.56,2257,188.9,136.72,7,1598332.1083180164
Skoda Rapid,2009,1010624,166242,Electric,Trustmark Dealer,Manual,Fourth & Above Owner,10.81,2259,128.77,245.79,6,1320989.8226809546
Skoda Rapid,2017,357926,115948,Petrol,Individual,Manual,Third Owner,20.3,2900,70.69,170.32,5,493323.8977270433
Hyundai Creta,2021,446466,195864,Petrol,Trustmark Dealer,Manual,Third Owner,13.95,1587,144.78,322.68,5,572599.6942195545
Honda City,2009,676331,81573,Electric,Dealer,Automatic,First Owner,14.27,2374,77.75,129.53,6,964714.5708055492
Honda City,2019,109984,170726,CNG,Individual,Manual,First Owner,32.84,2274,66.24,197.42,7,164502.98129764342
Mahindra XUV500,2016,1181408,61283,Petrol,Trustmark Dealer,Automatic,Third Owner,10.06,2435,126.43,333.0,4,1708232.4984371793
Renault Duster,2008,50000,131512,CNG,Dealer,Automatic,First Owner,31.99,2093,73.39,199.72,6,74728.85415485164
Kia Seltos,2020,1116109,46066,Petrol,Trustmark Dealer,Manual,First Owner,32.59,1675,120.09,216.96,5,1593669.9696799796
Mahindra XUV500,2011,124293,48555,LPG,Trustmark Dealer,Automatic,Fourth & Above Owner,32.51,1408,146.99,202.8,7,162251.39803413354
Volkswagen Polo,2017,203229,27938,LPG,Individual,Manual,First Owner,34.64,2793,182.68,144.2,4,290409.3320423736
Volkswagen Polo,2014,531156,98808,Diesel,Trustmark Dealer,Manual,Third Owner,21.5,2148,86.64,158.4,6,767857.5411601026
Kia Seltos,2023,1347568,126450,Petrol,Dealer,Automatic,First Owner,17.95,963,68.34,200.97,7,1952978.9408202788
Hyundai i20,2015,633251,91715,Diesel,Trustmark Dealer,Manual,Fourth & Above Owner,34.07,2666,63.92,257.18,6,753108.4032316011
Maruti Swift,2016,1125609,114716,Petrol,Individual,Manual,Third Owner,13.42,2123,92.48,184.35,4,1525142.0697459436
Honda City,2019,229439,26360,Petrol,Dealer,Manual,Second Owner,11.33,2488,154.48,284.55,7,284908.18650896015
Renault Duster,2016,64561,148729,Diesel,Individual,Manual,Third Owner,22.93,1759,124.56,328.32,4,86781.09149312956
Skoda Rapid,2016,867513,186093,Petrol,Trustmark Dealer,Manual,First Owner,15.31,1596,124.7,302.99,6,1290766.8611109674
Toyota Innova,2014,1262479,65074,LPG,Individual,Automatic,Second Owner,11.91,1642,101.33,150.78,4,1866580.538142753
Volkswagen Polo,2013,1012148,171212,Petrol,Dealer,Manual,Fourth & Above Owner,28.38,1499,197.43,99.68,7,1495255.2545335994
Volkswagen Polo,2009,1007954,138424,Diesel,Trustmark Dealer,Automatic,Third Owner,33.71,2250,75.91,274.21,5,1313887.894166427
Toyota Innova,2018,867829,142272,Electric,Dealer,Automatic,Fourth & Above Owner,12.9,2869,54.31,272.71,7,1260797.038544276
Renault Duster,2009,568269,112923,Petrol,Trustmark Dealer,Automatic,Third Owner,14.11,1864,154.46,155.38,4,680326.4391281242
Maruti Baleno,2008,591006,16624,CNG,Trustmark Dealer,Automatic,First Owner,22.4,1199,194.43,324.4,7,696630.3684599929
Toyota Innova,2010,50000,187085,Petrol,Trustmark Dealer,Manual,First Owner,19.23,2144,159.94,132.75,6,56776.08983027455
Maruti Swift,2008,50000,46590,LPG,Individual,Automatic,First Owner,26.62,954,172.78,266.4,7,65697.4769092523
Volkswagen Polo,2006,50000,29092,Electric,Dealer,Manual,Third Owner,22.48,806,161.83,126.13,7,57477.2006230985
Toyota Innova,2010,1252555,103499,Petrol,Individual,Automatic,Fourth & Above Owner,22.35,2885,94.29,261.53,5,1684521.640477612
Maruti Baleno,2019,50000,64449,Electric,Dealer,Automatic,Fourth & Above Owner,27.64,1051,76.24,268.88,5,63137.27300793931
Hyundai Creta,2022,1107336,117318,Electric,Trustmark Dealer,Automatic,First Owner,27.51,1640,141.21,296.39,4,1461149.150221798
Honda City,2023,918457,54683,Diesel,Trustmark Dealer,Manual,Fourth & Above Owner,22.67,2703,115.0,198.72,7,1062533.4852458364
Toyota Innova,2022,667962,25082,Electric,Trustmark Dealer,Automatic,First Owner,25.63,1666,73.33,262.04,4,997071.2945420064
Maruti Baleno,2015,1237911,195399,Diesel,Trustmark Dealer,Automatic,First Owner,27.06,2376,96.27,195.77,5,1828316.2174106769
Renault Duster,2016,557468,113775,Electric,Individual,Manual,First Owner,15.15,2730,62.84,321.26,5,619122.3578381494
Maruti Baleno,2012,616440,29473,Diesel,Dealer,Automatic,First Owner,32.98,918,158.34,241.55,7,896621.5056957208
Mahindra XUV500,2005,50000,24011,CNG,Dealer,Automatic,Third Owner,34.2,2160,72.47,158.09,4,55163.93537638039
Maruti Swift,2022,1077745,53503,Petrol,Individual,Manual,Second Owner,34.81,1867,180.85,305.39,6,1525869.101347563
Maruti Baleno,2022,1072092,83768,Diesel,Dealer,Automatic,Second Owner,12.22,2150,175.84,308.19,6,1332576.212087218
Hyundai Creta,2006,1073774,37738,CNG,Trustmark Dealer,Manual,Fourth & Above Owner,14.91,1627,176.42,257.26,5,1253253.854387669
Renault Duster,2023,1038510,120461,CNG,Individual,Automatic,Third Owner,18.83,1764,93.81,133.92,7,1222624.636224594
Tata Nexon,2019,254581,124004,CNG,Trustmark Dealer,Manual,Fourth & Above Owner,18.34,1062,52.08,317.11,4,285238.37690763234
Ford Ecosport,2013,336089,102866,CNG,Dealer,Automatic,First Owner,10.04,2256,183.73,249.28,7,441029.5959770475
Toyota Innova,2014,395251,21201,Petrol,Individual,Manual,First Owner,11.37,2976,93.15,155.42,4,518432.0234947499
Maruti Baleno,2014,596864,62754,Diesel,Individual,Manual,First Owner,30.73,2783,139.28,265.58,7,686395.7189475022
Hyundai Creta,2006,50000,20672,LPG,Individual,Manual,First Owner,26.42,1071,180.17,150.49,7,71013.0403360672
Kia Seltos,2012,1010152,81645,Electric,Trustmark Dealer,Manual,First Owner,23.76,2372,167.04,241.02,7,1180272.330721268
Ford Ecosport,2022,442079,143125,LPG,Trustmark Dealer,Manual,First Owner,27.38,2002,52.8,253.62,6,579623.8660503384
Volkswagen Polo,2009,736192,88707,Diesel,Dealer,Automatic,First Owner,25.22,2095,80.46,324.91,7,994104.4620449786
Kia Seltos,2012,50000,113610,Petrol,Dealer,Automatic,Third Owner,17.71,2805,79.13,218.63,5,64581.70130008752
Tata Nexon,2017,150807,36260,CNG,Trustmark Dealer,Automatic,Fourth & Above Owner,10.97,858,146.74,199.0,4,170653.158739572
Skoda Rapid,2018,790357,93044,CNG,Trustmark Dealer,Automatic,Second Owner,17.93,2293,108.83,246.17,5,1019743.4884094596
Renault Duster,2019,1063892,53645,CNG,Trustmark Dealer,Automatic,First Owner,17.97,1513,130.61,323.78,7,1292409.7194140414
Skoda Rapid,2016,50000,27866,Petrol,Individual,Manual,Fourth & Above Owner,13.71,1441,192.8,185.79,5,72432.5753643829
Volkswagen Polo,2023,159256,36075,CNG,Dealer,Automatic,Fourth & Above Owner,16.02,2868,87.52,284.0,4,222738.74444983585
Maruti Swift,2019,1338470,133593,CNG,Dealer,Automatic,Second Owner,14.86,2530,184.35,310.98,4,1664981.4817582185
Skoda Rapid,2017,720460,100889,Petrol,Dealer,Automatic,Third Owner,34.89,821,117.59,307.89,4,836495.1363942836
Maruti Swift,2014,589374,32394,Petrol,Trustmark Dealer,Manual,Fourth & Above Owner,15.43,1506,132.63,198.08,7,843572.9971847284
Maruti Swift,2019,283670,52663,Electric,Trustmark Dealer,Automatic,First Owner,23.5,2850,138.47,164.91,5,368995.21751435695
Ford Ecosport,2010,183882,197392,Petrol,Dealer,Automatic,Second Owner,15.28,1937,179.51,316.32,7,265239.9945804238
Hyundai Creta,2023,1270233,179123,LPG,Individual,Automatic,Second Owner,19.67,2631,98.87,223.98,7,1788064.5850309455
Renault Duster,2018,1118333,102962,CNG,Individual,Automatic,First Owner,23.89,1944,107.26,219.24,6,1433565.0082552314
Honda City,2017,1149219,96954,LPG,Individual,Manual,First Owner,24.22,1617,173.04,163.65,4,1363682.7738798985
Mahindra XUV500,2023,1367727,152306,Petrol,Trustmark Dealer,Automatic,First Owner,10.77,1153,199.45,315.5,5,1589592.766542956
Honda City,2022,174879,55999,CNG,Individual,Manual,Third Owner,22.49,1343,80.96,181.15,4,223090.3214605862
Kia Seltos,2007,512889,33801,Electric,Trustmark Dealer,Manual,Third Owner,25.31,2951,61.1,103.87,5,587232.3158923604
Mahindra XUV500,2015,1088598,184133,CNG,Trustmark Dealer,Manual,First Owner,14.36,2578,93.07,105.81,5,1553934.7437480208
Hyundai i20,2012,544626,5624,Electric,Individual,Manual,Second Owner,15.36,2037,55.57,206.75,7,684216.503210882
Maruti Baleno,2005,221518,120161,Electric,Trustmark Dealer,Manual,First Owner,27.9,936,52.4,91.65,4,259061.88149184067
Toyota Innova,2006,50000,165943,LPG,Dealer,Manual,Second Owner,16.5,2694,174.29,251.66,5,63185.18170064456
Hyundai i20,2019,439413,40739,CNG,Dealer,Manual,Third Owner,18.71,2830,146.24,133.84,7,623166.0669819452
Toyota Innova,2020,602901,175657,CNG,Dealer,Manual,Fourth & Above Owner,17.8,942,181.5,126.09,5,734089.4898696867
Honda City,2016,765959,76047,Electric,Individual,Automatic,Third Owner,23.19,2068,146.12,151.42,4,979670.539054306
Volkswagen Polo,2019,50000,136358,Petrol,Trustmark Dealer,Manual,First Owner,24.81,1467,171.01,195.93,5,68198.2966422816
Mahindra XUV500,2012,1103171,188911,Electric,Trustmark Dealer,Automatic,Fourth & Above Owner,10.34,1057,128.53,325.81,4,1455804.9539403676
Ford Ecosport,2006,68096,144165,Petrol,Individual,Manual,First Owner,28.25,2438,58.74,239.19,6,78559.79538518688
Ford Ecosport,2014,1287964,42334,CNG,Individual,Manual,First Owner,19.68,1023,79.82,299.71,6,1697318.4152153723
Kia Seltos,2022,1264288,151592,LPG,Dealer,Manual,Second Owner,17.82,1241,196.44,126.51,7,1832012.1420117328
Mahindra XUV500,2007,1158148,171742,Electric,Dealer,Manual,Second Owner,21.9,2715,147.25,282.55,4,1428335.3247371
Tata Nexon,2005,481421,189261,CNG,Dealer,Automatic,Third Owner,20.01,2127,194.51,222.57,4,535044.5556170892
Mahindra XUV500,2013,1159465,132444,LPG,Trustmark Dealer,Automatic,Third Owner,30.89,2855,167.22,306.94,4,1506944.4002262538
Tata Nexon,2022,603808,48960,Petrol,Dealer,Manual,Third Owner,11.28,957,104.59,243.43,4,780185.631483223
Hyundai Creta,2019,198426,81774,CNG,Dealer,Automatic,Second Owner,20.7,2711,95.98,300.23,5,295612.50706686405
Tata Nexon,2009,943689,182781,Petrol,Dealer,Automatic,Second Owner,31.54,1617,81.94,103.71,4,1330752.077417811
Kia Seltos,2011,338058,99477,CNG,Dealer,Manual,Third Owner,18.95,1152,191.29,155.98,4,400843.7015159964
Ford Ecosport,2023,826255,78866,Electric,Trustmark Dealer,Automatic,Fourth & Above Owner,24.39,2649,50.41,114.07,7,956117.7137421672
Skoda Rapid,2010,1175074,71531,Diesel,Individual,Automatic,First Owner,19.18,2916,110.46,297.63,7,1297761.4722967593
Tata Nexon,2005,948571,167767,Electric,Trustmark Dealer,Manual,First Owner,24.28,2069,91.09,179.68,4,1047449.1382905436
Mahindra XUV500,2008,464514,174714,Petrol,Trustmark Dealer,Manual,Third Owner,29.56,1440,52.62,195.73,7,576924.4979320904
Maruti Swift,2009,620198,32269,Petrol,Individual,Automatic,Third Owner,11.33,1902,132.08,216.51,5,748372.7107552751
Mahindra XUV500,2008,50000,32620,CNG,Dealer,Automatic,Second Owner,31.41,1465,129.16,329.94,5,56446.968761872384
Renault Duster,2009,50000,106617,CNG,Trustmark Dealer,Automatic,Fourth & Above Owner,13.7,2323,78.7,143.4,4,59928.21166720507
Hyundai i20,2016,1307013,102085,LPG,Trustmark Dealer,Manual,Second Owner,32.82,1999,91.76,175.91,5,1923452.3756963047
Maruti Baleno,2020,495605,79492,Diesel,Dealer,Manual,Third Owner,24.98,1523,179.1,122.01,4,647697.0575283829
Toyota Innova,2011,128663,8611,CNG,Dealer,Automatic,Third Owner,33.37,1984,146.61,251.74,5,157946.30731066188
Skoda Rapid,2014,877457,66602,Petrol,Dealer,Automatic,Fourth & Above Owner,24.57,2347,127.08,151.43,4,1207217.7891259545
Tata Nexon,2010,1050486,82216,Petrol,Trustmark Dealer,Automatic,Third Owner,33.85,2288,87.07,139.92,7,1342258.7111325683
Honda City,2022,566874,22896,LPG,Dealer,Automatic,First Owner,20.46,1462,188.02,325.86,6,757632.9148671796
Ford Ecosport,2008,483334,145869,Electric,Trustmark Dealer,Manual,Second Owner,19.41,2716,89.46,217.93,6,673904.985997537
Kia Seltos,2012,90044,127466,CNG,Dealer,Automatic,First Owner,23.32,2753,89.88,336.87,7,114653.69076276128
Skoda Rapid,2013,292423,134860,LPG,Dealer,Manual,First Owner,22.71,1243,79.34,290.78,4,387054.5324387311
Mahindra XUV500,2014,309863,168127,CNG,Trustmark Dealer,Automatic,Third Owner,23.43,2859,178.36,146.72,6,456819.6947340642
Tata Nexon,2015,447960,105194,Diesel,Trustmark Dealer,Manual,Fourth & Above Owner,25.07,1012,160.98,101.74,4,579845.7375490862
Tata Nexon,2016,194866,190112,Electric,Trustmark Dealer,Automatic,Second Owner,26.48,960,131.9,191.41,4,262402.48192540323
Mahindra XUV500,2010,928820,118439,Petrol,Trustmark Dealer,Manual,First Owner,30.1,2212,136.1,296.58,5,1038291.467495633
Maruti Swift,2010,219530,160541,LPG,Trustmark Dealer,Automatic,First Owner,18.37,2262,113.31,264.72,4,242397.98069614323
Mahindra XUV500,2022,1290379,119821,Electric,Individual,Manual,First Owner,31.35,2200,150.2,143.56,5,1763058.8038554518
Maruti Swift,2011,1093774,194920,LPG,Individual,Manual,Fourth & Above Owner,26.65,2157,195.39,325.61,6,1313603.4296431935
Honda City,2010,50000,192688,LPG,Individual,Automatic,Fourth & Above Owner,10.04,1097,55.28,158.23,4,74669.22144304677
Ford Ecosport,2015,50000,191795,Diesel,Individual,Automatic,Third Owner,31.72,1435,197.77,126.81,7,60906.93190846081
Mahindra XUV500,2012,1007543,148452,Diesel,Dealer,Automatic,Third Owner,29.17,1555,79.17,320.58,7,1427621.3206791382
Tata Nexon,2010,50000,59950,LPG,Dealer,Manual,Fourth & Above Owner,16.92,1680,117.45,259.11,6,71475.96102522341
Hyundai i20,2008,304514,15598,Diesel,Trustmark Dealer,Automatic,Second Owner,18.58,1965,194.24,97.93,6,360446.0061297975
Hyundai i20,2013,63841,138571,LPG,Trustmark Dealer,Manual,First Owner,21.12,853,186.56,321.74,7,80975.79968611941
Toyota Innova,2022,956419,166049,Petrol,Dealer,Manual,Third Owner,21.65,2484,98.61,280.87,6,1052184.7166161195
Volkswagen Polo,2006,580135,78417,Electric,Trustmark Dealer,Manual,Second Owner,31.64,2485,143.93,236.44,6,859302.5751433003
Ford Ecosport,2012,812770,157379,CNG,Dealer,Manual,First Owner,27.42,2839,61.36,137.99,4,1149677.3026036003
Mahindra XUV500,2015,929788,40260,LPG,Individual,Manual,First Owner,17.46,2002,152.83,324.58,6,1149479.9937747505
Hyundai i20,2009,1057692,146039,Electric,Individual,Manual,Third Owner,25.28,1327,59.66,212.76,4,1555927.801476305
Honda City,2018,529319,118927,Petrol,Dealer,Manual,Third Owner,32.28,953,108.4,255.93,7,705267.5992382925
Mahindra XUV500,2017,1318737,57134,Diesel,Dealer,Manual,Fourth & Above Owner,22.2,2492,67.22,320.06,6,1541094.1272914903
Kia Seltos,2007,187785,145598,Petrol,Individual,Manual,Fourth & Above Owner,21.82,2132,148.83,136.36,7,221440.8553652296
Tata Nexon,2005,95832,44051,Petrol,Individual,Manual,First Owner,13.5,1270,55.03,305.78,7,130778.28412972226
Mahindra XUV500,2022,1358725,57155,CNG,Trustmark Dealer,Manual,Fourth & Above Owner,32.1,1799,107.81,197.16,6,1889614.9936584304
Renault Duster,2019,790211,143929,Electric,Individual,Manual,Third Owner,28.23,2623,167.59,176.98,5,1127547.1951800825
Hyundai Creta,2011,195922,150583,Petrol,Trustmark Dealer,Manual,Third Owner,32.45,2331,175.03,323.35,5,267373.0618257921
Kia Seltos,2012,132423,133215,Diesel,Individual,Automatic,Third Owner,17.97,2837,78.75,197.42,7,163729.0261338699
Ford Ecosport,2019,292568,142907,Diesel,Dealer,Automatic,First Owner,28.95,2374,84.45,125.15,7,436239.1647411281
Honda City,2018,952719,94466,Diesel,Trustmark Dealer,Automatic,Third Owner,24.97,2624,127.97,191.9,4,1340615.9563164194
Maruti Swift,2019,262758,171804,CNG,Individual,Manual,Third Owner,22.87,1669,152.42,299.68,5,363117.94808147126
Skoda Rapid,2009,296815,158172,CNG,Individual,Automatic,First Owner,13.42,1128,186.36,334.51,4,366882.5808753835
Toyota Innova,2017,869298,170565,Diesel,Dealer,Manual,Fourth & Above Owner,19.57,849,169.54,126.85,6,1223463.3597415856
Tata Nexon,2013,1188467,148844,Diesel,Trustmark Dealer,Manual,Fourth & Above Owner,22.58,2852,98.63,144.68,4,1482770.456812948
Renault Duster,2007,622659,159815,LPG,Individual,Automatic,Fourth & Above Owner,14.54,1894,96.34,92.75,4,817779.2710340348
Toyota Innova,2021,287199,74098,Electric,Dealer,Manual,Fourth & Above Owner,27.79,906,129.52,99.99,4,409607.81910958566
Maruti Baleno,2013,1150925,138635,Petrol,Dealer,Manual,Third Owner,32.39,967,177.06,171.41,6,1517250.8315899062
Maruti Swift,2020,1128143,189806,LPG,Dealer,Automatic,First Owner,27.13,2649,128.11,292.54,5,1326458.911452793
Hyundai Creta,2022,934071,56979,Electric,Individual,Manual,Third Owner,22.13,869,194.89,227.6,6,1245987.0859805432
Volkswagen Polo,2011,1175819,70423,Diesel,Dealer,Automatic,Fourth & Above Owner,25.16,2251,80.96,219.28,4,1635946.577659901
Maruti Baleno,2011,689020,41800,Electric,Trustmark Dealer,Manual,First Owner,12.48,1502,171.44,177.95,5,950206.575871535
Kia Seltos,2010,1110962,23680,Petrol,Dealer,Automatic,Second Owner,23.72,2290,69.55,131.89,4,1413929.0753939203
Maruti Baleno,2012,496298,199998,Diesel,Dealer,Automatic,Third Owner,16.54,1732,161.02,124.21,4,742845.5279998458
Tata Nexon,2014,50000,87371,LPG,Individual,Manual,Second Owner,20.37,1274,170.37,348.05,5,68214.3484689053
Maruti Baleno,2019,201752,198750,Diesel,Trustmark Dealer,Manual,Third Owner,23.34,2977,190.27,312.53,7,252641.8636351858
Renault Duster,2020,737642,129397,CNG,Individual,Manual,Fourth & Above Owner,25.68,1738,125.28,228.01,7,879324.4265198767
Tata Nexon,2012,514174,40137,CNG,Trustmark Dealer,Manual,Third Owner,13.43,1866,137.53,294.27,7,617088.9557124613
Maruti Baleno,2014,211262,137027,CNG,Individual,Automatic,Third Owner,12.43,1408,95.62,222.39,5,313564.67176499974
Hyundai Creta,2021,778311,78159,Electric,Trustmark Dealer,Automatic,Fourth & Above Owner,32.01,922,165.6,144.16,7,1078734.2871761257
Hyundai i20,2020,67473,52628,LPG,Individual,Manual,Second Owner,15.73,1008,107.62,138.35,5,93543.24712899917
Hyundai Creta,2014,1193838,131759,LPG,Trustmark Dealer,Automatic,First Owner,11.88,2120,174.92,206.7,5,1544097.6810620376
Honda City,2015,217719,168113,Petrol,Dealer,Automatic,Fourth & Above Owner,20.07,2278,135.43,327.85,6,275235.3240250212
Hyundai i20,2017,695709,168034,Diesel,Trustmark Dealer,Automatic,Second Owner,26.66,2051,64.88,189.91,7,943387.6830434828
Honda City,2022,306054,57663,Diesel,Dealer,Manual,Third Owner,27.6,2105,135.78,215.06,7,367440.4385416048
Maruti Swift,2023,224040,143439,Diesel,Individual,Manual,Second Owner,16.55,2474,67.52,94.81,7,330895.9041153759
Maruti Baleno,2009,50000,126103,LPG,Individual,Automatic,Fourth & Above Owner,24.26,2016,191.77,115.84,7,60219.641153902136
Skoda Rapid,2014,221696,8838,CNG,Trustmark Dealer,Manual,Third Owner,33.32,2900,134.77,345.84,7,289615.46254627226
Maruti Baleno,2005,728707,51326,Electric,Trustmark Dealer,Automatic,Third Owner,13.78,2365,97.35,160.84,6,987354.9825720836
Mahindra XUV500,2007,50000,100998,LPG,Individual,Manual,Fourth & Above Owner,23.48,1273,188.61,141.03,5,73106.03792330384
Renault Duster,2019,50000,8527,CNG,Trustmark Dealer,Automatic,Second Owner,14.83,2968,52.31,275.39,4,57814.24571626754
Hyundai Creta,2017,585478,61291,LPG,Individual,Automatic,Third Owner,24.94,1127,181.35,315.01,4,720636.183537412
Maruti Baleno,2022,287295,27747,Electric,Dealer,Automatic,Second Owner,11.54,2018,100.34,141.6,5,381165.7346124445
Maruti Baleno,2015,320749,97436,Electric,Individual,Automatic,Fourth & Above Owner,17.62,1380,158.43,211.97,6,469162.8654737296
Maruti Baleno,2016,1197878,85257,Electric,Trustmark Dealer,Automatic,Fourth & Above Owner,17.56,1443,74.06,165.79,6,1694622.1419527226
Honda City,2016,1085530,12791,Petrol,Individual,Automatic,Fourth & Above Owner,15.08,2135,71.01,304.11,6,1593005.1935935975
Maruti Swift,2018,360889,72178,Electric,Dealer,Automatic,Fourth & Above Owner,15.37,2658,173.69,239.39,4,539991.7593462687
Toyota Innova,2019,1310403,91802,LPG,Trustmark Dealer,Manual,Fourth & Above Owner,26.34,2039,178.38,213.89,7,1696118.5775369375
Skoda Rapid,2008,59625,192478,CNG,Dealer,Automatic,First Owner,30.58,2738,59.54,136.9,6,77334.94468740057
Tata Nexon,2023,1396843,168523,CNG,Individual,Automatic,Fourth & Above Owner,19.78,940,72.64,194.82,7,2091545.199588246
Skoda Rapid,2018,1217228,35678,LPG,Trustmark Dealer,Manual,Second Owner,10.01,2534,115.24,236.48,5,1530580.4253931695
Kia Seltos,2018,618243,150975,Electric,Trustmark Dealer,Automatic,First Owner,21.8,1908,58.09,162.29,5,767774.5215727411
Maruti Baleno,2023,670166,176366,Petrol,Dealer,Manual,Second Owner,27.69,1905,199.76,184.05,4,889761.0363637838
Kia Seltos,2008,631093,131299,Diesel,Trustmark Dealer,Automatic,Fourth & Above Owner,15.88,865,113.51,221.98,5,928150.6956151144
Tata Nexon,2011,450786,41153,Electric,Trustmark Dealer,Manual,Fourth & Above Owner,17.87,2916,66.21,147.11,5,557763.8754864614
Renault Duster,2023,687504,8019,Electric,Individual,Manual,Second Owner,16.83,1698,146.31,208.13,7,999284.4644750608
Toyota Innova,2022,969783,133259,CNG,Individual,Automatic,First Owner,28.47,2212,72.21,320.91,5,1384439.1387295316
Honda City,2020,958533,141139,Petrol,Trustmark Dealer,Automatic,Second Owner,16.57,1467,93.0,131.55,5,1289168.1336824773
Ford Ecosport,2015,50000,159440,CNG,Individual,Automatic,Fourth & Above Owner,29.99,2489,129.18,337.4,7,61790.60241560035
Mahindra XUV500,2006,919050,97364,LPG,Dealer,Manual,Third Owner,26.56,1589,62.76,262.24,6,1062696.1509820626
Maruti Swift,2016,201123,192741,Electric,Dealer,Manual,Second Owner,10.94,1397,119.64,234.64,5,237360.8187939874
Hyundai Creta,2014,185117,153008,Diesel,Trustmark Dealer,Automatic,First Owner,12.05,2530,96.34,315.4,7,236642.14491128383
Mahindra XUV500,2012,247999,183525,Diesel,Trustmark Dealer,Manual,Third Owner,30.15,2234,180.51,230.06,5,364853.55413254007
Renault Duster,2019,677073,57183,CNG,Trustmark Dealer,Automatic,Third Owner,22.33,1925,185.31,229.42,7,871473.228836045
Mahindra XUV500,2019,1106282,127426,Electric,Trustmark Dealer,Manual,Second Owner,23.71,1018,166.11,204.27,6,1569229.2281007892
Tata Nexon,2021,644935,88989,Electric,Trustmark Dealer,Automatic,Third Owner,13.4,2098,86.95,202.62,7,962273.3868425564
Renault Duster,2010,50000,9909,Diesel,Individual,Automatic,Fourth & Above Owner,31.7,1327,134.74,237.89,7,58108.4164767664
Mahindra XUV500,2012,623623,19446,Electric,Individual,Manual,First Owner,21.61,2443,127.58,345.62,4,749467.4061453668
Hyundai Creta,2012,854181,73049,Petrol,Trustmark Dealer,Manual,Second Owner,16.05,1287,65.99,166.19,6,1081104.0559528798
Hyundai Creta,2006,862419,109702,Petrol,Individual,Manual,First Owner,19.76,828,156.29,295.3,7,1164498.7150402456
Toyota Innova,2017,1016907,159516,Electric,Dealer,Manual,Third Owner,34.18,1969,142.25,96.06,7,1160888.5715306702
Hyundai i20,2022,869024,82385,CNG,Individual,Automatic,Second Owner,34.04,2189,74.83,310.94,6,1144603.01300618
Maruti Swift,2008,640469,81829,Petrol,Trustmark Dealer,Manual,First Owner,12.62,2170,183.9,329.24,6,759271.5391526587
Skoda Rapid,2021,228869,153333,Diesel,Individual,Manual,Fourth & Above Owner,29.31,1173,75.39,124.27,6,263179.5659273167
Mahindra XUV500,2011,1055155,154444,Petrol,Trustmark Dealer,Automatic,Fourth & Above Owner,29.99,2779,92.58,304.67,6,1290900.3554228065
Ford Ecosport,2018,311783,90684,Petrol,Dealer,Automatic,Second Owner,23.37,2452,180.15,217.34,7,392909.77436614415
Kia Seltos,2005,108357,178648,Petrol,Individual,Automatic,Second Owner,30.83,2717,197.41,94.92,6,120261.68715925603
Mahindra XUV500,2023,1015177,133353,CNG,Dealer,Automatic,Second Owner,29.86,807,87.52,340.29,7,1141127.1540934849
Mahindra XUV500,2006,148589,121231,Diesel,Individual,Manual,First Owner,17.65,912,149.83,261.52,7,186248.9739010776
Volkswagen Polo,2016,232887,137844,Diesel,Trustmark Dealer,Manual,Second Owner,32.04,2327,127.33,236.79,4,337103.5663983342
Hyundai i20,2023,580898,92423,LPG,Individual,Automatic,Third Owner,25.61,1277,128.18,117.74,4,819671.679022926
Maruti Swift,2021,1304791,138235,Diesel,Individual,Manual,Fourth & Above Owner,34.38,1895,191.61,250.6,7,1850187.7712051093
Tata Nexon,2023,395087,92530,Electric,Trustmark Dealer,Manual,Third Owner,26.33,2866,182.92,289.81,6,495182.6914396291
Hyundai i20,2021,592289,84506,Electric,Individual,Automatic,Fourth & Above Owner,18.85,1922,79.97,209.5,5,832065.5956515038
Honda City,2009,669165,176497,CNG,Dealer,Automatic,First Owner,33.79,970,99.67,268.97,6,876527.8880122197
Skoda Rapid,2015,974526,64684,CNG,Individual,Manual,Second Owner,23.85,1274,54.93,308.52,5,1199653.3014018985
Maruti Baleno,2012,334568,114860,Petrol,Dealer,Manual,Third Owner,19.05,1103,131.53,120.37,7,463954.0514064099
Skoda Rapid,2013,1207900,175156,LPG,Dealer,Manual,Third Owner,10.27,802,178.43,107.97,4,1642188.540070965
Mahindra XUV500,2005,50000,180377,CNG,Individual,Automatic,Third Owner,21.09,1754,100.78,343.81,5,66178.16894459359
Hyundai Creta,2006,50000,47760,Petrol,Individual,Automatic,Third Owner,16.5,2360,140.36,152.4,4,60677.65654813575
Kia Seltos,2014,482406,79665,LPG,Dealer,Automatic,First Owner,31.27,2329,86.96,339.38,5,583507.5766026357
Hyundai i20,2006,920470,82190,LPG,Individual,Manual,Fourth & Above Owner,29.1,2693,142.67,261.99,7,1247766.22450292
Maruti Swift,2014,1173319,94643,LPG,Dealer,Manual,Third Owner,31.37,1660,78.51,204.0,5,1456968.4665911363
Hyundai Creta,2022,928916,125220,Petrol,Dealer,Automatic,Second Owner,23.93,1514,110.23,213.51,7,1022596.9731348752
Volkswagen Polo,2016,182813,47924,Diesel,Individual,Manual,Fourth & Above Owner,18.76,2099,176.99,347.6,6,235542.4219651392
Toyota Innova,2023,406303,49263,Petrol,Individual,Automatic,First Owner,23.34,2784,110.54,238.43,6,492609.6011052177
Renault Duster,2014,1284081,151724,LPG,Trustmark Dealer,Manual,Fourth & Above Owner,27.7,2977,167.3,301.28,7,1655429.3017316326
Hyundai i20,2020,426782,98497,Diesel,Trustmark Dealer,Automatic,Third Owner,15.03,1517,196.22,211.44,5,598441.7119858821
Renault Duster,2020,1346734,60400,Electric,Trustmark Dealer,Manual,Third Owner,18.13,1905,161.81,346.78,7,1522030.2933611758
Maruti Swift,2006,337037,64375,Electric,Individual,Manual,Fourth & Above Owner,11.86,1159,114.25,302.16,7,378477.8328291858
Mahindra XUV500,2021,1106070,141373,Diesel,Individual,Manual,Third Owner,26.89,1143,118.74,154.72,7,1472401.28031085
Hyundai i20,2018,922652,96883,LPG,Trustmark Dealer,Manual,Fourth & Above Owner,31.71,1676,145.05,267.8,6,1258182.3066869758
Mahindra XUV500,2008,988695,191233,CNG,Dealer,Automatic,Second Owner,34.42,2341,97.27,318.22,7,1091695.348609912
Hyundai i20,2016,784345,140394,Petrol,Dealer,Manual,Third Owner,10.15,2498,113.27,237.73,4,935673.1136268664
Maruti Baleno,2009,934697,113095,CNG,Trustmark Dealer,Automatic,Third Owner,30.46,2977,159.55,162.39,4,1380408.7804823215
Mahindra XUV500,2010,415748,102538,Diesel,Trustmark Dealer,Manual,Fourth & Above Owner,28.56,2912,185.41,120.12,5,543263.3444706748
Maruti Baleno,2018,933624,31286,Diesel,Dealer,Automatic,Third Owner,23.17,2811,86.15,129.28,6,1186997.3247370513
Skoda Rapid,2005,494112,151879,CNG,Individual,Automatic,Second Owner,34.55,2976,196.06,243.3,5,565870.7393078789
Volkswagen Polo,2009,665963,183861,Petrol,Trustmark Dealer,Automatic,First Owner,20.72,1735,191.55,293.56,4,986769.4653832932
Kia Seltos,2013,771003,134962,LPG,Trustmark Dealer,Automatic,First Owner,28.92,1164,66.93,243.55,5,857351.7189840232
Honda City,2019,778280,81050,Electric,Dealer,Automatic,Third Owner,34.45,2747,95.65,236.01,6,1100323.287671229
Tata Nexon,2007,50000,138288,Petrol,Individual,Automatic,Fourth & Above Owner,33.34,967,133.03,289.91,5,57449.469933422966
Hyundai Creta,2015,427068,125903,Petrol,Dealer,Manual,First Owner,11.01,2504,169.2,199.11,7,620592.9362107296
Skoda Rapid,2006,143577,178221,LPG,Individual,Manual,Third Owner,21.74,1363,150.88,340.82,6,191335.9266267621
Hyundai Creta,2016,872327,194300,LPG,Individual,Manual,Third Owner,16.89,2303,70.93,179.66,5,1112883.9543213304
Skoda Rapid,2022,1150907,191682,Electric,Trustmark Dealer,Automatic,Second Owner,16.92,2989,153.67,259.27,5,1278761.3069572162
Skoda Rapid,2021,1331229,68184,Petrol,Individual,Manual,Third Owner,26.74,2729,177.21,281.88,7,1584512.924066631
Maruti Baleno,2010,715938,136842,Petrol,Dealer,Manual,Third Owner,31.24,1512,160.39,211.46,4,888684.8435551714
Mahindra XUV500,2013,349756,25430,Diesel,Trustmark Dealer,Manual,Third Owner,21.95,2386,66.86,90.56,7,440615.4699437664
Renault Duster,2022,1150114,75298,LPG,Trustmark Dealer,Automatic,Fourth & Above Owner,11.98,1618,72.54,232.08,7,1287978.153883957
Ford Ecosport,2007,50000,41648,Electric,Individual,Automatic,Fourth & Above Owner,16.73,2744,113.0,263.66,4,64393.00404640669
Hyundai i20,2007,323961,5997,CNG,Individual,Automatic,Third Owner,11.54,1643,87.28,148.04,6,356803.01500436425
Renault Duster,2022,1399549,26904,Electric,Dealer,Manual,First Owner,10.42,2264,89.76,179.84,6,1693301.38079058
Hyundai Creta,2023,134850,41421,LPG,Individual,Automatic,Second Owner,33.28,1742,113.65,195.73,6,159362.44890295007
Toyota Innova,2012,319460,58208,LPG,Individual,Automatic,Fourth & Above Owner,33.02,1077,167.94,262.36,5,357398.1489977393
Toyota Innova,2009,656949,162947,Petrol,Dealer,Automatic,Fourth & Above Owner,22.12,1047,188.06,162.42,4,771907.0771272171
Renault Duster,2013,417893,190907,LPG,Individual,Manual,Fourth & Above Owner,26.6,1017,141.43,272.99,7,468861.5322906373
Tata Nexon,2015,414132,120329,CNG,Trustmark Dealer,Automatic,First Owner,32.72,2019,103.87,172.46,5,570210.0476427234
Hyundai i20,2009,207126,6459,Electric,Dealer,Automatic,First Owner,33.66,1348,131.55,250.59,5,257950.2067962433
Maruti Baleno,2005,50000,89101,Diesel,Dealer,Manual,First Owner,22.99,1494,138.98,280.63,7,70453.96364650254
Renault Duster,2023,1163688,62692,Electric,Dealer,Manual,First Owner,26.28,2472,184.28,234.43,4,1710665.9823072224
Hyundai i20,2021,1330293,110801,LPG,Individual,Manual,First Owner,32.2,1047,51.92,275.98,7,1810488.8695756816
Hyundai i20,2015,138902,21029,LPG,Dealer,Manual,First Owner,22.0,2030,57.07,202.5,4,173094.12249760848
Ford Ecosport,2005,912170,78208,CNG,Dealer,Manual,Third Owner,19.71,2360,80.85,339.39,5,1326585.9623936703
Toyota Innova,2019,240589,157471,CNG,Dealer,Manual,Fourth & Above Owner,11.48,1460,195.38,247.3,7,355608.96401958284
Skoda Rapid,2010,365158,87932,LPG,Dealer,Automatic,Fourth & Above Owner,30.46,1303,58.96,310.47,5,424186.49858526594
Skoda Rapid,2008,848626,137188,CNG,Dealer,Manual,First Owner,17.13,1691,144.26,112.14,7,1140208.07616277
Maruti Baleno,2023,1057427,47442,Petrol,Individual,Manual,Fourth & Above Owner,23.27,1594,163.9,294.42,5,1306526.8513046808
Honda City,2019,576958,112482,CNG,Individual,Manual,Third Owner,14.39,1740,181.65,128.81,5,754850.1369233974
Maruti Baleno,2013,478708,169986,Electric,Trustmark Dealer,Automatic,Fourth & Above Owner,31.49,1564,140.77,113.68,5,637441.8506393003
Maruti Baleno,2006,871837,64412,Electric,Individual,Manual,First Owner,17.59,1592,188.9,92.34,7,1189933.1440570692
Mahindra XUV500,2006,50000,164986,LPG,Dealer,Automatic,Third Owner,22.51,2074,70.58,283.5,6,67096.68194567067
Mahindra XUV500,2007,50000,71791,Petrol,Dealer,Automatic,Third Owner,31.94,2525,80.98,313.91,7,72627.20142864587
Maruti Baleno,2017,237270,114531,Petrol,Individual,Manual,First Owner,30.3,1563,101.48,302.01,5,287501.3204015023
Renault Duster,2006,50000,19628,Diesel,Individual,Automatic,First Owner,26.1,1745,155.57,138.09,5,68562.52658307752
Tata Nexon,2011,652415,105199,Electric,Individual,Manual,First Owner,13.12,2021,178.13,92.52,7,917603.7569275908
Volkswagen Polo,2023,321888,109587,Diesel,Trustmark Dealer,Manual,Third Owner,16.65,2682,168.87,160.67,4,377282.3482951253
Maruti Swift,2006,927413,170765,LPG,Individual,Automatic,Fourth & Above Owner,25.14,1591,114.15,172.68,5,1163644.366718397
Honda City,2009,50000,135714,LPG,Dealer,Automatic,Second Owner,24.41,1137,135.2,154.12,7,72142.05508468352
Toyota Innova,2009,50000,53659,CNG,Dealer,Automatic,Fourth & Above Owner,25.96,1243,83.1,273.15,5,71227.5380182551
Skoda Rapid,2019,206983,91349,CNG,Trustmark Dealer,Automatic,First Owner,16.49,2934,100.12,179.45,5,246899.2573218418
Hyundai i20,2021,349953,112604,Electric,Individual,Automatic,First Owner,16.36,1487,173.2,328.33,5,438351.672723663
Skoda Rapid,2006,966006,67681,Diesel,Dealer,Automatic,Fourth & Above Owner,30.23,2036,80.5,300.75,7,1100257.9652710506
Maruti Swift,2023,739509,166658,LPG,Dealer,Automatic,Fourth & Above Owner,30.58,1612,142.96,125.91,6,998192.5868833186
Ford Ecosport,2017,239545,24068,Diesel,Trustmark Dealer,Manual,Fourth & Above Owner,12.51,1715,150.02,169.42,7,312479.8021315138
Maruti Swift,2011,170387,47000,LPG,Dealer,Manual,Second Owner,19.61,1566,153.7,333.69,5,236694.1853937609
Tata Nexon,2014,302737,171874,Diesel,Trustmark Dealer,Manual,Fourth & Above Owner,30.58,1044,167.61,200.89,5,405951.4055694476
Maruti Swift,2009,565096,54827,Electric,Individual,Manual,First Owner,30.26,2604,74.19,310.56,4,628995.9297543198
Volkswagen Polo,2006,685386,161751,CNG,Dealer,Automatic,Second Owner,34.23,2459,176.54,91.96,6,991489.8951043376
Maruti Swift,2012,562107,46178,LPG,Individual,Automatic,Second Owner,11.45,2256,116.91,97.36,7,824454.8117663821
Hyundai i20,2008,502595,165685,Diesel,Trustmark Dealer,Manual,Second Owner,26.55,1895,142.47,321.91,6,684829.827366082
Toyota Innova,2013,304261,133635,Petrol,Trustmark Dealer,Automatic,Fourth & Above Owner,28.95,2260,161.76,185.3,4,341425.0759359016
Kia Seltos,2019,791841,57765,Diesel,Individual,Manual,Fourth & Above Owner,20.1,1147,74.07,209.26,6,1177737.3283400747
Toyota Innova,2012,242458,61773,Diesel,Trustmark Dealer,Automatic,Third Owner,30.06,2246,153.43,226.03,4,359417.569161151
Skoda Rapid,2012,1089242,153977,Diesel,Individual,Manual,First Owner,13.36,994,61.85,329.46,6,1633245.1494944808
Skoda Rapid,2016,142112,125232,Petrol,Individual,Automatic,Fourth & Above Owner,34.86,1575,67.89,133.87,7,201827.7191188245
Mahindra XUV500,2009,50000,189136,LPG,Trustmark Dealer,Manual,Third Owner,19.42,2168,60.39,105.35,7,63998.78380259638
Maruti Swift,2005,348808,181023,CNG,Dealer,Manual,Second Owner,32.17,2996,137.91,186.05,7,466274.4128449113
Volkswagen Polo,2017,547730,96470,Petrol,Individual,Manual,First Owner,17.56,2837,75.57,339.14,7,721795.8553332313
Maruti Swift,2023,1070988,92727,Electric,Individual,Automatic,First Owner,29.16,1610,159.2,317.7,5,1470344.7488846409
Maruti Swift,2009,537387,65414,CNG,Trustmark Dealer,Manual,Second Owner,19.93,1151,123.56,104.14,5,685062.1364021492
Mahindra XUV500,2018,195003,189757,Electric,Trustmark Dealer,Manual,Fourth & Above Owner,17.75,1411,160.26,106.72,4,263420.6767114548
Hyundai i20,2006,499258,167049,CNG,Individual,Automatic,Second Owner,16.27,2722,71.33,164.88,4,731951.2279126327
Toyota Innova,2005,50000,117298,Diesel,Trustmark Dealer,Automatic,First Owner,12.93,1993,125.68,192.19,6,62115.770755177
Maruti Baleno,2006,50000,56752,Electric,Individual,Automatic,Third Owner,15.21,2877,185.41,182.76,4,63421.92402302913
Ford Ecosport,2005,323203,137237,CNG,Dealer,Automatic,First Owner,30.01,2649,93.51,326.76,5,406669.2071869141
Tata Nexon,2016,773339,121489,Diesel,Trustmark Dealer,Automatic,Third Owner,18.89,2842,121.54,342.4,4,1017481.7858500408
Toyota Innova,2007,865113,191296,Petrol,Trustmark Dealer,Manual,Third Owner,13.65,877,186.6,234.8,6,1018516.0068902988
Maruti Swift,2007,871142,21343,Diesel,Individual,Manual,Third Owner,25.94,2028,108.04,232.88,6,1137884.7969540297
Maruti Swift,2013,651480,68437,CNG,Trustmark Dealer,Automatic,Fourth & Above Owner,17.56,877,127.82,92.17,6,790719.5621263162
Kia Seltos,2023,1389647,120854,LPG,Dealer,Manual,Second Owner,11.82,2041,197.47,111.78,7,1804670.5868694847
Toyota Innova,2013,312701,45410,LPG,Dealer,Manual,Fourth & Above Owner,32.46,1861,80.24,161.75,7,457275.7598368529
Mahindra XUV500,2015,1279129,163144,Diesel,Individual,Automatic,Second Owner,22.82,1967,95.65,304.97,7,1800093.641571528
Toyota Innova,2013,1246703,112542,Diesel,Dealer,Automatic,First Owner,20.57,2556,90.88,213.83,7,1456657.35812574
Hyundai Creta,2020,1161185,173530,Petrol,Individual,Manual,Second Owner,29.27,2544,80.92,267.39,5,1619761.6101517791
Mahindra XUV500,2014,1196418,20322,LPG,Dealer,Manual,Third Owner,17.56,1974,90.56,168.55,4,1431296.6312666626
Skoda Rapid,2020,848464,183649,Diesel,Trustmark Dealer,Manual,Fourth & Above Owner,16.19,2812,164.43,107.38,7,1184667.1624386816
Skoda Rapid,2017,50000,190994,CNG,Individual,Automatic,Second Owner,34.92,1427,102.37,132.66,7,65676.57806196547
Mahindra XUV500,2007,994264,185803,LPG,Individual,Manual,First Owner,24.2,2549,94.41,224.18,7,1380179.3830948253
Maruti Swift,2008,50000,93898,Diesel,Dealer,Manual,Fourth & Above Owner,24.82,2994,174.09,167.48,4,63290.73232480431
Mahindra XUV500,2017,1301493,182746,CNG,Individual,Automatic,Fourth & Above Owner,12.52,1902,193.39,330.46,6,1801971.8941488888
Tata Nexon,2023,401430,144512,Diesel,Individual,Automatic,Fourth & Above Owner,30.84,2428,51.95,128.76,6,533465.4496367677
Hyundai Creta,2015,107694,12560,LPG,Dealer,Manual,Third Owner,18.84,2837,177.81,337.91,4,128573.40571041952
Toyota Innova,2017,107086,79006,Diesel,Individual,Manual,Third Owner,29.27,2566,140.74,141.99,5,158473.1943910915
Honda City,2020,299212,151024,Diesel,Dealer,Manual,Third Owner,21.59,2387,167.21,275.58,7,448495.0648413866
Kia Seltos,2018,1194728,120426,Petrol,Individual,Automatic,Second Owner,14.63,1408,59.88,285.05,6,1324758.207039621
Hyundai i20,2015,50000,58857,LPG,Individual,Manual,First Owner,10.58,2308,100.05,315.5,6,68054.47744016755
Mahindra XUV500,2020,1213506,156261,Petrol,Dealer,Automatic,Fourth & Above Owner,12.15,2087,89.83,302.23,5,1353475.398254865
Toyota Innova,2020,623399,193619,CNG,Dealer,Manual,Third Owner,17.01,2721,166.31,238.88,4,889626.5748293871
Maruti Baleno,2009,657905,59583,Diesel,Individual,Automatic,First Owner,13.64,2527,118.77,103.43,4,953701.0144376252
Honda City,2019,1341037,180958,Diesel,Dealer,Automatic,Fourth & Above Owner,26.31,1578,191.42,120.66,4,1886304.7131853388
Kia Seltos,2017,934229,84963,Diesel,Trustmark Dealer,Manual,Second Owner,18.62,1227,144.24,194.91,6,1348986.6280048774
Hyundai i20,2007,50000,53658,Diesel,Trustmark Dealer,Automatic,Second Owner,24.34,1032,115.94,136.57,7,69850.80066787516
Hyundai i20,2020,681937,111419,Electric,Dealer,Automatic,First Owner,32.52,1187,71.94,227.04,7,942194.8791330516
Maruti Swift,2022,359800,25487,LPG,Dealer,Manual,Second Owner,16.12,2228,114.16,175.86,6,416926.36707172473
Hyundai i20,2007,237182,41883,Electric,Dealer,Automatic,Fourth & Above Owner,16.54,1733,154.48,300.73,6,274738.666790386
Maruti Swift,2015,1128253,91479,CNG,Dealer,Automatic,Fourth & Above Owner,20.8,902,61.92,214.41,5,1291475.598616377
Kia Seltos,2015,1024720,29229,Diesel,Dealer,Automatic,Second Owner,11.46,2971,90.43,270.55,6,1495382.398136588
Hyundai Creta,2011,518943,151348,Electric,Dealer,Automatic,Third Owner,22.25,2193,57.76,250.81,6,608772.8727942167
Toyota Innova,2019,956001,91265,CNG,Dealer,Manual,Second Owner,15.14,2046,53.0,333.86,7,1355140.281142322
Maruti Swift,2013,122993,73350,Diesel,Trustmark Dealer,Automatic,Second Owner,13.4,2154,191.6,325.96,6,157983.95316377588
Hyundai i20,2017,1071136,122491,CNG,Trustmark Dealer,Automatic,First Owner,34.44,2442,69.48,155.72,6,1566940.1212778145
Mahindra XUV500,2021,409634,5152,Diesel,Trustmark Dealer,Manual,Fourth & Above Owner,31.34,2000,184.71,185.18,5,593452.2595200663
Kia Seltos,2021,764984,69872,Electric,Individual,Automatic,Third Owner,13.89,1080,114.4,301.43,6,858499.9657815264
Hyundai Creta,2016,140132,156847,Petrol,Dealer,Manual,First Owner,14.26,2021,180.99,240.41,5,186629.1876372013
Maruti Swift,2010,50000,132746,Electric,Trustmark Dealer,Manual,Second Owner,32.01,1023,115.95,150.5,7,69042.0831044906
Toyota Innova,2017,1062966,21131,Diesel,Dealer,Manual,Second Owner,21.86,935,135.77,153.28,5,1348230.9886006657
Volkswagen Polo,2012,72175,105246,Diesel,Trustmark Dealer,Automatic,Fourth & Above Owner,28.67,2565,69.54,184.32,6,94576.19455538754
Mahindra XUV500,2005,532754,9656,LPG,Individual,Manual,Third Owner,20.1,2487,88.54,306.67,4,616494.3329002105
Maruti Baleno,2006,87801,187058,Diesel,Individual,Manual,First Owner,29.26,2906,101.92,327.27,5,129188.7027016989
Skoda Rapid,2023,573893,164087,Electric,Trustmark Dealer,Manual,Fourth & Above Owner,20.9,965,103.98,145.75,4,758009.3312148913
Mahindra XUV500,2020,237043,146677,Diesel,Trustmark Dealer,Automatic,Fourth & Above Owner,17.2,2922,88.37,187.44,5,287914.2729587875
Maruti Swift,2015,693811,147017,LPG,Trustmark Dealer,Automatic,Third Owner,16.33,2737,176.39,313.64,7,902774.9383025104
Kia Seltos,2011,50000,150681,LPG,Individual,Manual,Second Owner,27.38,2230,131.1,121.93,6,64134.18997329542
Renault Duster,2008,444532,183906,LPG,Trustmark Dealer,Automatic,First Owner,20.03,1511,92.11,275.29,7,558577.559564101
Ford Ecosport,2017,465177,172039,Diesel,Dealer,Automatic,Fourth & Above Owner,32.94,2470,83.54,137.02,4,696105.7677093555
Honda City,2015,739894,8853,CNG,Individual,Automatic,First Owner,20.37,965,97.66,275.8,7,842981.2273180519
Mahindra XUV500,2013,878857,32647,Petrol,Dealer,Manual,Second Owner,16.99,1980,61.23,126.63,7,1225596.9362641384
Tata Nexon,2009,883841,158625,Petrol,Dealer,Manual,First Owner,16.36,873,112.44,312.66,6,974458.7303888174
Hyundai i20,2006,50000,168316,Electric,Trustmark Dealer,Manual,Second Owner,28.62,1487,81.91,215.36,6,58865.27720959975
Ford Ecosport,2013,164519,72283,Diesel,Trustmark Dealer,Manual,First Owner,10.36,2089,119.25,124.66,5,213019.7286199949
Renault Duster,2013,456366,90068,CNG,Individual,Automatic,Fourth & Above Owner,13.6,2829,80.39,140.72,7,652309.9627063452
Maruti Baleno,2011,50000,188101,CNG,Individual,Automatic,Third Owner,34.05,1635,107.52,159.96,6,67309.39829994387
Honda City,2018,741870,8195,CNG,Trustmark Dealer,Automatic,Third Owner,15.26,1498,74.44,255.46,6,1104895.656674274
Volkswagen Polo,2020,189818,142596,Diesel,Trustmark Dealer,Automatic,Fourth & Above Owner,23.49,1975,68.35,317.15,6,279659.1982451089
Hyundai Creta,2014,794676,150332,LPG,Trustmark Dealer,Manual,Second Owner,16.01,2173,122.88,316.65,6,1107795.611926908
Volkswagen Polo,2015,152560,29725,Electric,Individual,Manual,Third Owner,24.83,2605,183.77,326.64,7,208241.1762389543
Honda City,2005,766671,57866,LPG,Individual,Manual,Second Owner,26.24,2919,115.12,134.09,4,975089.2018116912
Renault Duster,2017,1297239,120486,LPG,Dealer,Automatic,First Owner,19.82,977,166.75,336.15,5,1429993.9043464935
Maruti Baleno,2010,547155,179548,Electric,Dealer,Automatic,Third Owner,22.9,2814,60.88,178.3,7,602352.1892628944
Toyota Innova,2005,56496,94644,Diesel,Individual,Manual,Fourth & Above Owner,27.04,2882,79.88,172.09,5,81161.10898398989
Renault Duster,2017,813337,148615,Petrol,Individual,Manual,Second Owner,11.83,1348,51.33,102.4,5,1050960.6217602417
Kia Seltos,2018,1250413,161606,CNG,Individual,Manual,Second Owner,23.38,2867,102.55,197.37,4,1844985.8223045296
Ford Ecosport,2006,50000,188494,CNG,Individual,Automatic,Fourth & Above Owner,11.63,2970,161.19,166.82,5,65671.21217319967
Tata Nexon,2007,50000,95931,Diesel,Trustmark Dealer,Automatic,First Owner,21.37,2050,84.21,141.5,5,58758.21680313622
Kia Seltos,2008,1080852,69795,Petrol,Individual,Automatic,Fourth & Above Owner,21.4,1847,192.68,161.71,5,1304389.306086853
Kia Seltos,2005,644406,153096,Diesel,Individual,Manual,Second Owner,11.87,1613,57.33,318.93,7,748162.1668522245
Kia Seltos,2017,156838,35045,Diesel,Individual,Automatic,Third Owner,32.35,1966,127.84,289.95,6,218721.73165767395
Hyundai Creta,2016,1033379,122412,LPG,Dealer,Manual,Third Owner,26.31,1055,107.81,224.77,4,1354466.9629649082
Maruti Swift,2008,50000,155464,Diesel,Dealer,Automatic,Second Owner,33.75,2571,169.35,104.4,5,71975.75119752857
Maruti Swift,2005,1074699,38388,Diesel,Individual,Manual,Fourth & Above Owner,11.69,2794,129.66,215.82,7,1329478.9155206576
Skoda Rapid,2008,957428,75285,Petrol,Trustmark Dealer,Automatic,Third Owner,10.48,2944,145.27,324.38,4,1315755.6632659652
Hyundai i20,2022,972519,49345,Petrol,Dealer,Automatic,Third Owner,34.23,1802,189.51,240.68,5,1413526.1895808538
Tata Nexon,2019,60969,74237,Petrol,Individual,Automatic,Second Owner,30.98,864,68.11,131.58,5,76389.4921469447
Hyundai i20,2019,586870,189453,CNG,Trustmark Dealer,Automatic,Second Owner,11.01,1609,66.37,115.64,6,814302.8246198548
Hyundai Creta,2011,651941,105061,Diesel,Trustmark Dealer,Manual,Third Owner,30.4,2255,176.38,338.5,7,802742.2741699793
Toyota Innova,2020,1006289,175729,Electric,Trustmark Dealer,Manual,First Owner,26.96,1280,90.75,272.42,5,1252180.395822458
Hyundai Creta,2008,88921,43592,CNG,Dealer,Automatic,Third Owner,14.93,2251,61.03,266.52,7,116908.75888458035
Skoda Rapid,2012,281813,84441,Petrol,Dealer,Manual,First Owner,31.69,2728,52.84,92.77,5,385359.6810340142
Maruti Swift,2007,147764,65881,LPG,Individual,Manual,Fourth & Above Owner,13.22,1794,181.42,232.43,7,220495.1071053316
Toyota Innova,2023,334189,148874,Petrol,Dealer,Manual,Second Owner,30.35,2081,179.43,148.91,7,387207.7810988587
Volkswagen Polo,2018,632335,63951,CNG,Individual,Automatic,Second Owner,22.42,2457,93.63,138.08,6,898747.5567264647
Maruti Baleno,2007,541114,174684,Electric,Individual,Automatic,Third Owner,17.89,1615,171.98,108.79,6,704692.7040045887
Mahindra XUV500,2021,609509,173219,Petrol,Individual,Automatic,Third Owner,20.37,1973,170.07,265.92,6,864371.3740107021
Maruti Swift,2017,119482,191049,CNG,Dealer,Automatic,Second Owner,11.68,1343,131.16,132.36,6,131597.42324207223
Maruti Baleno,2023,859861,53957,LPG,Dealer,Automatic,Second Owner,33.49,2510,193.44,252.9,5,1058788.5204874068
Maruti Baleno,2012,511359,40433,Diesel,Individual,Automatic,Fourth & Above Owner,17.63,840,101.65,285.46,4,595326.3613525477
Hyundai i20,2008,50000,182004,Electric,Trustmark Dealer,Automatic,First Owner,30.62,939,83.14,247.33,4,71663.15158764677
Tata Nexon,2015,142213,18859,Petrol,Individual,Automatic,Third Owner,33.47,1121,195.81,105.6,7,207492.07660840533
Maruti Swift,2007,366177,196368,Electric,Trustmark Dealer,Automatic,First Owner,14.15,2605,56.15,296.16,4,497999.1389709685
Skoda Rapid,2006,292402,38605,LPG,Individual,Automatic,Second Owner,25.63,2659,93.37,191.12,5,366942.3512911087
Renault Duster,2021,721717,36476,Petrol,Dealer,Automatic,Third Owner,20.51,2096,114.07,262.2,4,967917.1038228524
Maruti Swift,2007,295367,101914,Electric,Dealer,Manual,Third Owner,14.28,1290,122.31,273.43,6,342435.76824973174
Skoda Rapid,2018,557096,93343,Diesel,Dealer,Manual,Second Owner,18.56,2036,94.49,264.13,4,747373.2608330604
Tata Nexon,2023,791449,126656,Diesel,Dealer,Manual,Fourth & Above Owner,22.25,1573,67.09,101.41,6,990112.0679986976
Hyundai Creta,2017,1274638,181875,Diesel,Dealer,Manual,First Owner,25.47,1235,199.54,300.57,4,1540119.0105694323
Hyundai i20,2011,978956,29578,LPG,Individual,Manual,Fourth & Above Owner,28.52,1845,137.9,319.8,7,1139184.9745919527
Maruti Swift,2005,50000,73759,Electric,Trustmark Dealer,Manual,Second Owner,25.5,2663,104.47,263.69,7,71599.05794201227
Maruti Swift,2020,1281092,80155,Petrol,Individual,Manual,First Owner,33.83,1823,179.52,328.5,5,1640606.8235985998
Toyota Innova,2016,842673,188903,CNG,Individual,Automatic,Fourth & Above Owner,28.78,2025,199.95,268.79,4,1235964.3215091098
Mahindra XUV500,2007,445962,59881,CNG,Trustmark Dealer,Manual,First Owner,16.06,961,95.9,224.1,5,524098.5688939043
Tata Nexon,2017,280107,124187,LPG,Dealer,Automatic,Second Owner,31.15,1532,97.88,209.83,7,389657.23249544593
Maruti Baleno,2023,479773,6527,CNG,Individual,Manual,First Owner,32.85,1895,56.26,183.33,7,676408.3822110703
Skoda Rapid,2008,1172205,96031,Petrol,Trustmark Dealer,Manual,Third Owner,31.36,834,90.95,251.34,6,1428328.5044973202
Kia Seltos,2018,1350490,134562,Electric,Dealer,Automatic,Fourth & Above Owner,10.3,880,177.17,239.76,4,1777747.2637027411
Kia Seltos,2011,50000,34956,LPG,Individual,Automatic,Third Owner,13.67,1780,131.72,314.19,4,70485.00132608207
Renault Duster,2009,136473,18363,Diesel,Dealer,Automatic,Third Owner,14.1,2134,170.36,309.82,7,160486.75414667156
Hyundai Creta,2022,112494,171496,CNG,Trustmark Dealer,Manual,Fourth & Above Owner,14.41,1471,179.76,283.78,4,159097.5825883692
Maruti Baleno,2019,860443,93159,Petrol,Dealer,Automatic,Fourth & Above Owner,33.2,1056,88.78,225.6,4,1232433.8753406769
Renault Duster,2012,752291,26083,CNG,Dealer,Automatic,First Owner,15.57,877,105.31,170.06,6,1007655.4141688446
Maruti Baleno,2022,1024820,136023,LPG,Trustmark Dealer,Automatic,First Owner,18.67,1959,160.99,231.68,7,1263812.4419422962
Mahindra XUV500,2021,196915,61701,CNG,Trustmark Dealer,Automatic,Second Owner,10.52,2008,71.88,100.34,6,282276.5290360476
Ford Ecosport,2016,302751,164890,Petrol,Trustmark Dealer,Manual,Fourth & Above Owner,16.49,1550,178.58,223.21,5,434371.5151517613
Mahindra XUV500,2011,933230,97396,LPG,Individual,Manual,First Owner,21.61,2549,195.11,195.6,6,1087539.9192764792
Maruti Baleno,2019,560532,139208,LPG,Individual,Manual,Second Owner,33.58,2826,72.29,120.86,6,659635.4380917273
Hyundai i20,2022,1170479,134909,Petrol,Dealer,Manual,Third Owner,15.65,2552,88.95,230.33,6,1685456.910893018
Maruti Baleno,2005,166506,52287,Diesel,Individual,Manual,Fourth & Above Owner,31.62,1282,72.36,225.16,5,184102.91616787523
Tata Nexon,2005,384637,118211,Electric,Individual,Automatic,Third Owner,15.11,1491,191.31,273.27,7,500842.463105904
Kia Seltos,2011,144587,122940,Petrol,Individual,Manual,Fourth & Above Owner,24.22,2186,159.89,280.55,6,204223.0769926769
Kia Seltos,2014,742183,105857,LPG,Trustmark Dealer,Manual,Second Owner,18.81,892,163.13,319.54,7,872894.2320364685
Honda City,2008,50000,169351,CNG,Individual,Manual,Fourth & Above Owner,29.62,2317,105.88,341.45,7,64830.303613120224
Ford Ecosport,2005,340603,192683,Diesel,Individual,Automatic,Fourth & Above Owner,13.68,1843,113.59,186.55,7,456179.1227003374
Skoda Rapid,2015,1135824,88430,CNG,Trustmark Dealer,Automatic,Third Owner,31.73,1367,182.74,232.37,5,1363236.0111751782
Hyundai Creta,2020,865853,168230,CNG,Trustmark Dealer,Automatic,First Owner,20.3,974,92.29,240.63,5,1197230.6546320396
Toyota Innova,2019,735729,84645,CNG,Dealer,Automatic,Third Owner,23.74,1552,185.93,92.99,6,1088559.865120943
Maruti Baleno,2011,853818,7094,LPG,Trustmark Dealer,Automatic,Fourth & Above Owner,15.83,1524,196.33,304.01,4,1092892.766589515
Ford Ecosport,2019,1177175,117695,Diesel,Individual,Automatic,Fourth & Above Owner,21.02,1118,118.25,115.31,5,1584969.0877694327
Hyundai Creta,2017,782723,32224,CNG,Trustmark Dealer,Automatic,Fourth & Above Owner,15.48,2193,97.28,98.1,7,1040622.652551957
Volkswagen Polo,2009,262039,31946,Diesel,Individual,Manual,First Owner,21.13,1847,65.35,203.99,4,357908.31690304825
Skoda Rapid,2010,1010150,22433,Petrol,Individual,Manual,Third Owner,22.05,835,127.22,117.12,5,1503576.6718845058
Skoda Rapid,2016,1136551,51340,Diesel,Trustmark Dealer,Automatic,Third Owner,34.87,2734,96.23,145.85,6,1599863.7538293072
Honda City,2007,279120,183501,Diesel,Dealer,Automatic,Fourth & Above Owner,31.86,1581,162.46,275.35,4,319887.75855600915
Honda City,2014,758208,30364,CNG,Trustmark Dealer,Automatic,Fourth & Above Owner,20.11,2296,181.0,100.21,4,1131987.9096828983
Hyundai Creta,2007,50000,73070,LPG,Trustmark Dealer,Automatic,Fourth & Above Owner,22.65,1483,105.13,260.67,4,58790.22724438319
Toyota Innova,2019,324206,173381,CNG,Individual,Automatic,Third Owner,12.28,2372,92.5,168.02,5,477299.7771586652
Honda City,2020,327092,175650,LPG,Individual,Automatic,Fourth & Above Owner,25.28,2890,61.82,163.66,7,469178.8166233738
Renault Duster,2013,382162,65242,Diesel,Trustmark Dealer,Automatic,Fourth & Above Owner,14.64,1826,148.23,164.55,4,472376.30688423855
Ford Ecosport,2019,530870,148591,LPG,Trustmark Dealer,Automatic,First Owner,11.88,1097,104.88,306.09,4,606996.7725928088
Maruti Baleno,2016,394601,9091,Petrol,Individual,Automatic,Fourth & Above Owner,30.47,1905,109.93,251.04,4,526394.681590294
Mahindra XUV500,2015,155677,35707,LPG,Dealer,Manual,Second Owner,16.82,2028,122.32,319.36,6,192339.692915934
Mahindra XUV500,2018,204872,81118,Petrol,Dealer,Automatic,Fourth & Above Owner,16.81,2673,83.14,98.0,4,292493.2654526638
Renault Duster,2009,361923,174869,CNG,Individual,Manual,Fourth & Above Owner,33.67,2133,198.92,216.35,5,438850.1397530236
Skoda Rapid,2016,307799,192862,Petrol,Trustmark Dealer,Automatic,Fourth & Above Owner,12.51,1080,190.66,207.78,6,439244.0896039804
Tata Nexon,2010,117080,122755,CNG,Individual,Manual,Fourth & Above Owner,34.17,1800,93.55,284.48,5,143741.8122636774
Renault Duster,2021,474326,5582,LPG,Dealer,Automatic,Second Owner,13.49,2171,151.03,308.96,6,539799.3857263869
Mahindra XUV500,2008,565109,158947,Petrol,Trustmark Dealer,Automatic,Fourth & Above Owner,28.41,1774,65.29,259.88,7,677460.3802336549
Mahindra XUV500,2018,466312,48655,CNG,Dealer,Automatic,Third Owner,12.46,2575,122.24,223.4,6,611624.9523221067
Maruti Baleno,2014,50000,45314,CNG,Dealer,Automatic,Second Owner,10.15,1729,74.67,120.83,7,63415.8307817165
Tata Nexon,2014,818627,67285,Electric,Individual,Manual,First Owner,31.87,2313,160.85,279.25,5,1132956.7685406848
Toyota Innova,2007,228234,76746,Electric,Individual,Manual,Third Owner,34.32,1467,126.17,169.36,4,330128.98166709987
Ford Ecosport,2016,894433,42885,Petrol,Trustmark Dealer,Manual,Fourth & Above Owner,15.19,2483,120.47,197.18,5,1059382.3531946316
Skoda Rapid,2022,1055125,177158,Diesel,Trustmark Dealer,Manual,Second Owner,33.32,2078,195.26,101.46,6,1516292.4627043928
Maruti Baleno,2016,69149,72823,Electric,Individual,Automatic,Second Owner,33.38,1050,93.41,189.59,4,82701.20400582223
Skoda Rapid,2023,687296,84945,Electric,Dealer,Manual,Fourth & Above Owner,21.01,2946,84.66,258.85,4,1001889.8865565176
Hyundai i20,2019,1346482,175501,Petrol,Individual,Manual,Second Owner,14.52,1138,148.21,191.9,6,1623492.3717758686
Maruti Baleno,2016,140767,134508,Petrol,Dealer,Manual,Second Owner,23.94,2958,66.46,336.93,6,163497.78220340813
Hyundai i20,2017,1020349,70420,LPG,Dealer,Manual,Third Owner,11.36,1018,116.46,206.5,5,1392094.2529804944
Skoda Rapid,2009,580031,136299,LPG,Individual,Manual,First Owner,20.05,2342,106.98,188.29,7,735675.4078594643
Tata Nexon,2020,1354107,132718,Electric,Dealer,Automatic,First Owner,28.9,2850,74.24,316.58,7,1610440.1469211795
Tata Nexon,2016,358216,181922,LPG,Dealer,Automatic,Second Owner,17.06,1978,126.44,303.48,5,521818.1666391779
Hyundai i20,2010,50000,181838,Petrol,Trustmark Dealer,Manual,First Owner,11.95,2738,165.58,137.23,5,73529.0206967409
Maruti Baleno,2006,50000,69422,Diesel,Individual,Manual,Third Owner,28.37,2930,75.23,129.38,4,55806.889236553085
Ford Ecosport,2011,50000,116433,CNG,Dealer,Automatic,Second Owner,12.73,2763,131.49,293.37,7,65011.28782453806
Honda City,2011,583023,92180,Diesel,Trustmark Dealer,Automatic,First Owner,25.05,2755,81.79,232.51,5,849313.086537046
Renault Duster,2019,1033744,93624,LPG,Trustmark Dealer,Manual,Third Owner,17.8,2914,169.09,170.9,6,1351628.070510338
Toyota Innova,2010,1177331,64413,Electric,Individual,Manual,First Owner,34.86,2755,199.89,229.27,4,1417234.8985131022
Tata Nexon,2015,50000,126881,Diesel,Trustmark Dealer,Manual,Third Owner,30.19,2756,89.81,345.83,6,58271.22341936615
Ford Ecosport,2013,1058524,64234,LPG,Dealer,Automatic,First Owner,22.24,2485,69.23,322.27,4,1243612.8582231768
Maruti Swift,2013,585600,14753,Petrol,Individual,Automatic,Second Owner,17.12,1804,179.44,105.62,4,865790.6730229803
Mahindra XUV500,2015,927355,149056,LPG,Dealer,Automatic,First Owner,32.63,1257,146.14,226.51,6,1384754.725270898
Skoda Rapid,2005,312435,58830,Electric,Individual,Automatic,Third Owner,27.21,986,94.31,344.15,7,357514.6793540295
Renault Duster,2014,482643,17438,CNG,Trustmark Dealer,Manual,Second Owner,16.7,2779,125.01,152.34,5,632290.5457656388
Honda City,2012,378842,84647,CNG,Trustmark Dealer,Automatic,Second Owner,33.24,1016,161.31,258.75,5,506143.854190457
Volkswagen Polo,2017,171371,164697,Petrol,Trustmark Dealer,Automatic,Third Owner,20.77,2528,165.62,323.8,4,204240.6141013676
Volkswagen Polo,2009,211707,108706,Diesel,Dealer,Automatic,Second Owner,28.79,965,182.27,332.38,7,277958.45542922243
Ford Ecosport,2018,106136,138173,Electric,Dealer,Automatic,Third Owner,32.86,1792,110.71,257.33,4,128113.96349942352
Kia Seltos,2017,683904,126874,LPG,Trustmark Dealer,Automatic,First Owner,26.03,2714,121.65,349.76,7,992461.7784997674
Volkswagen Polo,2007,255448,52012,Petrol,Dealer,Manual,Second Owner,26.52,1066,98.15,158.6,4,357318.189951199
Kia Seltos,2013,313498,164355,Electric,Individual,Automatic,Second Owner,33.83,1368,69.32,204.07,7,425593.9527521972
Toyota Innova,2015,725379,156338,Diesel,Dealer,Automatic,Third Owner,29.18,1802,128.53,269.41,5,850529.4288218854
Skoda Rapid,2021,488333,68421,Electric,Individual,Automatic,First Owner,10.34,2444,81.0,219.65,6,552031.743909281
Honda City,2012,1118335,167090,Electric,Individual,Automatic,Third Owner,18.35,1638,165.76,188.26,4,1237366.0749376027
Kia Seltos,2011,217773,195885,Diesel,Individual,Automatic,Second Owner,25.42,833,187.66,272.03,7,321473.35050071
Honda City,2013,290713,71158,CNG,Individual,Manual,First Owner,29.95,2711,94.47,293.56,7,350043.60689680313
Mahindra XUV500,2014,1049611,23574,Electric,Individual,Automatic,Fourth & Above Owner,33.81,2988,191.97,289.74,4,1425044.5948289926
Tata Nexon,2011,329416,72917,Petrol,Trustmark Dealer,Manual,Fourth & Above Owner,14.79,2524,126.34,342.48,7,484042.45101494633
Hyundai Creta,2007,1072514,195755,Diesel,Trustmark Dealer,Manual,Second Owner,10.02,1634,114.63,292.65,4,1219013.9619723402
Kia Seltos,2009,50000,75464,LPG,Trustmark Dealer,Manual,Second Owner,29.55,1481,104.22,310.14,7,56102.06083750858
Honda City,2016,1087715,111307,LPG,Individual,Manual,Third Owner,11.97,1683,71.96,174.94,4,1410850.607410783
Maruti Swift,2013,1220746,70658,Diesel,Trustmark Dealer,Manual,First Owner,23.71,2397,97.4,249.62,6,1656076.0777400818
Renault Duster,2007,801191,69511,Petrol,Trustmark Dealer,Automatic,Fourth & Above Owner,17.45,1329,64.79,99.67,7,1186872.5910645952
Maruti Swift,2022,940191,108030,LPG,Individual,Automatic,Second Owner,13.06,1095,57.86,157.27,5,1173648.9399209572
Mahindra XUV500,2013,161952,150974,Petrol,Trustmark Dealer,Automatic,Second Owner,13.47,1311,80.42,244.25,6,212296.3996139585
Renault Duster,2014,985892,160554,LPG,Individual,Automatic,First Owner,29.59,2818,80.22,272.57,7,1427489.3856517782
Toyota Innova,2020,197015,92483,Electric,Trustmark Dealer,Automatic,Fourth & Above Owner,20.82,1408,89.48,209.06,7,226044.9985703223
Volkswagen Polo,2019,461674,176903,Diesel,Dealer,Automatic,First Owner,11.26,2357,69.86,206.84,4,564077.6453860399
Honda City,2015,60137,166414,Petrol,Trustmark Dealer,Automatic,Fourth & Above Owner,19.93,1070,81.55,241.85,6,84173.64246791764
Volkswagen Polo,2013,194285,93246,Petrol,Individual,Automatic,First Owner,22.58,2621,183.24,144.68,4,271909.81765664055
Tata Nexon,2017,850820,156519,CNG,Dealer,Automatic,Second Owner,22.98,1629,135.83,245.89,4,1030085.4357975966
Maruti Baleno,2013,1023385,137293,Petrol,Individual,Automatic,First Owner,22.78,826,189.85,117.19,4,1307877.5893867682
Ford Ecosport,2018,909863,15975,CNG,Trustmark Dealer,Manual,Third Owner,33.89,1296,122.24,183.24,4,1324999.821081364
Ford Ecosport,2012,641764,15889,Electric,Trustmark Dealer,Manual,Fourth & Above Owner,34.31,2422,189.56,189.64,5,837456.058214805
Volkswagen Polo,2008,948375,23509,LPG,Trustmark Dealer,Automatic,Third Owner,10.59,997,83.3,206.03,5,1098937.821212443
Kia Seltos,2014,528447,175644,Diesel,Individual,Manual,First Owner,29.97,2647,117.38,344.94,5,771015.7325303603
Mahindra XUV500,2007,492466,136471,CNG,Dealer,Manual,Second Owner,14.16,2389,197.09,145.59,7,692983.4077476348
Volkswagen Polo,2013,361356,25423,Electric,Individual,Manual,Fourth & Above Owner,10.47,1937,135.82,205.45,5,490486.8788325147
Renault Duster,2018,50000,98604,Petrol,Individual,Automatic,Fourth & Above Owner,27.83,2921,135.63,338.55,4,67225.23151807816
Tata Nexon,2009,889548,177777,CNG,Individual,Manual,Fourth & Above Owner,18.13,2653,71.99,218.58,5,1298495.2936266498
Volkswagen Polo,2021,418151,104562,LPG,Trustmark Dealer,Manual,Second Owner,12.84,2471,148.88,102.54,4,503264.9206410151
Toyota Innova,2007,88147,18225,Electric,Trustmark Dealer,Automatic,Third Owner,16.92,2863,138.88,291.09,7,111566.0885350562
Toyota Innova,2005,853141,114765,Diesel,Dealer,Automatic,Fourth & Above Owner,25.36,2090,168.63,270.99,7,1269276.7006487595
Maruti Baleno,2022,444132,117939,Diesel,Individual,Manual,Second Owner,17.05,2721,50.76,323.89,4,538118.7947482464
Hyundai i20,2010,967307,197174,Diesel,Trustmark Dealer,Manual,Second Owner,21.15,2157,143.69,195.93,7,1202328.9182686738
Toyota Innova,2015,229271,125125,CNG,Trustmark Dealer,Manual,Third Owner,17.69,1670,176.28,103.36,6,327777.0632634873
Maruti Swift,2017,914437,61595,Diesel,Individual,Manual,Fourth & Above Owner,13.76,1492,190.87,315.32,5,1083321.4152939909
Maruti Swift,2009,383792,141205,Diesel,Dealer,Automatic,First Owner,17.71,1799,68.85,282.07,6,491943.3987852757
Hyundai Creta,2021,466968,71591,Electric,Dealer,Automatic,Second Owner,20.62,1539,68.22,95.76,4,640357.0415314663
Renault Duster,2023,861243,134571,CNG,Trustmark Dealer,Manual,Second Owner,27.79,1119,62.5,223.12,4,976635.0234758032
Renault Duster,2008,1066690,113635,CNG,Individual,Manual,Fourth & Above Owner,20.27,2280,103.17,336.43,6,1545889.8630876483
Hyundai i20,2010,438179,195586,Electric,Individual,Manual,Third Owner,11.16,1613,66.92,153.27,7,494127.08570334193
Ford Ecosport,2012,572763,121348,Electric,Trustmark Dealer,Manual,Third Owner,34.37,1012,91.02,213.7,4,781670.7852752515
Ford Ecosport,2021,664862,152821,Electric,Dealer,Automatic,Third Owner,32.91,940,110.96,161.76,7,877881.0405636778
Maruti Swift,2019,370318,182219,CNG,Trustmark Dealer,Automatic,Second Owner,23.75,995,159.1,240.72,7,472138.0074680549
Tata Nexon,2018,817499,71506,Diesel,Dealer,Automatic,First Owner,25.96,2575,92.64,158.01,5,1096526.910019785
Tata Nexon,2023,541224,93333,Electric,Trustmark Dealer,Automatic,Third Owner,24.54,2591,96.85,339.64,7,665961.8078255813
Volkswagen Polo,2021,333791,117567,Electric,Dealer,Manual,Third Owner,34.45,1806,166.96,229.42,7,428470.34824225126
Volkswagen Polo,2010,572598,179814,Diesel,Trustmark Dealer,Automatic,First Owner,30.56,2284,185.79,275.98,5,839360.8343259088
Tata Nexon,2017,90695,180923,CNG,Dealer,Manual,First Owner,10.77,1283,136.22,233.44,6,109316.63211641656
Maruti Swift,2016,1002664,162832,Petrol,Trustmark Dealer,Manual,First Owner,11.24,2321,129.7,339.78,7,1496684.3622700665
Tata Nexon,2016,917716,198660,Diesel,Individual,Automatic,Fourth & Above Owner,17.71,1739,197.62,276.67,7,1119249.9976093406
Volkswagen Polo,2017,356038,34714,Diesel,Dealer,Automatic,Third Owner,22.38,2411,153.61,115.67,6,525873.7453497702
Ford Ecosport,2020,1332902,60218,Electric,Individual,Manual,Second Owner,28.89,1518,180.67,179.26,5,1567804.4389785165
Tata Nexon,2017,50000,137828,Petrol,Individual,Manual,Fourth & Above Owner,31.78,2330,188.74,160.31,4,63052.19776836885
Kia Seltos,2017,50000,89859,Electric,Individual,Manual,First Owner,30.14,2624,193.74,280.41,5,63039.3731210575
Kia Seltos,2019,1031360,118108,LPG,Dealer,Automatic,Third Owner,22.79,1354,155.39,254.17,4,1458119.0033462984
Honda City,2023,876435,77796,LPG,Dealer,Automatic,Second Owner,34.71,1155,176.38,230.92,4,1251205.288096024
Tata Nexon,2019,992599,190533,Petrol,Dealer,Manual,First Owner,30.78,1985,102.96,165.5,5,1290524.3955091676
Tata Nexon,2009,341125,112721,CNG,Individual,Automatic,Second Owner,10.62,1971,87.87,183.13,7,466095.8524740191
Maruti Swift,2022,104399,115240,Diesel,Dealer,Automatic,Third Owner,14.34,2909,111.94,283.5,5,133381.7330081624
Maruti Swift,2023,310352,173432,LPG,Trustmark Dealer,Manual,First Owner,20.57,1147,192.39,292.06,4,424947.3410045148
Kia Seltos,2007,1021439,111677,LPG,Trustmark Dealer,Manual,Second Owner,21.79,1558,136.99,297.64,7,1237012.3434822694
Mahindra XUV500,2008,50000,38142,Electric,Dealer,Automatic,Second Owner,17.26,1730,50.68,326.47,5,64700.99204441069
Hyundai i20,2009,297286,88306,Petrol,Dealer,Manual,Second Owner,18.67,2221,163.39,199.49,6,384204.2516996929
Mahindra XUV500,2021,321479,37855,CNG,Trustmark Dealer,Manual,Third Owner,18.32,1390,87.46,104.36,6,472125.1857145852
Ford Ecosport,2007,882964,126230,CNG,Trustmark Dealer,Automatic,Third Owner,33.12,1683,53.55,179.29,7,1150169.6736998595
Volkswagen Polo,2011,899123,124647,Electric,Trustmark Dealer,Manual,First Owner,14.5,2095,153.14,199.91,5,1315169.0659049505
Tata Nexon,2021,507858,163567,Diesel,Trustmark Dealer,Manual,Third Owner,19.06,1295,121.93,171.47,7,672174.9533082424
Skoda Rapid,2005,822515,157662,LPG,Individual,Manual,Fourth & Above Owner,20.86,2969,61.53,176.61,6,1089071.9625510718
Maruti Baleno,2019,50000,48319,Electric,Trustmark Dealer,Manual,Third Owner,12.68,1961,57.9,122.54,4,72899.75515222637
Skoda Rapid,2013,50000,99076,Petrol,Dealer,Automatic,First Owner,16.0,2368,174.15,321.86,6,66887.42445749861
Ford Ecosport,2013,835238,78383,CNG,Trustmark Dealer,Manual,Fourth & Above Owner,20.7,2148,189.65,208.35,4,1068415.377817676
Mahindra XUV500,2013,903567,37033,Diesel,Dealer,Manual,First Owner,19.11,2366,171.3,204.5,5,1042843.567797984
Honda City,2012,319472,81848,CNG,Individual,Manual,Second Owner,23.78,2824,190.7,230.67,7,470891.6556019607
Kia Seltos,2019,294521,5535,Petrol,Individual,Automatic,Third Owner,33.4,2937,133.5,211.45,4,380178.966508457
Volkswagen Polo,2021,1130018,186986,Electric,Dealer,Automatic,Third Owner,20.36,2821,112.32,339.81,5,1513741.1124897532
Hyundai i20,2005,364788,103766,Diesel,Trustmark Dealer,Automatic,Third Owner,23.81,2254,96.9,112.02,6,533598.056852261
Skoda Rapid,2010,585876,92496,Electric,Dealer,Automatic,Second Owner,33.5,2344,95.91,138.13,4,738427.1702235515
Maruti Swift,2019,1134531,189302,CNG,Trustmark Dealer,Manual,Second Owner,29.62,1313,194.87,142.3,7,1481234.3882367811
Skoda Rapid,2015,863867,111229,Electric,Trustmark Dealer,Manual,Fourth & Above Owner,26.44,1770,105.83,317.06,5,1141883.6713997887
Ford Ecosport,2010,477353,145312,LPG,Trustmark Dealer,Automatic,Fourth & Above Owner,14.4,2803,83.75,204.06,7,690089.439150302
Maruti Swift,2017,368454,123475,LPG,Trustmark Dealer,Automatic,First Owner,13.84,2813,145.39,205.51,4,454663.46627210977
Maruti Baleno,2015,186675,179876,Petrol,Trustmark Dealer,Manual,Fourth & Above Owner,33.54,1108,159.13,227.88,4,214981.8490993672
Tata Nexon,2018,893302,141618,Diesel,Individual,Automatic,Third Owner,34.7,1210,64.74,274.44,5,1171979.7475923926
Maruti Baleno,2018,993583,194261,CNG,Trustmark Dealer,Manual,Second Owner,19.64,1567,138.28,285.78,7,1245110.6164100177
Kia Seltos,2023,502413,76947,LPG,Individual,Automatic,Second Owner,21.59,1823,157.79,228.97,4,653023.3805836951
Mahindra XUV500,2012,194191,178165,Electric,Individual,Automatic,First Owner,23.99,2445,121.01,208.71,6,242936.15483364023
Kia Seltos,2023,547371,148663,CNG,Dealer,Automatic,First Owner,18.11,2101,111.88,279.28,6,767834.2096853924
Honda City,2022,320843,174350,LPG,Trustmark Dealer,Automatic,Second Owner,17.2,1454,144.58,201.63,5,389460.2990610869
Hyundai i20,2020,875074,19751,Petrol,Trustmark Dealer,Automatic,Fourth & Above Owner,22.22,2345,161.44,121.82,5,1001057.8649119406
Volkswagen Polo,2021,237661,106967,LPG,Trustmark Dealer,Manual,First Owner,31.0,1284,160.67,94.93,4,340435.5106915489
Ford Ecosport,2005,279249,46625,LPG,Dealer,Automatic,First Owner,16.68,1700,117.41,296.62,6,367368.9202614561
Ford Ecosport,2005,918424,196542,Electric,Individual,Manual,First Owner,29.96,1310,194.68,338.0,7,1114076.027024259
Toyota Innova,2012,344550,65873,LPG,Trustmark Dealer,Manual,Second Owner,33.71,1095,166.5,344.52,7,449608.1468647628
Honda City,2010,843187,168982,Electric,Trustmark Dealer,Automatic,First Owner,13.93,2392,129.15,274.66,5,1259435.613405174
Ford Ecosport,2022,1249216,85951,Diesel,Individual,Automatic,Fourth & Above Owner,28.2,1020,136.85,145.22,5,1669809.0850903443
Renault Duster,2006,710151,122609,LPG,Dealer,Automatic,Fourth & Above Owner,24.53,1567,168.91,272.78,6,935181.6211543937
Hyundai i20,2007,160646,61449,Petrol,Dealer,Manual,Second Owner,31.43,2603,176.09,342.94,4,181744.12162224337
Toyota Innova,2015,1249775,57941,Diesel,Dealer,Automatic,Second Owner,33.04,834,181.7,251.05,7,1376149.5277132436
Volkswagen Polo,2005,745176,145940,Petrol,Trustmark Dealer,Manual,Second Owner,19.59,2747,76.54,243.61,5,836785.491985258
Skoda Rapid,2009,864916,92453,CNG,Trustmark Dealer,Manual,Fourth & Above Owner,15.1,1096,99.86,348.06,5,1120356.6086550571
Toyota Innova,2021,255441,49706,LPG,Individual,Automatic,Fourth & Above Owner,12.18,2869,103.13,230.75,4,350884.6911808846
Hyundai i20,2008,1127417,108233,LPG,Dealer,Automatic,Third Owner,12.02,1505,185.83,258.04,6,1343058.76152212
Volkswagen Polo,2012,763980,54494,Electric,Trustmark Dealer,Manual,Second Owner,19.79,1667,97.76,222.1,7,982599.2959927056
Toyota Innova,2012,1031632,113822,LPG,Trustmark Dealer,Manual,Fourth & Above Owner,28.63,1103,174.01,96.74,6,1235060.135768744
Volkswagen Polo,2009,412516,46840,Petrol,Individual,Manual,First Owner,21.89,2232,62.68,186.09,7,551203.6135918567
Hyundai Creta,2009,50000,116646,Electric,Trustmark Dealer,Automatic,Third Owner,14.26,2393,85.58,235.26,5,61711.477831077485
Mahindra XUV500,2017,416018,63232,LPG,Individual,Manual,Third Owner,18.6,2309,75.32,109.9,4,573989.7685622617
Hyundai Creta,2005,828878,178146,LPG,Dealer,Manual,Second Owner,17.63,2988,99.52,275.1,7,1170408.0837513823
Honda City,2019,831759,132178,Diesel,Dealer,Automatic,Fourth & Above Owner,22.95,1528,105.4,344.24,6,918835.9171274132
Toyota Innova,2014,736259,123328,CNG,Trustmark Dealer,Automatic,Fourth & Above Owner,19.45,1783,177.22,207.0,4,911612.642757222
Hyundai Creta,2005,50000,7598,Electric,Trustmark Dealer,Automatic,First Owner,25.37,1505,71.29,302.13,5,65726.81338410241
Kia Seltos,2008,140426,128086,LPG,Dealer,Automatic,Second Owner,18.95,2238,186.43,262.29,5,164203.80103492225
Renault Duster,2006,50000,154907,LPG,Dealer,Automatic,Fourth & Above Owner,16.4,2145,114.45,179.08,5,56839.3119974417
Hyundai i20,2014,855833,36837,Electric,Individual,Automatic,Fourth & Above Owner,14.14,1249,68.5,226.62,5,1042661.7550366028
Maruti Swift,2015,1178655,137914,Diesel,Trustmark Dealer,Manual,First Owner,28.88,1555,59.27,140.5,7,1391172.207291607
Ford Ecosport,2023,647723,133575,CNG,Trustmark Dealer,Automatic,First Owner,18.0,1231,89.81,261.91,6,794287.7993964124
Tata Nexon,2014,421225,58559,CNG,Individual,Automatic,Second Owner,24.61,1132,127.78,140.99,5,555978.9862000243
Volkswagen Polo,2020,492274,90668,LPG,Dealer,Manual,Fourth & Above Owner,33.84,1367,157.84,277.57,4,587675.5520542911
Maruti Baleno,2009,872746,98453,LPG,Individual,Manual,First Owner,14.1,2060,170.76,100.16,4,1281868.101791874
Mahindra XUV500,2008,925064,157743,Electric,Dealer,Automatic,First Owner,18.69,1276,51.75,258.5,4,1294862.2211189845
Mahindra XUV500,2018,650635,105597,Electric,Dealer,Manual,First Owner,34.07,1040,124.79,326.77,7,903830.2313779468
Hyundai i20,2007,668641,9124,CNG,Dealer,Automatic,Fourth & Above Owner,34.29,2389,115.3,267.98,7,910213.2936044984
Maruti Baleno,2013,390164,163158,Petrol,Trustmark Dealer,Automatic,First Owner,17.11,1504,72.25,247.2,4,431677.0990505118
Maruti Baleno,2012,655621,99096,Electric,Dealer,Manual,Third Owner,22.28,1433,67.11,217.6,5,804992.025715302
Hyundai i20,2023,790108,36638,CNG,Dealer,Manual,Second Owner,23.17,1982,141.22,165.11,7,1121506.2126726196
Maruti Baleno,2019,630425,76764,CNG,Individual,Manual,Fourth & Above Owner,15.06,2266,88.26,329.05,6,825322.4817320307
Honda City,2008,750450,108629,Diesel,Individual,Automatic,Third Owner,22.6,1698,108.21,227.82,5,863919.605054465
Skoda Rapid,2017,413281,166378,Petrol,Dealer,Manual,Third Owner,26.3,2834,92.54,185.86,7,461718.4487596231
Hyundai Creta,2013,638678,136837,LPG,Individual,Manual,Second Owner,27.74,1536,109.21,271.36,4,930235.1864648408
Volkswagen Polo,2006,114342,93726,CNG,Trustmark Dealer,Automatic,Fourth & Above Owner,29.95,1575,198.85,264.53,7,145676.0304734227
Maruti Baleno,2020,1264844,172600,Petrol,Individual,Automatic,Third Owner,34.28,1301,87.63,129.45,7,1399464.9860784016
Skoda Rapid,2014,724739,35999,Petrol,Trustmark Dealer,Automatic,First Owner,26.06,1355,100.62,114.21,5,812044.4190835124
Maruti Swift,2021,1362444,43425,CNG,Dealer,Manual,Third Owner,22.94,1600,138.37,347.77,7,1904325.7880183705
Ford Ecosport,2008,857860,66390,Electric,Individual,Automatic,Third Owner,30.91,2155,193.83,226.82,6,1089200.9641602424
Tata Nexon,2022,768813,138410,Electric,Dealer,Automatic,Second Owner,32.31,2030,140.82,163.7,5,1064239.8234220576
Kia Seltos,2019,658742,131566,LPG,Individual,Manual,Third Owner,19.46,2225,58.98,165.58,7,955737.6617168128
Toyota Innova,2015,1148133,95825,LPG,Trustmark Dealer,Manual,Fourth & Above Owner,24.14,1507,135.1,227.34,7,1466764.5427812198
Ford Ecosport,2016,1156427,132838,CNG,Dealer,Manual,Third Owner,23.63,2157,131.48,200.85,7,1357841.5873552752
Maruti Baleno,2007,50000,182390,LPG,Individual,Automatic,Third Owner,15.05,1100,116.26,198.3,7,71965.41693661454
Maruti Baleno,2017,189393,88607,Diesel,Individual,Automatic,Third Owner,28.93,2070,166.75,106.6,4,248557.5114542173
Toyota Innova,2013,331170,170680,LPG,Individual,Manual,First Owner,11.45,948,73.81,269.23,7,446163.227298905
Renault Duster,2018,281680,28241,Electric,Dealer,Manual,First Owner,21.68,1069,154.1,172.83,5,356693.3742693514
Toyota Innova,2010,50000,84788,Electric,Trustmark Dealer,Manual,Second Owner,14.95,2675,85.59,204.84,7,65367.81599405346
Maruti Swift,2022,665964,159803,CNG,Dealer,Manual,Second Owner,13.49,2633,111.51,135.67,6,777913.7538166101
Renault Duster,2005,50000,140771,Petrol,Dealer,Manual,First Owner,24.82,1596,135.6,301.75,7,59843.91046352709
Mahindra XUV500,2007,50000,50916,CNG,Dealer,Manual,Second Owner,22.79,2210,155.71,259.35,7,70238.6007973976
Volkswagen Polo,2011,1088041,122002,Diesel,Individual,Manual,First Owner,16.64,898,85.65,138.8,5,1273002.962530376
Maruti Swift,2020,329247,157384,Electric,Trustmark Dealer,Automatic,Fourth & Above Owner,18.35,1617,101.8,287.68,4,428177.6825130428
Honda City,2019,1267619,116425,Electric,Individual,Manual,First Owner,12.1,1206,162.22,325.4,5,1487131.225834751
Maruti Baleno,2022,408853,77405,CNG,Trustmark Dealer,Manual,Third Owner,23.61,1567,82.29,297.98,6,574111.5689751273
Toyota Innova,2023,1177812,77487,Diesel,Individual,Manual,Third Owner,34.88,1674,66.76,225.57,4,1652642.5035304213
Hyundai i20,2011,995953,199398,CNG,Individual,Manual,Second Owner,17.07,2368,147.55,256.48,4,1303823.1922723874
Maruti Baleno,2006,483427,126238,Diesel,Dealer,Automatic,Third Owner,20.22,1432,173.04,154.55,6,711482.9205518549
Volkswagen Polo,2012,70753,117362,LPG,Individual,Manual,Second Owner,15.41,2689,169.45,289.39,6,102435.28303933378
Hyundai i20,2005,50000,111453,LPG,Trustmark Dealer,Manual,First Owner,30.63,2039,171.28,238.9,4,69484.44878113591
Hyundai i20,2007,711116,26829,CNG,Dealer,Manual,Fourth & Above Owner,27.28,2838,176.92,296.53,5,816004.2542483575
Hyundai Creta,2007,50000,175034,Diesel,Dealer,Automatic,Second Owner,26.56,2627,137.81,112.36,6,67058.12626131365
Honda City,2008,621040,65951,Diesel,Individual,Automatic,First Owner,27.94,1109,165.05,285.11,4,928877.2512199763
Hyundai Creta,2011,76639,69131,CNG,Trustmark Dealer,Automatic,Third Owner,21.88,2089,149.26,218.12,4,106778.60266918923
Toyota Innova,2011,1250466,191496,CNG,Individual,Manual,Third Owner,14.31,2445,60.09,251.98,4,1678820.0316907018
Tata Nexon,2013,1096394,12547,Diesel,Trustmark Dealer,Manual,Third Owner,12.77,2124,62.18,119.09,4,1448886.4757925712
Hyundai Creta,2012,236052,91966,Petrol,Individual,Automatic,Third Owner,20.16,876,197.56,311.02,4,312969.18007763143
Tata Nexon,2019,231687,107137,Petrol,Dealer,Automatic,Third Owner,27.84,2604,177.46,269.96,7,255408.22436579
Skoda Rapid,2012,788819,10033,CNG,Trustmark Dealer,Manual,Second Owner,29.53,2696,149.21,313.88,6,966053.6343214072
Maruti Baleno,2014,1194272,52564,Electric,Individual,Automatic,Second Owner,25.25,1357,150.24,139.93,6,1645205.470728255
Renault Duster,2021,1154175,5034,Diesel,Dealer,Manual,First Owner,26.23,1767,73.09,195.55,6,1273231.0993570664
Hyundai Creta,2007,823780,85994,Diesel,Dealer,Automatic,First Owner,19.2,1803,119.73,281.47,7,922000.9537341988
Maruti Baleno,2019,631652,146157,Petrol,Individual,Automatic,Second Owner,17.97,2206,101.17,227.53,5,946891.818792252
Hyundai i20,2009,983591,11425,Electric,Individual,Automatic,First Owner,32.98,1706,107.44,204.25,5,1101142.4757762668
Hyundai Creta,2020,579911,34129,Petrol,Trustmark Dealer,Automatic,Second Owner,17.01,2608,76.78,134.64,7,765216.9341363296
Tata Nexon,2019,730833,24636,Petrol,Trustmark Dealer,Automatic,First Owner,10.39,2711,111.94,279.14,4,889282.257545565
Tata Nexon,2005,946083,104581,Electric,Dealer,Manual,Fourth & Above Owner,24.49,2278,79.73,233.33,4,1194932.5045761669
Ford Ecosport,2013,1209001,12513,Electric,Trustmark Dealer,Manual,Fourth & Above Owner,16.56,2834,139.71,298.87,5,1623201.5559316075
Tata Nexon,2012,711772,126495,Petrol,Individual,Manual,Fourth & Above Owner,32.55,1082,159.41,307.45,7,981069.7187724418
Honda City,2011,697465,72334,Diesel,Trustmark Dealer,Automatic,Third Owner,29.06,1110,103.55,252.63,4,909982.117523019
Kia Seltos,2018,558480,19006,Electric,Individual,Manual,Fourth & Above Owner,10.87,2686,142.14,256.28,5,788488.9260439891
Mahindra XUV500,2018,602430,100252,Petrol,Dealer,Manual,Fourth & Above Owner,11.24,2426,163.39,129.03,6,678321.5240767751
Honda City,2017,642282,7828,Electric,Individual,Manual,Third Owner,12.89,1622,113.91,138.84,4,729067.4088045388
Hyundai i20,2005,184814,194108,LPG,Trustmark Dealer,Manual,Third Owner,20.48,2130,74.25,278.21,5,247406.74427657333
Toyota Innova,2013,336029,23200,LPG,Individual,Automatic,First Owner,11.52,1035,100.37,193.38,7,423489.4831270929
Volkswagen Polo,2006,870862,52918,CNG,Dealer,Automatic,Fourth & Above Owner,11.51,2320,155.5,248.03,7,1198723.1743977133
Mahindra XUV500,2019,112961,42077,Electric,Individual,Automatic,Fourth & Above Owner,12.77,1315,76.31,93.74,6,138939.62129371671
Hyundai Creta,2020,656503,179859,CNG,Dealer,Automatic,Fourth & Above Owner,27.85,1194,131.17,199.73,4,964580.4467687436
Toyota Innova,2014,658026,69452,Diesel,Dealer,Automatic,Second Owner,33.63,1863,85.07,307.09,4,855368.4371459639
Hyundai i20,2018,828964,128470,CNG,Trustmark Dealer,Manual,Third Owner,28.85,2336,95.49,328.24,4,938920.8380523336
Hyundai Creta,2018,791752,191773,Diesel,Individual,Automatic,Third Owner,29.53,2383,94.21,288.98,4,905924.1939343752
Mahindra XUV500,2013,1042956,87339,Petrol,Trustmark Dealer,Manual,Fourth & Above Owner,25.64,2583,104.52,99.54,6,1190877.8154748576
Volkswagen Polo,2009,735869,197194,CNG,Dealer,Automatic,First Owner,25.22,2050,130.18,229.37,7,969468.9386031964
Hyundai Creta,2022,746673,97454,CNG,Individual,Manual,Second Owner,10.27,1695,195.45,225.41,6,1089947.252789818
Kia Seltos,2009,50000,142250,Diesel,Dealer,Manual,Third Owner,14.11,2124,76.68,313.25,6,70396.26671917086
Maruti Baleno,2020,679337,124904,Electric,Individual,Automatic,Fourth & Above Owner,34.76,1782,176.88,168.87,6,775406.079883847
Ford Ecosport,2006,695949,132420,LPG,Trustmark Dealer,Automatic,Third Owner,21.62,2383,92.78,177.02,7,937508.0182647556
Renault Duster,2005,50000,135045,Electric,Dealer,Automatic,First Owner,29.11,1637,190.74,177.79,4,58690.96471239483
Renault Duster,2014,1199095,18047,Diesel,Trustmark Dealer,Automatic,Fourth & Above Owner,20.01,2619,78.62,204.91,4,1653256.3670697587
Renault Duster,2012,76276,158995,Diesel,Individual,Automatic,First Owner,15.36,1003,140.11,162.14,4,97138.40726994412
Ford Ecosport,2022,892416,44705,Petrol,Trustmark Dealer,Manual,Second Owner,14.45,2370,149.23,230.68,6,1333744.8198035634
Maruti Swift,2006,932798,131224,Electric,Individual,Manual,Second Owner,17.84,969,103.77,197.39,5,1323667.2608030064
Toyota Innova,2016,561014,162559,Petrol,Dealer,Automatic,First Owner,17.52,2957,68.15,178.52,7,635320.5325339487
Skoda Rapid,2019,195647,65218,LPG,Dealer,Automatic,Third Owner,16.11,980,193.43,177.95,6,237062.6501257564
Ford Ecosport,2022,837010,13206,Petrol,Individual,Automatic,Fourth & Above Owner,34.11,1227,139.94,122.73,6,1110206.31751683
Maruti Swift,2023,884310,53680,CNG,Trustmark Dealer,Automatic,Second Owner,24.22,2626,177.06,141.59,6,1244587.0450575233
Toyota Innova,2014,1150284,18309,Diesel,Individual,Automatic,Fourth & Above Owner,13.07,1375,168.35,328.2,4,1363007.0925734795
Ford Ecosport,2017,86679,25409,LPG,Dealer,Automatic,Fourth & Above Owner,21.15,1186,53.44,214.06,6,107558.97740521508
Toyota Innova,2018,950004,108087,Electric,Dealer,Manual,Second Owner,32.35,2538,120.46,99.27,7,1080186.0560440433
Renault Duster,2007,50000,12565,Electric,Trustmark Dealer,Manual,Fourth & Above Owner,22.25,2588,170.33,275.72,6,73287.27696233003
Ford Ecosport,2013,227690,85215,Diesel,Individual,Manual,Fourth & Above Owner,14.48,1382,96.59,143.99,6,303509.5847828254
Volkswagen Polo,2013,1092040,28417,CNG,Individual,Automatic,First Owner,15.02,2106,180.84,272.38,4,1583858.245524306
Maruti Baleno,2006,50000,18792,LPG,Individual,Automatic,Fourth & Above Owner,28.29,1061,182.96,104.11,4,57118.71185558129
Kia Seltos,2006,792367,194214,CNG,Trustmark Dealer,Automatic,Second Owner,10.18,2133,52.55,324.53,7,1182889.6183805412
Kia Seltos,2017,1354447,12615,LPG,Individual,Manual,First Owner,17.42,2413,131.2,189.7,6,1731605.3215614588
Maruti Baleno,2017,305226,88831,CNG,Dealer,Automatic,Third Owner,31.27,2682,146.42,256.18,6,427889.2475083981
Kia Seltos,2018,300481,170711,Electric,Individual,Automatic,Third Owner,34.35,2041,179.74,191.45,6,403408.6109404021
Skoda Rapid,2015,636635,17302,Electric,Individual,Automatic,First Owner,25.5,803,165.38,140.86,7,953116.478777915
Mahindra XUV500,2019,400075,139397,Diesel,Trustmark Dealer,Automatic,Fourth & Above Owner,16.16,2030,179.1,340.15,6,456522.73145667306
Hyundai i20,2007,50000,169453,Electric,Dealer,Automatic,Third Owner,30.97,1478,189.18,195.0,4,61524.67585624644
Skoda Rapid,2005,435511,5562,CNG,Dealer,Automatic,Fourth & Above Owner,27.49,2717,99.59,335.01,6,557034.4262857583
Ford Ecosport,2009,931891,80548,Diesel,Dealer,Automatic,Second Owner,32.88,1431,126.76,271.89,4,1046058.038669512
Renault Duster,2015,913734,154715,Electric,Trustmark Dealer,Automatic,Second Owner,31.71,2961,60.34,250.24,4,1237041.1277700355
Renault Duster,2009,50000,25244,Petrol,Trustmark Dealer,Automatic,Third Owner,33.31,2199,124.63,193.68,7,61610.34065678742
Ford Ecosport,2017,981571,172298,Electric,Dealer,Automatic,Second Owner,16.83,1226,73.28,155.13,4,1307717.8901731337
Honda City,2009,197209,127031,Electric,Trustmark Dealer,Manual,First Owner,12.06,1800,144.51,129.07,5,278020.62234075746
Renault Duster,2019,447892,158598,Petrol,Individual,Automatic,Fourth & Above Owner,29.97,1153,136.48,182.72,6,600986.658371847
Mahindra XUV500,2016,941394,95480,Petrol,Individual,Manual,First Owner,17.46,2522,182.16,347.41,5,1225887.5856140228
Toyota Innova,2020,1264054,30739,Diesel,Trustmark Dealer,Automatic,Fourth & Above Owner,26.41,1565,69.1,91.43,5,1841203.3796207623
Kia Seltos,2005,414442,33771,CNG,Individual,Manual,Fourth & Above Owner,14.62,2152,179.65,267.42,6,621227.322890688
Hyundai i20,2017,734627,114674,Diesel,Individual,Manual,Fourth & Above Owner,15.57,1312,125.94,103.33,4,915492.9170468964
Mahindra XUV500,2022,307392,57247,CNG,Trustmark Dealer,Automatic,Second Owner,31.08,2703,170.2,348.91,5,375095.37793087657
Maruti Baleno,2021,1090473,31081,Electric,Trustmark Dealer,Automatic,Fourth & Above Owner,23.35,1205,100.37,339.96,6,1274868.1405952668
Tata Nexon,2009,1087679,35454,Diesel,Dealer,Manual,Third Owner,31.81,2304,126.07,303.58,6,1510909.7484632249
Toyota Innova,2009,750328,61868,Electric,Dealer,Automatic,Second Owner,17.27,2259,108.23,229.48,7,1124951.2591285866
Renault Duster,2009,536379,68782,Electric,Dealer,Automatic,First Owner,23.25,2145,107.58,92.07,5,687459.697820148
Honda City,2022,684114,71832,Electric,Individual,Manual,Third Owner,34.14,2025,88.73,315.53,5,988301.911329932
Maruti Swift,2006,50000,183177,Petrol,Trustmark Dealer,Automatic,First Owner,34.87,2248,112.87,187.66,6,58683.24492236588
Skoda Rapid,2014,50000,83207,LPG,Trustmark Dealer,Manual,Third Owner,21.45,1305,188.64,210.6,4,58687.68641451583
Maruti Swift,2016,50000,77517,Petrol,Trustmark Dealer,Automatic,Third Owner,33.1,1729,68.78,166.01,4,56817.20891860084
Kia Seltos,2018,1013754,48768,Diesel,Individual,Manual,First Owner,23.34,958,123.74,113.58,7,1348347.663940362
Maruti Baleno,2005,312565,94061,Petrol,Trustmark Dealer,Automatic,Fourth & Above Owner,14.61,1777,76.82,346.22,6,389469.9886538944
Renault Duster,2022,1210437,35659,CNG,Trustmark Dealer,Automatic,Fourth & Above Owner,10.68,1655,104.11,153.47,6,1386472.8432657216
Maruti Baleno,2007,241808,113505,Electric,Individual,Manual,Third Owner,13.75,1739,180.7,158.85,7,354071.85471710906
Ford Ecosport,2009,50000,35054,Petrol,Trustmark Dealer,Manual,Second Owner,28.62,2280,103.18,250.86,5,57267.99001433358
Ford Ecosport,2015,600602,97877,Electric,Individual,Automatic,Third Owner,19.75,1445,199.54,238.33,6,798083.2389961663
Maruti Swift,2009,206583,141811,Electric,Individual,Automatic,First Owner,28.71,2977,161.39,304.3,6,294463.59764963534
Kia Seltos,2020,1278249,144058,Petrol,Individual,Automatic,First Owner,34.48,2586,181.78,133.76,7,1715839.350920041
Tata Nexon,2018,858531,40167,CNG,Trustmark Dealer,Manual,Second Owner,17.32,1975,172.94,207.03,7,1165584.7159697746
Hyundai Creta,2014,895200,108171,Diesel,Dealer,Automatic,Fourth & Above Owner,29.61,2739,152.25,128.11,7,994498.1988885972
Ford Ecosport,2021,596131,164410,LPG,Dealer,Manual,Second Owner,18.89,1919,70.75,311.78,4,683372.267484459
Renault Duster,2021,773795,121759,Petrol,Trustmark Dealer,Automatic,Third Owner,12.44,1264,92.78,222.33,6,1108782.5175449946
Ford Ecosport,2009,610633,145433,LPG,Dealer,Automatic,Fourth & Above Owner,26.14,2598,107.74,106.58,4,741961.2832603685
Ford Ecosport,2021,528419,44273,CNG,Trustmark Dealer,Manual,Third Owner,20.38,826,155.74,282.0,5,678628.395671841
Volkswagen Polo,2019,1282438,101741,Electric,Trustmark Dealer,Automatic,First Owner,13.12,2767,117.24,299.97,6,1597367.2440524346
Mahindra XUV500,2010,768573,33504,LPG,Individual,Automatic,Fourth & Above Owner,34.73,954,78.03,295.07,6,1069226.2567296177
Hyundai i20,2009,696480,166720,Diesel,Individual,Automatic,Third Owner,20.98,1805,155.48,283.4,4,819920.3780037184
Hyundai i20,2008,1000187,65148,Electric,Individual,Manual,Second Owner,20.47,1250,62.22,266.55,7,1356026.9297858304
Hyundai Creta,2018,1039829,44677,CNG,Trustmark Dealer,Manual,Third Owner,31.01,1225,130.26,267.7,6,1256435.9921340218
Honda City,2023,304412,185658,CNG,Trustmark Dealer,Automatic,First Owner,23.26,2555,55.61,328.65,7,424761.2500275832
Kia Seltos,2010,623453,89018,CNG,Trustmark Dealer,Manual,Fourth & Above Owner,13.16,1345,118.75,309.46,6,687033.1996812235
Hyundai Creta,2009,112291,34215,Petrol,Individual,Manual,Fourth & Above Owner,13.72,1570,120.58,257.6,6,155033.05570077137
Renault Duster,2009,956157,81539,Petrol,Trustmark Dealer,Automatic,Second Owner,12.72,1325,175.95,342.27,4,1319658.657695245
Renault Duster,2009,50000,102410,Diesel,Individual,Manual,Fourth & Above Owner,13.58,2715,173.61,298.75,6,64079.807549632016
Tata Nexon,2005,867710,118364,LPG,Individual,Manual,Fourth & Above Owner,11.93,1558,170.87,328.17,4,1134857.782221741
Mahindra XUV500,2010,54129,84593,LPG,Dealer,Manual,Second Owner,18.65,2072,120.47,197.14,4,62650.238355663816
Mahindra XUV500,2011,1161235,118212,CNG,Trustmark Dealer,Automatic,First Owner,24.02,2884,137.36,312.59,5,1564061.6375947972
Mahindra XUV500,2017,1230009,195207,Petrol,Dealer,Manual,Fourth & Above Owner,19.44,1524,197.48,150.3,5,1357060.9302325596
Maruti Baleno,2008,699103,29499,Petrol,Dealer,Automatic,Fourth & Above Owner,21.9,1267,52.98,349.25,5,802276.9327862309
Tata Nexon,2014,819551,56005,LPG,Trustmark Dealer,Automatic,Second Owner,33.9,955,66.19,279.87,4,1033979.2604441408
Volkswagen Polo,2005,562054,83420,CNG,Trustmark Dealer,Manual,First Owner,14.65,2660,188.71,319.3,4,786871.6348323809
Hyundai i20,2015,1178096,47472,CNG,Dealer,Automatic,Third Owner,11.15,1794,114.99,333.39,4,1572314.409593303
Skoda Rapid,2005,817739,147007,Diesel,Trustmark Dealer,Manual,Fourth & Above Owner,14.4,1407,119.0,195.68,4,1222219.50103085
Maruti Swift,2018,450074,187621,Electric,Individual,Automatic,Fourth & Above Owner,15.75,2127,145.96,102.35,7,534321.8443492141
Skoda Rapid,2015,221772,15100,Electric,Trustmark Dealer,Automatic,Second Owner,34.89,1377,185.71,284.73,4,282100.9148925259
Tata Nexon,2016,1115360,130493,Petrol,Trustmark Dealer,Automatic,Second Owner,29.26,1117,116.85,125.81,5,1646393.0723538273
Maruti Swift,2018,752790,88625,Petrol,Dealer,Automatic,Second Owner,15.56,2104,61.92,145.49,5,879813.014656253
Toyota Innova,2021,860102,30184,Petrol,Trustmark Dealer,Manual,Third Owner,27.81,2424,166.47,246.18,7,1239000.4388442049
Maruti Baleno,2008,598105,156079,Petrol,Trustmark Dealer,Manual,Fourth & Above Owner,10.19,2107,169.47,332.98,5,852615.5049967822
Hyundai Creta,2017,1131949,39419,CNG,Trustmark Dealer,Manual,Third Owner,23.98,1776,133.42,97.07,6,1425531.2147773628
Volkswagen Polo,2008,1217924,149094,CNG,Trustmark Dealer,Automatic,Third Owner,34.53,2012,190.53,174.19,6,1390546.5560493914
Kia Seltos,2010,50000,126778,Petrol,Individual,Automatic,Second Owner,26.38,2979,86.64,202.61,7,62199.815802390825
Ford Ecosport,2006,503321,168929,Electric,Dealer,Automatic,First Owner,11.06,2628,66.41,178.97,5,668094.6803586488
Skoda Rapid,2015,569185,19981,Petrol,Dealer,Automatic,Fourth & Above Owner,30.21,2181,177.09,195.29,5,720000.7257791233
Maruti Baleno,2023,1160010,178021,LPG,Dealer,Automatic,Fourth & Above Owner,14.09,1421,142.67,189.89,7,1595870.703694929
Honda City,2020,1087321,28108,Electric,Individual,Automatic,First Owner,12.42,1706,124.52,321.23,4,1523122.3859314767
Toyota Innova,2011,1257284,99611,Electric,Trustmark Dealer,Manual,Third Owner,24.92,1777,180.23,289.84,6,1412261.655403068
Hyundai Creta,2011,974826,96739,Electric,Individual,Automatic,Second Owner,18.71,1109,177.68,108.74,7,1303072.490317735
Volkswagen Polo,2011,1106135,114705,Diesel,Individual,Automatic,First Owner,10.45,2927,146.8,132.31,5,1273645.2381218786
Maruti Baleno,2012,1001882,164628,LPG,Dealer,Manual,Fourth & Above Owner,27.35,2769,158.79,174.03,6,1234343.0560868513
Ford Ecosport,2011,792572,9894,Petrol,Trustmark Dealer,Automatic,First Owner,17.1,1781,83.14,131.82,7,887365.6219512072
Renault Duster,2021,921259,49940,Electric,Dealer,Manual,Second Owner,18.65,2083,174.37,329.16,5,1045394.7201517822
Renault Duster,2023,379702,116037,Electric,Individual,Automatic,Second Owner,26.19,1038,190.68,127.95,7,481428.3568992136
Toyota Innova,2007,1007387,111679,Diesel,Trustmark Dealer,Automatic,Third Owner,26.17,2233,175.48,218.13,6,1401839.3346843852
Hyundai Creta,2019,900158,30293,Electric,Dealer,Manual,Third Owner,27.12,2694,108.45,157.85,7,1108606.587618359
Tata Nexon,2022,229200,65281,CNG,Individual,Automatic,Second Owner,19.61,1513,124.03,334.05,5,322936.83361496363
Skoda Rapid,2020,1238683,78795,Electric,Trustmark Dealer,Manual,Second Owner,23.01,2804,140.09,246.35,7,1846734.1250728064
Honda City,2010,437126,112555,Diesel,Dealer,Manual,Fourth & Above Owner,28.72,2682,64.67,263.56,6,578249.6690764468
Skoda Rapid,2021,580485,31204,Petrol,Individual,Automatic,Third Owner,24.96,2203,158.75,333.63,4,729097.131859272
Maruti Swift,2018,134409,56760,CNG,Trustmark Dealer,Manual,Fourth & Above Owner,15.72,1378,111.21,109.18,7,174073.77732981453
Renault Duster,2010,303527,27761,Petrol,Individual,Manual,Second Owner,12.82,907,195.16,141.01,5,352817.0721681719
Honda City,2015,1168726,153277,CNG,Dealer,Manual,First Owner,23.64,2226,190.0,218.81,7,1694189.6828538035
Ford Ecosport,2009,50000,114502,CNG,Individual,Manual,Fourth & Above Owner,24.88,1821,145.05,134.07,4,68191.62898304581
Renault Duster,2020,542072,6505,CNG,Individual,Manual,Third Owner,13.71,1844,152.98,316.12,6,767808.125561069
Ford Ecosport,2012,569754,41238,Petrol,Trustmark Dealer,Manual,First Owner,29.46,1098,115.77,177.53,4,821100.4168403471
Toyota Innova,2005,216607,136191,Petrol,Dealer,Automatic,Second Owner,12.57,1588,185.26,105.81,5,324420.2267690763
Renault Duster,2005,537240,50599,Petrol,Individual,Automatic,Third Owner,34.54,2114,175.13,238.01,5,767443.3894191101
Mahindra XUV500,2006,603617,92813,CNG,Trustmark Dealer,Manual,Third Owner,10.6,1584,175.38,203.22,5,744894.4626723737
Hyundai i20,2010,541831,6171,Diesel,Individual,Automatic,First Owner,10.17,2802,103.68,341.0,5,608434.0768792728
Maruti Swift,2017,525770,22493,Electric,Individual,Manual,Fourth & Above Owner,30.42,2468,186.14,142.86,5,747924.2110732801
Renault Duster,2017,484504,74975,Electric,Trustmark Dealer,Manual,Third Owner,29.03,2374,81.55,250.3,5,646554.4570528914
Hyundai i20,2018,381933,106998,CNG,Individual,Automatic,Third Owner,28.11,1180,54.57,188.67,4,468956.1077803601
Tata Nexon,2012,392116,83788,Electric,Trustmark Dealer,Manual,Third Owner,32.8,1462,144.47,129.87,6,489556.7737605848
Honda City,2007,359179,76754,Diesel,Trustmark Dealer,Manual,Third Owner,34.36,1892,146.18,220.14,5,486289.734385573
Maruti Swift,2021,1213245,147104,Electric,Trustmark Dealer,Manual,Second Owner,20.86,2084,110.66,236.88,6,1563784.2405587635
Hyundai Creta,2008,480731,152875,CNG,Dealer,Automatic,First Owner,26.01,862,123.82,176.81,6,625109.5928740079
Ford Ecosport,2020,844640,70085,Diesel,Individual,Automatic,Second Owner,32.33,942,181.82,201.21,7,1153679.7670372631
Hyundai Creta,2014,561820,157529,Electric,Dealer,Manual,First Owner,23.0,1331,88.66,313.71,5,786262.5847425251
Ford Ecosport,2018,605522,66430,Petrol,Dealer,Automatic,Second Owner,27.27,1008,113.85,220.38,5,732962.4238472225
Toyota Innova,2019,433005,108899,LPG,Trustmark Dealer,Automatic,Second Owner,18.36,2965,176.1,270.02,4,501196.8854400711
Honda City,2021,1378729,146705,LPG,Dealer,Manual,Second Owner,12.61,1732,102.23,246.83,5,1562319.4336230578
Maruti Baleno,2007,411525,49159,LPG,Trustmark Dealer,Automatic,First Owner,22.48,1239,182.41,257.02,7,555034.7914767119
Tata Nexon,2017,715758,141108,Electric,Individual,Automatic,Second Owner,17.22,2487,180.95,331.2,5,901328.814215023
Toyota Innova,2020,989831,130486,CNG,Individual,Manual,Fourth & Above Owner,25.94,1799,69.69,261.05,7,1417390.6711594504
Ford Ecosport,2014,462126,116923,Petrol,Individual,Manual,First Owner,22.96,2118,185.79,170.48,7,665073.5672818391
Skoda Rapid,2013,1036398,113332,Electric,Trustmark Dealer,Manual,Fourth & Above Owner,18.07,2288,71.58,202.69,5,1204647.8097966774
Ford Ecosport,2010,696754,188284,Electric,Individual,Automatic,Fourth & Above Owner,32.91,1130,82.43,178.99,6,793654.8259707735
Mahindra XUV500,2015,692403,155330,Petrol,Trustmark Dealer,Manual,Third Owner,18.79,2467,90.92,275.55,7,881989.6313151555
Honda City,2008,50000,29933,Electric,Dealer,Manual,Third Owner,22.49,2060,71.87,110.67,4,61916.070125942526
Hyundai i20,2018,1113882,48907,Petrol,Trustmark Dealer,Manual,Second Owner,10.2,1974,60.62,144.62,4,1539880.0083353024
Maruti Swift,2011,261676,28625,Electric,Individual,Manual,First Owner,32.3,2951,199.05,341.61,7,307036.9630193139
Skoda Rapid,2008,1020501,68021,Diesel,Dealer,Automatic,First Owner,15.82,2142,125.12,200.78,7,1377709.8187419248
Tata Nexon,2023,212762,140354,Petrol,Trustmark Dealer,Automatic,First Owner,18.26,1957,131.32,344.16,6,317525.51200871746
Honda City,2011,547677,74402,CNG,Dealer,Automatic,Fourth & Above Owner,26.02,2535,117.36,141.93,6,810712.6985728632
Ford Ecosport,2022,250421,107620,LPG,Dealer,Manual,Second Owner,22.97,2771,179.29,101.07,5,364463.359329438
Tata Nexon,2005,76506,60804,CNG,Dealer,Manual,Third Owner,32.21,1226,85.1,175.38,6,107975.46417148013
Hyundai i20,2010,283126,99967,LPG,Trustmark Dealer,Automatic,Third Owner,25.59,2161,173.15,91.31,7,424549.1391399112
Honda City,2012,731246,39471,Electric,Dealer,Automatic,Fourth & Above Owner,24.77,1854,124.36,344.85,4,962670.5086754176
Honda City,2013,271573,128057,Electric,Trustmark Dealer,Manual,Second Owner,34.57,2138,114.38,319.47,6,343485.32346925675
Kia Seltos,2009,50000,179046,Electric,Trustmark Dealer,Manual,Second Owner,31.23,2738,50.59,94.08,6,55942.03951958887
Maruti Swift,2017,752248,197532,Electric,Dealer,Automatic,Second Owner,12.74,1986,139.94,90.45,6,974562.1193247798
Renault Duster,2012,748023,12951,Diesel,Dealer,Manual,First Owner,27.96,1353,167.7,320.22,4,908623.4081771912
Ford Ecosport,2011,74418,191920,Diesel,Dealer,Manual,Fourth & Above Owner,22.92,2621,113.28,289.86,6,83010.70634264947
Renault Duster,2018,50000,28219,Electric,Individual,Manual,Second Owner,14.17,869,107.04,312.59,6,65785.59140915233
Toyota Innova,2005,204945,121096,Diesel,Dealer,Manual,Fourth & Above Owner,14.49,2169,57.29,260.8,7,234599.8649932393
Kia Seltos,2013,841883,153953,Diesel,Trustmark Dealer,Manual,Third Owner,18.45,2667,119.49,259.73,7,1066305.100127017
Maruti Swift,2010,1000888,141157,Electric,Dealer,Manual,Fourth & Above Owner,15.53,1043,115.95,303.29,5,1235191.388892606
Kia Seltos,2016,287195,148278,Electric,Individual,Manual,First Owner,26.8,921,77.17,322.86,4,321307.1045591494
Skoda Rapid,2005,793693,162095,LPG,Dealer,Manual,Third Owner,13.42,2421,70.88,242.38,7,1151835.9944937762
Volkswagen Polo,2021,129731,116251,CNG,Individual,Automatic,Fourth & Above Owner,29.16,2960,196.01,186.31,5,152963.0595174569
Hyundai i20,2017,1226561,150036,Electric,Dealer,Automatic,Fourth & Above Owner,25.55,2569,120.12,184.64,7,1400472.374788925
Volkswagen Polo,2018,1051486,118858,Electric,Dealer,Automatic,Fourth & Above Owner,28.06,1789,102.56,223.02,5,1256177.6828292145
Maruti Baleno,2021,1295670,11662,LPG,Individual,Manual,Fourth & Above Owner,20.98,1990,120.19,257.89,5,1690888.701384244
Maruti Baleno,2013,494904,144047,LPG,Dealer,Automatic,Fourth & Above Owner,20.13,915,68.68,242.67,4,595590.5604477826
Tata Nexon,2017,50000,49174,Diesel,Individual,Manual,Fourth & Above Owner,27.81,2412,186.95,234.68,5,62504.47798468592
Volkswagen Polo,2006,50000,57168,Petrol,Dealer,Manual,First Owner,19.68,2352,64.76,297.19,5,66577.70975489404
Hyundai Creta,2010,385230,163076,Diesel,Individual,Manual,First Owner,23.16,932,98.72,234.64,7,445072.0187209193
Volkswagen Polo,2019,1302807,105519,LPG,Individual,Automatic,Second Owner,32.82,1583,169.96,187.83,5,1584349.7840273993
Volkswagen Polo,2021,452430,74220,Electric,Individual,Manual,First Owner,34.38,2504,118.9,267.89,7,525155.7958889281
Toyota Innova,2014,855382,65067,LPG,Dealer,Automatic,First Owner,15.32,1743,192.05,193.82,4,1015100.3611659072
Mahindra XUV500,2012,50000,87905,Electric,Trustmark Dealer,Manual,Second Owner,28.13,2640,134.56,96.71,7,56310.9061252857
Kia Seltos,2018,1303539,196947,Diesel,Individual,Automatic,Third Owner,28.09,2392,195.85,312.95,4,1553097.0849296593
Honda City,2023,1385996,100667,CNG,Dealer,Manual,Fourth & Above Owner,27.03,873,162.87,128.17,7,1855803.415534021
Honda City,2005,965385,140426,Petrol,Trustmark Dealer,Automatic,Third Owner,32.53,1989,177.19,257.63,6,1261677.5070056706
Maruti Swift,2016,692769,98373,Electric,Trustmark Dealer,Automatic,Third Owner,33.78,937,138.97,261.12,4,945864.3646084216
Mahindra XUV500,2008,515342,75270,Petrol,Individual,Manual,First Owner,21.36,1697,139.3,192.22,7,695858.8627107084
Kia Seltos,2015,50000,32012,Petrol,Dealer,Manual,Third Owner,10.89,2597,68.37,109.86,5,69091.94213083196
Volkswagen Polo,2020,682436,114481,CNG,Trustmark Dealer,Automatic,Third Owner,34.31,1472,84.06,172.3,7,765413.4520111171
Maruti Baleno,2020,425495,82007,Electric,Dealer,Manual,First Owner,32.59,1814,97.55,285.68,7,595745.1280516171
Tata Nexon,2005,1004344,166855,Petrol,Individual,Manual,First Owner,27.56,2969,184.82,247.79,6,1197222.9080991535
Ford Ecosport,2021,915839,14005,CNG,Individual,Manual,Third Owner,29.98,993,101.29,301.71,5,1321576.8521257408
Mahindra XUV500,2017,50000,115927,LPG,Trustmark Dealer,Automatic,Second Owner,25.61,1721,190.4,155.06,6,65584.7165267837
Kia Seltos,2009,491142,143198,Diesel,Individual,Manual,Second Owner,25.78,1149,193.17,106.73,7,551976.6155796837
Skoda Rapid,2016,262178,65244,LPG,Dealer,Manual,Second Owner,11.0,1336,138.7,285.43,4,357110.6255476354
Renault Duster,2005,851050,161065,Diesel,Individual,Automatic,First Owner,34.16,1384,133.39,255.1,6,1236361.8467132638
Volkswagen Polo,2014,894050,195624,LPG,Individual,Automatic,Third Owner,10.86,856,184.12,164.15,7,1211537.1545151917
Maruti Swift,2009,845817,171767,CNG,Individual,Manual,Third Owner,27.01,2528,93.21,260.79,4,1039297.6262079532
Hyundai i20,2019,1047534,92435,Electric,Trustmark Dealer,Automatic,First Owner,22.19,2458,79.71,341.22,7,1398281.885782923
Toyota Innova,2023,1214678,194287,Petrol,Trustmark Dealer,Manual,Second Owner,31.83,2037,182.4,196.61,6,1818805.901974429
Mahindra XUV500,2012,50000,108607,Electric,Trustmark Dealer,Manual,Second Owner,28.44,2044,129.72,172.21,4,71603.01091250885
Hyundai i20,2005,631223,134793,LPG,Individual,Manual,Fourth & Above Owner,20.56,1315,105.73,271.76,7,916711.8810981138
Ford Ecosport,2017,50000,24485,LPG,Individual,Manual,Fourth & Above Owner,23.3,1700,106.6,119.78,5,72760.5384501179
Ford Ecosport,2022,888381,87910,Petrol,Dealer,Automatic,Second Owner,34.04,1428,173.84,232.15,4,1260614.025803075
Hyundai Creta,2022,701717,52397,Petrol,Trustmark Dealer,Manual,Fourth & Above Owner,20.03,1668,177.59,100.66,6,853314.8767389692
Mahindra XUV500,2018,1010542,159857,Diesel,Trustmark Dealer,Automatic,Third Owner,31.91,1499,78.01,120.43,5,1380349.1969780913
Honda City,2009,909659,26195,Electric,Dealer,Manual,Second Owner,10.53,1746,84.15,151.0,4,1157478.7877808
Hyundai i20,2008,870159,32407,LPG,Individual,Manual,First Owner,13.52,2117,139.31,271.79,6,975658.7441761412
Renault Duster,2017,107285,61894,LPG,Trustmark Dealer,Manual,Third Owner,26.56,2677,106.47,141.9,4,160411.44060488298
Hyundai i20,2007,64882,81043,Diesel,Trustmark Dealer,Manual,Third Owner,19.56,1379,50.42,213.28,7,80545.55191653689
Hyundai Creta,2022,1229033,11834,Diesel,Trustmark Dealer,Automatic,First Owner,26.78,2631,76.61,172.21,7,1812295.267333518
Hyundai i20,2019,313644,190441,Diesel,Dealer,Manual,Third Owner,13.32,2092,64.87,349.92,5,423557.471171557
Tata Nexon,2011,127845,88905,Diesel,Individual,Manual,Second Owner,19.9,2993,92.0,104.53,5,174297.31538892482
Volkswagen Polo,2021,114565,107254,Diesel,Trustmark Dealer,Automatic,First Owner,34.77,2802,198.97,321.87,5,169531.76864544023
Mahindra XUV500,2023,1193101,113981,Electric,Trustmark Dealer,Manual,Fourth & Above Owner,13.4,2686,192.86,198.4,5,1653718.2774203497
Toyota Innova,2016,1320997,151404,CNG,Individual,Automatic,First Owner,30.22,2925,190.92,220.69,6,1607807.2853499104
Honda City,2007,148277,20311,CNG,Trustmark Dealer,Manual,Third Owner,20.27,930,131.26,306.06,7,173374.50425419208
Kia Seltos,2010,576839,115062,LPG,Individual,Manual,Fourth & Above Owner,27.35,2550,83.55,346.21,5,833015.0539505543
Honda City,2017,1219632,76526,LPG,Individual,Manual,Third Owner,31.14,2602,166.46,230.51,7,1363952.9066743406
Maruti Swift,2021,1381304,169493,CNG,Dealer,Automatic,First Owner,17.44,2403,173.0,146.82,6,1766581.3088856223
Ford Ecosport,2022,484469,24590,Diesel,Individual,Manual,Second Owner,33.69,2545,104.41,191.96,5,674047.0316373231
Ford Ecosport,2016,1150276,118569,Diesel,Trustmark Dealer,Manual,First Owner,21.41,1078,168.62,161.98,6,1500818.4870123374
Volkswagen Polo,2007,50000,89170,CNG,Individual,Automatic,Second Owner,13.3,2213,144.39,338.82,4,74527.95009135493
Maruti Swift,2017,805777,191540,Electric,Individual,Automatic,Second Owner,14.66,971,75.8,289.9,5,891565.8419667386
Volkswagen Polo,2005,50000,27166,Electric,Individual,Manual,Third Owner,23.33,2578,124.93,294.21,4,70911.98797550982
Mahindra XUV500,2006,715280,34417,CNG,Trustmark Dealer,Automatic,Fourth & Above Owner,27.96,1060,142.69,316.73,7,925543.5585739176
Volkswagen Polo,2006,551552,26275,CNG,Dealer,Automatic,Third Owner,13.85,2740,86.53,225.6,7,802372.3112671248
Honda City,2007,268543,175202,LPG,Trustmark Dealer,Manual,First Owner,26.69,1373,104.16,247.36,6,301164.0848591186
Ford Ecosport,2016,641472,44629,Petrol,Individual,Automatic,Fourth & Above Owner,34.17,1752,178.73,319.31,7,734209.5606372842
Hyundai i20,2006,575331,110811,LPG,Trustmark Dealer,Automatic,First Owner,28.21,2242,181.03,206.85,6,667944.5334755378
Ford Ecosport,2016,990467,185615,LPG,Individual,Manual,Fourth & Above Owner,13.88,1728,53.35,131.27,6,1192579.9413191811
Skoda Rapid,2021,169763,129636,LPG,Dealer,Manual,First Owner,34.28,1595,57.72,134.4,4,246427.01411746672
Honda City,2008,203741,63070,Electric,Dealer,Manual,First Owner,28.79,2427,190.4,207.91,6,304948.3786072328
Maruti Swift,2011,672127,145607,Diesel,Dealer,Manual,Fourth & Above Owner,28.58,1384,160.51,121.15,5,821459.3340315465
Tata Nexon,2015,890424,68715,LPG,Trustmark Dealer,Manual,Fourth & Above Owner,11.24,2487,97.87,146.26,4,1234129.7250436854
Hyundai i20,2021,166275,95375,LPG,Individual,Automatic,Second Owner,19.04,1955,57.37,197.46,7,232703.7551687217
Maruti Baleno,2007,995336,85634,Petrol,Trustmark Dealer,Automatic,Second Owner,34.39,2078,98.44,242.03,6,1228475.9798394234
Hyundai i20,2021,618847,116142,LPG,Individual,Manual,Third Owner,32.69,810,113.19,302.23,6,708493.0169978939
Maruti Baleno,2013,133858,140469,LPG,Dealer,Automatic,First Owner,26.93,2773,103.92,126.79,4,192641.8260773617
Toyota Innova,2017,634441,198496,CNG,Individual,Automatic,Second Owner,25.04,2745,146.02,215.47,6,855864.9395556733
Mahindra XUV500,2009,794195,159090,Diesel,Trustmark Dealer,Manual,Fourth & Above Owner,10.2,2346,61.64,336.74,4,1101799.647193248
Ford Ecosport,2020,1059974,96643,Petrol,Dealer,Automatic,Fourth & Above Owner,34.68,2858,93.68,289.6,7,1344940.8018823576
Toyota Innova,2008,50000,42632,CNG,Individual,Automatic,First Owner,21.52,1702,122.91,141.17,6,72270.38336742992
Ford Ecosport,2015,839265,119460,Diesel,Trustmark Dealer,Manual,Second Owner,29.31,1066,105.03,110.73,5,1025040.2257637724
Tata Nexon,2020,930989,41520,Petrol,Dealer,Manual,Third Owner,32.7,1468,57.27,130.14,7,1267964.7529685
Maruti Baleno,2015,863875,100959,LPG,Dealer,Manual,Third Owner,28.67,912,105.51,171.77,6,1095119.20531641
Renault Duster,2023,798063,146041,LPG,Individual,Automatic,Third Owner,10.51,2415,147.38,220.5,5,958777.2674690824
Honda City,2018,724179,175157,LPG,Dealer,Automatic,First Owner,11.8,2272,185.03,130.42,5,934968.194223922
Toyota Innova,2020,519762,190175,Diesel,Trustmark Dealer,Automatic,Fourth & Above Owner,19.81,2347,108.45,321.07,5,691937.186904266
Hyundai Creta,2019,877306,23797,Electric,Trustmark Dealer,Automatic,First Owner,31.45,2791,170.08,263.65,4,1177626.5095972396
Maruti Swift,2015,907937,97971,Diesel,Trustmark Dealer,Automatic,Fourth & Above Owner,27.59,1121,82.34,218.42,4,1312545.5644566724
Hyundai i20,2021,584943,82268,LPG,Individual,Manual,First Owner,18.82,1392,103.95,306.53,6,761264.0436291689
Ford Ecosport,2007,926497,93200,Electric,Dealer,Automatic,Second Owner,20.5,1906,153.39,159.43,7,1313407.34561763
Hyundai i20,2010,478282,197627,Petrol,Trustmark Dealer,Automatic,Fourth & Above Owner,30.03,1337,138.92,161.15,7,642685.8773678283
Renault Duster,2010,823681,24032,Diesel,Individual,Manual,Second Owner,30.37,2835,165.11,132.94,7,1081438.3215987834
Volkswagen Polo,2010,929756,158155,Diesel,Individual,Manual,Third Owner,25.69,2005,145.76,276.12,4,1391314.2907247895
Mahindra XUV500,2021,1333903,137226,Electric,Trustmark Dealer,Automatic,Fourth & Above Owner,15.01,2042,93.25,122.62,7,1490326.8808276877
Tata Nexon,2013,50000,49545,CNG,Trustmark Dealer,Manual,Fourth & Above Owner,24.76,2793,161.32,109.63,5,72990.5257137763
Ford Ecosport,2013,184674,40221,Diesel,Trustmark Dealer,Manual,Second Owner,14.75,1608,76.81,125.13,4,235008.50711557
Maruti Baleno,2008,1082343,23843,Petrol,Individual,Manual,Fourth & Above Owner,22.35,1507,107.45,316.76,5,1444771.017139216
Maruti Swift,2007,535778,104096,Petrol,Individual,Automatic,Fourth & Above Owner,28.95,1543,104.23,278.37,5,598184.1686556695
Toyota Innova,2010,606673,71126,Diesel,Individual,Manual,Fourth & Above Owner,16.91,2345,50.42,106.78,5,865850.0313316215
Kia Seltos,2021,92384,180427,Petrol,Trustmark Dealer,Automatic,Third Owner,16.02,841,171.04,217.17,6,112977.08690103116
Toyota Innova,2014,1082594,90737,Petrol,Trustmark Dealer,Manual,First Owner,24.69,1041,174.78,190.39,6,1575771.4614581496
Kia Seltos,2023,1133018,193525,Diesel,Individual,Automatic,First Owner,20.36,2044,117.65,281.42,6,1569147.1977129544
Renault Duster,2007,391850,169619,Petrol,Trustmark Dealer,Automatic,Second Owner,23.49,1634,62.85,222.94,5,469792.7597770175
Tata Nexon,2018,1365491,19705,Petrol,Individual,Automatic,First Owner,22.22,1783,110.34,271.91,6,1661187.6248446314
Maruti Swift,2006,50000,64235,CNG,Trustmark Dealer,Manual,Third Owner,34.61,2371,194.51,126.53,7,55874.46726982298
Hyundai i20,2020,1117910,25642,CNG,Trustmark Dealer,Automatic,Second Owner,12.06,975,152.27,133.23,7,1538403.5614752993
Hyundai Creta,2018,512662,105804,Electric,Individual,Manual,Fourth & Above Owner,29.61,2336,131.48,197.19,4,712515.642657147
Mahindra XUV500,2019,117711,115294,CNG,Trustmark Dealer,Automatic,Third Owner,13.73,2202,71.86,90.97,7,172948.94343347283
Hyundai Creta,2013,50000,137964,Diesel,Trustmark Dealer,Automatic,Fourth & Above Owner,12.61,1025,109.53,102.13,6,58496.23014612348
Ford Ecosport,2020,472949,176731,Electric,Trustmark Dealer,Manual,Fourth & Above Owner,26.13,1984,116.35,131.33,6,640672.2068612054
Volkswagen Polo,2006,304799,49985,Petrol,Individual,Automatic,Second Owner,32.06,2158,180.04,114.45,6,345745.22675704735
Maruti Swift,2012,980793,57705,Petrol,Individual,Automatic,Third Owner,24.01,957,94.49,293.32,7,1218506.525981638
Volkswagen Polo,2009,376507,39659,Diesel,Trustmark Dealer,Automatic,Second Owner,11.82,1779,56.64,149.58,5,435260.4119000722
Hyundai Creta,2017,258062,132065,Electric,Trustmark Dealer,Manual,Fourth & Above Owner,18.02,2336,86.3,316.55,5,374624.2990509797
Ford Ecosport,2007,50000,187713,CNG,Individual,Manual,First Owner,19.62,2322,58.42,290.89,6,57509.21842852763
Volkswagen Polo,2007,232037,94258,LPG,Trustmark Dealer,Manual,Fourth & Above Owner,27.74,2147,168.8,286.73,5,263391.9974129812
Maruti Swift,2018,1079544,102655,Petrol,Dealer,Automatic,Second Owner,15.29,2188,132.56,139.03,7,1558194.7902166722
Skoda Rapid,2023,467530,163539,Diesel,Trustmark Dealer,Automatic,Second Owner,11.03,1094,86.82,142.09,7,580469.5762511842
Volkswagen Polo,2008,752329,19924,Petrol,Dealer,Manual,Third Owner,30.5,2254,85.59,221.84,7,1014108.5108802218
Volkswagen Polo,2019,907812,138295,LPG,Dealer,Automatic,Second Owner,30.11,1676,76.28,263.69,4,1039488.2793225005
Volkswagen Polo,2008,676066,118252,Petrol,Dealer,Manual,Fourth & Above Owner,12.39,2794,164.15,221.47,5,995933.8469360888
Renault Duster,2015,714073,13583,Electric,Individual,Automatic,Fourth & Above Owner,16.74,1971,130.43,328.83,5,796025.9290218228
Kia Seltos,2022,834503,138905,LPG,Trustmark Dealer,Manual,Third Owner,11.44,2882,154.52,240.26,7,1177000.5473729144
Mahindra XUV500,2015,319510,187879,LPG,Trustmark Dealer,Manual,Second Owner,14.49,2859,155.84,318.12,4,470079.07701205526
Maruti Swift,2013,565013,26958,Electric,Individual,Manual,Second Owner,32.05,2109,66.06,303.05,7,659670.5593461711
Kia Seltos,2008,1133642,132241,Diesel,Individual,Manual,Fourth & Above Owner,13.33,2574,72.56,262.46,5,1694368.437000659
Hyundai i20,2013,1140067,38949,Petrol,Trustmark Dealer,Manual,Second Owner,27.86,946,198.67,333.1,5,1361834.2490201958
Hyundai i20,2007,788748,97367,Petrol,Trustmark Dealer,Automatic,First Owner,31.66,2946,64.16,225.99,6,996192.1875415256
Toyota Innova,2020,1230665,125782,Petrol,Dealer,Manual,First Owner,33.0,1044,129.38,186.64,7,1449399.4069285707
Maruti Baleno,2017,456204,106594,Diesel,Dealer,Automatic,Third Owner,34.93,2550,79.49,143.38,6,521140.9556078751
Maruti Baleno,2021,307100,133731,Petrol,Trustmark Dealer,Manual,First Owner,10.4,1799,158.08,238.48,5,353519.73728276475
Maruti Swift,2009,245483,192708,LPG,Dealer,Automatic,First Owner,14.25,2979,135.36,161.49,5,326590.1260922512
Honda City,2014,1221821,127001,LPG,Dealer,Manual,Fourth & Above Owner,22.78,2038,198.6,109.79,6,1772403.1597621404
Volkswagen Polo,2022,1396029,89813,Diesel,Trustmark Dealer,Manual,Fourth & Above Owner,16.01,1837,127.65,297.8,7,1626443.2729550805
Volkswagen Polo,2009,50000,165458,Petrol,Trustmark Dealer,Automatic,First Owner,33.44,2142,98.49,227.71,7,72252.36439416847
Maruti Baleno,2008,1034804,71804,CNG,Dealer,Automatic,Third Owner,16.23,2719,94.34,240.39,7,1361648.3614488314
Ford Ecosport,2014,519784,152362,CNG,Trustmark Dealer,Manual,Fourth & Above Owner,24.75,2916,53.64,262.09,6,764029.9266413959
Renault Duster,2015,646350,95460,LPG,Trustmark Dealer,Automatic,Third Owner,12.34,1675,145.46,299.47,4,959565.6555756538
Renault Duster,2006,538966,185362,Petrol,Trustmark Dealer,Automatic,Fourth & Above Owner,27.57,2660,110.88,118.02,4,770265.4814959337
Renault Duster,2011,78722,67040,Petrol,Individual,Automatic,First Owner,19.48,2231,91.75,112.83,6,100279.00820261138
Skoda Rapid,2022,1130810,23383,Diesel,Dealer,Automatic,Third Owner,28.09,1581,194.63,93.54,4,1287560.2664911812
Kia Seltos,2014,178394,23313,Diesel,Dealer,Manual,Second Owner,13.89,2802,165.24,197.33,5,220689.7019512533
Ford Ecosport,2018,707139,141343,Electric,Individual,Manual,Third Owner,21.35,2097,193.53,274.08,5,943323.9095340248
Volkswagen Polo,2008,50000,136944,Electric,Individual,Manual,First Owner,30.58,2237,94.19,250.6,7,61686.16407381708
Kia Seltos,2005,587547,76126,LPG,Dealer,Automatic,Third Owner,14.38,2169,158.24,108.65,6,770264.0471345152
Volkswagen Polo,2015,50000,146271,Electric,Individual,Automatic,Third Owner,12.06,1964,131.88,272.55,5,72366.37974243805
Tata Nexon,2007,50000,93482,CNG,Trustmark Dealer,Automatic,Third Owner,31.81,2348,191.71,159.3,4,57230.53302411421
Maruti Swift,2014,1115354,174386,CNG,Dealer,Automatic,First Owner,22.21,837,152.76,180.23,4,1568313.2158408829
Hyundai i20,2014,524601,165865,CNG,Dealer,Manual,Second Owner,17.35,2602,103.94,115.67,7,703237.0377835267
Hyundai i20,2006,519796,114353,Electric,Individual,Manual,First Owner,12.2,1523,115.97,302.93,4,721874.9105837307
Maruti Baleno,2014,1220908,185588,CNG,Dealer,Automatic,Fourth & Above Owner,31.47,2542,166.21,290.79,6,1396014.7906486343
Kia Seltos,2017,764226,48132,Electric,Trustmark Dealer,Automatic,Third Owner,23.19,2852,153.12,115.37,4,1011050.0523913074
Volkswagen Polo,2015,449035,77854,Electric,Trustmark Dealer,Automatic,First Owner,12.07,1183,192.25,289.68,7,574156.1474362363
Renault Duster,2022,411968,57822,Electric,Dealer,Automatic,Third Owner,25.62,2246,55.1,169.15,6,558081.206507701
Kia Seltos,2008,733054,108357,Diesel,Individual,Manual,First Owner,11.08,1137,123.5,302.41,4,905572.8587155226
Mahindra XUV500,2018,854698,142350,LPG,Trustmark Dealer,Automatic,First Owner,25.97,2946,66.27,190.52,6,1087464.4782255257
Honda City,2014,376179,50518,Electric,Individual,Automatic,Second Owner,15.47,1274,84.6,291.58,6,460012.0368595913
Toyota Innova,2015,50000,99554,Petrol,Individual,Automatic,Second Owner,31.95,1276,101.49,298.33,4,58133.52456658037
Honda City,2008,50000,118997,Electric,Trustmark Dealer,Automatic,Third Owner,24.3,1521,129.22,297.37,7,58472.63951209733
Honda City,2005,787306,151561,LPG,Individual,Automatic,Third Owner,19.87,1610,98.94,236.7,6,1154272.371434763
Toyota Innova,2015,50000,156874,Diesel,Trustmark Dealer,Automatic,Fourth & Above Owner,31.12,1372,173.36,171.49,7,65273.89765578477
Tata Nexon,2013,888114,152327,Electric,Dealer,Manual,First Owner,12.14,2560,64.79,337.08,4,1134705.9458615007
Renault Duster,2012,1101334,56004,LPG,Dealer,Manual,Third Owner,20.36,1721,52.28,268.35,5,1411772.074673279
Kia Seltos,2016,1206473,14805,Electric,Individual,Automatic,Fourth & Above Owner,28.44,1431,155.86,90.95,6,1794465.773908528
Honda City,2013,899107,148882,Petrol,Trustmark Dealer,Manual,Fourth & Above Owner,19.27,2219,56.93,184.62,5,1080991.430898979
Tata Nexon,2020,1379054,148028,CNG,Individual,Manual,First Owner,15.19,1546,125.78,328.89,7,1782429.621132271
Volkswagen Polo,2017,162267,66301,LPG,Individual,Manual,First Owner,11.06,1477,145.94,290.46,4,189371.1485227173
Maruti Baleno,2018,224674,30978,Petrol,Dealer,Automatic,Second Owner,30.09,1383,61.03,258.9,7,295149.63078774454
Skoda Rapid,2006,478828,171956,LPG,Dealer,Automatic,Fourth & Above Owner,21.51,2965,134.03,245.22,6,572836.0338322328
Maruti Baleno,2009,50000,16543,Electric,Dealer,Automatic,Second Owner,30.07,2862,130.57,168.43,5,70162.75699892592
Kia Seltos,2023,562779,197181,LPG,Individual,Manual,Fourth & Above Owner,27.48,1608,150.54,149.76,6,780178.1630272074
Skoda Rapid,2021,172139,39897,CNG,Trustmark Dealer,Manual,Third Owner,23.25,852,146.7,196.15,4,197335.9933698837
Renault Duster,2007,708385,107145,Electric,Trustmark Dealer,Manual,Second Owner,12.59,1519,91.6,186.43,5,799652.6275651562
Hyundai i20,2023,996951,185098,Petrol,Dealer,Automatic,Third Owner,33.81,2083,141.09,297.57,6,1217067.889443099
Renault Duster,2015,50000,124953,Electric,Individual,Manual,First Owner,20.0,2636,142.83,332.15,4,68361.86117421396
Maruti Swift,2010,946268,39083,Petrol,Dealer,Manual,First Owner,12.12,1125,106.41,333.7,6,1201214.2339241663
Volkswagen Polo,2019,1323776,16716,Petrol,Dealer,Manual,Third Owner,18.97,1069,116.35,165.16,6,1584188.5848736402
Renault Duster,2007,390100,14694,Diesel,Individual,Automatic,First Owner,29.75,2685,135.38,312.6,4,579188.893762202
Renault Duster,2018,995519,103673,CNG,Trustmark Dealer,Manual,First Owner,28.57,897,67.88,186.43,4,1290884.497819143
Volkswagen Polo,2016,94624,137052,LPG,Dealer,Manual,Second Owner,12.36,921,119.95,120.34,4,118341.1437317187
Tata Nexon,2014,50000,7939,Diesel,Trustmark Dealer,Automatic,First Owner,12.78,1821,66.0,203.36,6,68336.83988774275
Kia Seltos,2020,429828,174655,LPG,Individual,Automatic,Second Owner,11.8,1173,108.09,106.12,5,601279.6649995358
Hyundai Creta,2023,592192,57925,Electric,Trustmark Dealer,Automatic,First Owner,11.66,1698,120.29,213.33,5,748410.132746826
Skoda Rapid,2010,310110,70030,Electric,Trustmark Dealer,Manual,Third Owner,11.29,2351,57.99,320.73,7,439310.6597632741
Volkswagen Polo,2023,798107,73117,Diesel,Trustmark Dealer,Automatic,Second Owner,29.83,2384,71.88,275.25,5,962327.9029790694
Ford Ecosport,2015,780948,29049,LPG,Dealer,Automatic,First Owner,13.2,2987,78.25,163.96,4,1066642.4813008227
Mahindra XUV500,2023,575197,63353,LPG,Trustmark Dealer,Automatic,First Owner,19.87,2054,186.5,344.23,7,668318.7958760988
Toyota Innova,2018,976586,176531,LPG,Trustmark Dealer,Automatic,Third Owner,34.01,1406,125.27,140.03,5,1163300.053915806
Hyundai i20,2007,274743,99592,Electric,Trustmark Dealer,Manual,First Owner,30.88,2195,97.5,188.11,5,348443.3832053187
Tata Nexon,2013,50000,127153,LPG,Individual,Automatic,Second Owner,14.06,2493,97.06,232.01,4,57095.04672237454
Mahindra XUV500,2023,517221,185133,Electric,Individual,Automatic,Second Owner,29.64,2205,141.03,243.76,6,755697.793270965
Maruti Swift,2006,463989,156425,Diesel,Dealer,Automatic,Fourth & Above Owner,27.59,1506,135.17,324.31,7,686606.036987065
Kia Seltos,2015,479239,26638,LPG,Trustmark Dealer,Automatic,Second Owner,18.22,1638,97.03,219.11,7,609844.1171388176
Hyundai i20,2022,964402,148430,LPG,Trustmark Dealer,Manual,Second Owner,26.57,2289,199.39,233.62,6,1397695.6989113295
Skoda Rapid,2013,934753,127980,Electric,Dealer,Automatic,Third Owner,32.23,2731,128.99,308.46,4,1153709.9138592945
Skoda Rapid,2019,1195605,130252,Petrol,Dealer,Manual,Third Owner,27.32,2840,150.55,256.69,4,1644806.9844282444
Skoda Rapid,2022,702849,88999,Electric,Dealer,Automatic,Third Owner,10.09,2974,182.59,285.28,4,871692.716456464
Skoda Rapid,2021,1419539,142481,Diesel,Dealer,Automatic,Third Owner,13.9,1890,108.58,193.87,4,1838290.47201218
Renault Duster,2021,1273596,154492,Diesel,Individual,Manual,Second Owner,29.49,2162,135.75,288.52,7,1630402.359459973
Maruti Baleno,2006,522374,185103,CNG,Dealer,Manual,First Owner,28.23,2624,85.99,192.01,7,713167.8523262864
Kia Seltos,2010,593680,105832,CNG,Individual,Manual,Third Owner,25.3,1124,114.44,232.87,7,836374.2836464649
Hyundai i20,2010,748417,93591,Electric,Individual,Automatic,Fourth & Above Owner,22.34,1289,160.72,213.79,5,824975.4826933838
Ford Ecosport,2015,255118,32402,CNG,Individual,Automatic,Third Owner,12.51,2823,112.86,221.24,4,339284.9153467441
Mahindra XUV500,2010,1073238,132087,CNG,Individual,Manual,Fourth & Above Owner,13.56,1393,103.62,285.15,7,1266294.0126030138
Hyundai i20,2014,596655,9921,Electric,Dealer,Manual,Second Owner,21.82,1802,88.9,130.13,6,696760.8955127712
Maruti Baleno,2017,320786,138414,CNG,Dealer,Automatic,Fourth & Above Owner,22.79,1041,195.84,320.45,7,386447.0650387391
Maruti Baleno,2015,50000,151306,Electric,Trustmark Dealer,Manual,Third Owner,27.12,2748,99.25,348.34,7,72008.95831561109
Volkswagen Polo,2006,948120,122494,Electric,Trustmark Dealer,Manual,Second Owner,11.85,1561,125.64,345.03,4,1127793.4306092064
Volkswagen Polo,2018,1325872,49164,Electric,Trustmark Dealer,Manual,Third Owner,34.06,2551,148.3,267.44,7,1728472.8867976535
Ford Ecosport,2014,528626,59147,LPG,Dealer,Manual,Second Owner,21.77,852,193.17,203.12,7,739224.5572462528
Kia Seltos,2017,1287436,117484,Diesel,Dealer,Manual,Fourth & Above Owner,23.67,1652,120.06,98.25,7,1642089.0341721978
Volkswagen Polo,2005,862445,92810,Electric,Trustmark Dealer,Automatic,Second Owner,13.74,1542,191.25,219.21,6,1113112.7276133415
Toyota Innova,2006,792970,199506,Diesel,Individual,Manual,Fourth & Above Owner,30.69,2263,100.71,113.96,4,920983.8668741264
Renault Duster,2008,935334,63634,Diesel,Dealer,Automatic,Second Owner,13.63,2447,148.4,341.24,6,1322688.791592987
Hyundai i20,2018,884719,130013,LPG,Dealer,Manual,First Owner,27.34,1446,155.01,270.84,7,1151741.8557525298
Hyundai i20,2017,694125,183903,LPG,Dealer,Manual,Fourth & Above Owner,21.36,1693,58.57,335.13,6,1018485.1536339466
Ford Ecosport,2017,1124751,136360,Diesel,Dealer,Manual,Third Owner,20.74,2843,183.94,126.44,7,1258294.179799948
Hyundai i20,2006,50000,81623,Diesel,Trustmark Dealer,Manual,Second Owner,14.18,2919,191.9,175.73,7,68725.15761488541
Kia Seltos,2006,366373,57381,LPG,Individual,Manual,Second Owner,18.52,2733,184.64,341.57,4,491738.1384354613
Skoda Rapid,2006,62612,43037,Diesel,Trustmark Dealer,Manual,First Owner,28.0,2060,85.58,335.59,7,69327.78742654072
Kia Seltos,2013,727180,127786,CNG,Dealer,Automatic,Fourth & Above Owner,29.2,1467,191.25,122.36,6,942838.2101837012
Kia Seltos,2020,814320,92706,Electric,Trustmark Dealer,Manual,Second Owner,14.44,2672,152.7,107.55,4,1181541.0121575142
Mahindra XUV500,2013,1246833,199466,CNG,Trustmark Dealer,Automatic,Second Owner,12.9,957,167.25,231.81,6,1762893.3358466842
Skoda Rapid,2021,925874,40061,Petrol,Individual,Manual,First Owner,17.44,2418,112.84,342.4,5,1021205.2401130222
Toyota Innova,2014,1090540,83084,Electric,Individual,Manual,First Owner,29.91,1521,126.51,263.14,4,1406236.3047906114
Kia Seltos,2011,740433,111872,Petrol,Dealer,Automatic,First Owner,24.67,2096,127.85,252.58,6,897883.374589065
Maruti Swift,2022,364653,158036,CNG,Trustmark Dealer,Manual,Fourth & Above Owner,30.78,1365,75.17,134.91,5,536053.6466344345
Maruti Baleno,2021,754231,142046,Electric,Dealer,Automatic,First Owner,16.98,1314,150.44,172.62,5,925393.8495697136
Tata Nexon,2015,1072981,149659,Electric,Trustmark Dealer,Manual,Second Owner,31.67,1127,151.54,274.24,5,1184245.623823127
Maruti Baleno,2018,259081,105810,LPG,Trustmark Dealer,Automatic,Fourth & Above Owner,10.97,1220,160.11,250.5,5,371213.006889322
Tata Nexon,2023,453760,148051,Diesel,Dealer,Manual,First Owner,11.41,2381,60.03,96.28,5,595446.2794142083
Hyundai i20,2012,1175125,119029,LPG,Individual,Automatic,First Owner,34.42,2372,105.51,339.39,7,1329659.561829914
Toyota Innova,2020,569241,13130,Diesel,Trustmark Dealer,Automatic,Third Owner,20.13,1472,139.03,160.48,7,714534.4521932241
Ford Ecosport,2021,294081,140008,Diesel,Individual,Automatic,First Owner,18.68,1197,86.59,165.47,4,428665.5537471027
Maruti Baleno,2017,883305,8986,LPG,Dealer,Manual,Second Owner,10.73,1216,115.01,272.83,5,1281031.6994219625
Hyundai Creta,2023,1392531,48289,LPG,Trustmark Dealer,Automatic,Fourth & Above Owner,29.35,885,109.52,152.32,7,1777883.844977734
Maruti Baleno,2014,521922,173367,LPG,Individual,Automatic,Second Owner,20.71,1290,129.94,339.96,7,714640.340608701
Toyota Innova,2014,981545,115861,LPG,Dealer,Manual,Second Owner,20.28,2968,110.55,298.93,4,1085014.99933309
Maruti Swift,2019,78375,99105,Diesel,Dealer,Manual,Third Owner,35.0,2608,95.31,264.97,5,98887.97352471326
Hyundai i20,2008,1042035,135732,Petrol,Individual,Manual,Third Owner,22.31,806,181.48,296.22,7,1151500.4090464802
Hyundai i20,2012,762177,7213,CNG,Trustmark Dealer,Manual,Fourth & Above Owner,17.63,2155,111.5,109.47,7,993246.003068256
Hyundai i20,2017,1032112,166737,Electric,Individual,Manual,Second Owner,27.88,2482,132.74,205.79,6,1404077.540065687
Hyundai i20,2016,361231,87515,Diesel,Trustmark Dealer,Manual,Second Owner,22.27,972,160.1,220.07,4,479890.5935138663
Hyundai Creta,2017,321646,35207,Diesel,Trustmark Dealer,Automatic,Second Owner,12.54,1241,53.5,116.72,7,426054.7638454507
Maruti Swift,2020,161714,171750,Petrol,Dealer,Manual,Fourth & Above Owner,26.67,1638,183.55,253.49,4,190532.10928352244
Honda City,2022,667048,51276,LPG,Trustmark Dealer,Automatic,Third Owner,23.83,1617,110.68,232.06,5,860881.8232292448
Volkswagen Polo,2006,489782,70497,Electric,Trustmark Dealer,Automatic,Third Owner,32.86,811,60.91,318.16,4,599620.8170207253
Kia Seltos,2010,375416,76769,Diesel,Trustmark Dealer,Manual,Second Owner,33.56,1211,169.3,120.73,5,479179.7898293689
Skoda Rapid,2011,886923,118150,Petrol,Dealer,Manual,First Owner,16.6,1592,180.41,322.28,7,1239910.0043892062
Mahindra XUV500,2018,50000,194521,Diesel,Individual,Manual,Third Owner,16.42,1588,149.13,211.0,7,71604.85132536176
Skoda Rapid,2008,554735,60734,Diesel,Dealer,Automatic,Fourth & Above Owner,32.69,2928,111.37,264.48,5,747332.9455154068
Hyundai i20,2021,1185245,99101,CNG,Trustmark Dealer,Manual,Second Owner,23.69,2480,181.75,251.72,4,1534189.3857924198
Ford Ecosport,2016,84426,34266,Electric,Dealer,Manual,Third Owner,16.89,964,55.09,99.27,6,117060.14887300396
Skoda Rapid,2015,784359,20987,Electric,Dealer,Automatic,First Owner,34.1,1508,75.64,250.46,6,989341.4881138452
Volkswagen Polo,2018,341393,144709,LPG,Individual,Automatic,Second Owner,21.63,1478,173.42,139.76,7,436685.5904513781
Hyundai i20,2008,972528,101834,CNG,Trustmark Dealer,Manual,Fourth & Above Owner,25.82,2418,108.2,125.24,4,1135336.609266189
Skoda Rapid,2010,329172,168004,Diesel,Dealer,Manual,Fourth & Above Owner,16.23,2760,74.15,176.81,5,444167.49069808336
Hyundai i20,2010,256925,90804,Electric,Trustmark Dealer,Automatic,Third Owner,33.4,2100,84.2,200.6,4,322538.7521330521
Honda City,2021,1392684,30176,CNG,Trustmark Dealer,Automatic,Fourth & Above Owner,22.15,835,159.73,219.31,4,1882881.593472364
Skoda Rapid,2008,50000,26011,Electric,Individual,Automatic,Second Owner,17.37,2367,87.15,201.2,6,63683.94407709302
Maruti Baleno,2015,1145456,187627,LPG,Dealer,Automatic,Fourth & Above Owner,13.76,1923,96.63,198.63,6,1581947.9255887312
Tata Nexon,2007,50000,39243,LPG,Trustmark Dealer,Automatic,Second Owner,10.88,2748,126.46,332.93,7,68823.81544421254
Ford Ecosport,2006,737688,27127,CNG,Trustmark Dealer,Automatic,Fourth & Above Owner,23.17,2861,178.49,234.72,5,1090821.778960563
Toyota Innova,2010,1236682,155047,LPG,Individual,Manual,Third Owner,29.9,2017,179.5,291.43,4,1854198.4917898804
Skoda Rapid,2020,1359406,80790,LPG,Dealer,Manual,Fourth & Above Owner,21.55,1016,69.6,121.45,6,1501370.0275170377
Hyundai i20,2005,222282,194157,Electric,Dealer,Manual,Third Owner,12.95,1600,66.45,226.54,5,294120.0629269843
Skoda Rapid,2005,587010,170829,Electric,Trustmark Dealer,Automatic,Fourth & Above Owner,17.24,1008,82.08,166.81,7,696187.4898664257
Skoda Rapid,2017,975360,31577,Diesel,Trustmark Dealer,Manual,Second Owner,23.38,2200,161.96,217.76,4,1382727.1768247576
Mahindra XUV500,2010,215497,194473,CNG,Individual,Manual,Third Owner,10.35,1274,175.52,256.76,4,266530.6238786545
Hyundai Creta,2005,398104,68982,Petrol,Dealer,Manual,First Owner,29.58,1500,188.5,124.94,4,469015.3057882216
Hyundai i20,2013,514954,184394,Electric,Dealer,Automatic,Third Owner,26.61,2484,128.24,242.65,5,759775.8577915203
Kia Seltos,2008,50000,40969,Petrol,Individual,Automatic,Third Owner,16.5,1894,199.81,234.22,5,64801.60321720443
Skoda Rapid,2015,218159,152790,Petrol,Dealer,Automatic,Third Owner,34.8,2571,85.78,138.03,7,306147.1966886025
Maruti Swift,2016,1108163,23662,Diesel,Dealer,Manual,Second Owner,30.62,1490,110.79,110.55,6,1257791.3133332762
Renault Duster,2005,894924,190552,Electric,Individual,Automatic,Second Owner,21.18,1083,55.34,186.37,7,1144663.0422009598
Volkswagen Polo,2022,689346,121729,LPG,Trustmark Dealer,Automatic,Second Owner,30.7,1954,62.28,315.91,4,970866.4725548972
Renault Duster,2021,1055887,83036,Diesel,Individual,Automatic,First Owner,11.47,998,115.72,209.4,6,1402695.6411877037
Skoda Rapid,2015,1194366,71272,LPG,Individual,Automatic,Fourth & Above Owner,22.9,1683,111.49,134.13,5,1568315.3995753229
Maruti Baleno,2008,139504,192644,Petrol,Individual,Manual,Third Owner,26.23,2414,126.84,327.24,6,192543.7960409448
Tata Nexon,2006,50000,102609,Electric,Dealer,Automatic,First Owner,33.56,939,90.8,98.98,4,69284.36073461818
Skoda Rapid,2010,334355,117673,Diesel,Trustmark Dealer,Automatic,First Owner,21.22,2213,57.93,258.57,5,437172.43602995295
Skoda Rapid,2015,737524,51189,Electric,Trustmark Dealer,Manual,First Owner,31.54,1792,156.2,177.45,4,1097349.096722963
Skoda Rapid,2009,1123245,45520,Electric,Individual,Manual,Second Owner,31.51,2242,103.65,276.94,7,1631260.59765221
Hyundai Creta,2007,802130,69429,Electric,Individual,Automatic,Third Owner,17.39,2515,197.94,299.45,5,1054209.007274168
Volkswagen Polo,2018,645293,131093,CNG,Trustmark Dealer,Manual,First Owner,21.48,1649,67.9,99.97,5,725475.3395016559
Hyundai Creta,2016,929289,184969,Electric,Trustmark Dealer,Automatic,Second Owner,15.16,1665,102.04,105.99,6,1263424.6628997896
Renault Duster,2012,284907,180007,Petrol,Trustmark Dealer,Automatic,Fourth & Above Owner,18.09,1511,57.65,143.56,4,374135.8653506055
Kia Seltos,2012,619860,163618,Petrol,Individual,Manual,Third Owner,16.34,1811,77.05,302.04,6,828020.3109437922
Kia Seltos,2022,1324711,188139,CNG,Dealer,Automatic,First Owner,18.8,1982,188.98,317.94,6,1927879.0195077327
Volkswagen Polo,2016,936866,137970,LPG,Dealer,Automatic,First Owner,28.68,2265,134.59,317.0,5,1299836.1833913722
Maruti Baleno,2019,469311,94873,CNG,Trustmark Dealer,Automatic,Second Owner,25.21,1294,93.67,249.71,7,585001.7627197802
Toyota Innova,2009,944071,13002,LPG,Dealer,Automatic,Second Owner,33.35,1511,109.34,210.24,4,1084654.3948727474
Volkswagen Polo,2020,347004,94090,CNG,Trustmark Dealer,Manual,Third Owner,23.87,2313,50.36,137.37,5,483797.92602029984
Mahindra XUV500,2023,165951,183459,LPG,Individual,Manual,Third Owner,13.26,857,156.03,117.59,4,184306.0740333736
Hyundai Creta,2016,868263,9298,LPG,Dealer,Automatic,Second Owner,31.35,1470,125.41,96.7,4,1166870.3133022485
Kia Seltos,2019,279140,29114,Electric,Individual,Automatic,Fourth & Above Owner,26.79,2081,198.19,154.31,5,384454.7887839788
Ford Ecosport,2006,318171,15470,LPG,Individual,Automatic,Second Owner,33.67,862,60.09,281.1,7,408971.7993068264
Volkswagen Polo,2009,266534,115969,Electric,Dealer,Manual,Fourth & Above Owner,12.47,2312,57.39,206.17,5,293818.1310110457
Ford Ecosport,2013,273351,27041,CNG,Trustmark Dealer,Manual,Second Owner,21.63,898,184.98,165.06,6,322323.8770445757
Kia Seltos,2010,733596,48783,Petrol,Trustmark Dealer,Automatic,Fourth & Above Owner,29.21,1957,118.76,250.29,4,1017227.9494530885
Skoda Rapid,2023,550592,190504,Diesel,Trustmark Dealer,Manual,Fourth & Above Owner,23.0,2417,124.44,309.91,7,605916.91377015
Kia Seltos,2017,92758,38146,CNG,Trustmark Dealer,Manual,Second Owner,19.28,2291,75.68,329.68,7,107130.21051894508
Skoda Rapid,2007,995971,69877,CNG,Individual,Manual,Second Owner,14.32,2345,67.52,259.18,5,1143545.7030076084
Kia Seltos,2015,1103110,98529,LPG,Individual,Automatic,First Owner,27.03,1183,195.96,244.87,5,1540104.436328605
Toyota Innova,2022,948097,45191,Electric,Individual,Manual,Fourth & Above Owner,18.41,2811,155.92,329.61,4,1139941.2108690292
Honda City,2022,795848,133006,LPG,Dealer,Automatic,Third Owner,30.42,1861,179.63,341.85,4,1044153.3375864596
Skoda Rapid,2017,1290188,50918,Petrol,Trustmark Dealer,Manual,First Owner,14.45,991,189.04,190.08,6,1680532.9526631234
Maruti Swift,2012,1051557,165669,Diesel,Individual,Manual,First Owner,31.0,2702,102.42,200.3,4,1349681.445083748
Maruti Swift,2012,1221278,146968,CNG,Individual,Automatic,Third Owner,28.44,1516,111.28,219.78,6,1549742.859449122
Volkswagen Polo,2009,543318,186617,Petrol,Individual,Manual,Third Owner,31.06,1416,94.55,223.61,7,617384.55194289
Hyundai Creta,2020,766842,90581,Petrol,Trustmark Dealer,Automatic,Second Owner,11.34,1724,80.36,105.77,6,960123.1750844952
Honda City,2016,412324,84837,LPG,Individual,Manual,Fourth & Above Owner,15.97,875,60.93,245.07,6,568801.6304167145
Maruti Swift,2019,588995,92158,LPG,Trustmark Dealer,Automatic,Second Owner,16.94,1196,81.36,314.03,4,874796.1685478188
Maruti Swift,2007,908938,143505,Petrol,Trustmark Dealer,Automatic,Third Owner,25.76,1401,123.96,235.03,7,1191856.1756432992
Honda City,2007,50000,67668,CNG,Dealer,Automatic,First Owner,33.13,2885,174.43,254.22,4,60692.80218946941
Mahindra XUV500,2016,523214,125357,LPG,Dealer,Manual,Fourth & Above Owner,12.63,838,164.16,120.42,7,605560.0464083881
Maruti Baleno,2007,315544,153453,CNG,Individual,Manual,First Owner,26.07,2825,99.1,318.63,6,350010.353852301
Hyundai i20,2015,1222148,182117,Electric,Trustmark Dealer,Automatic,Third Owner,32.17,1596,61.38,219.07,7,1705509.1732061158
Hyundai Creta,2010,332519,31979,Petrol,Trustmark Dealer,Automatic,Fourth & Above Owner,22.23,1973,89.74,232.84,4,412163.42765670095
Kia Seltos,2019,650088,108108,Petrol,Individual,Automatic,Third Owner,26.79,2383,174.43,207.08,5,741459.202706321
Honda City,2020,91850,126988,Diesel,Dealer,Manual,Fourth & Above Owner,31.14,2475,87.44,234.24,5,122297.35386742697
Maruti Swift,2020,722065,173989,Petrol,Dealer,Automatic,Fourth & Above Owner,13.78,1425,104.56,179.71,5,1008556.1318848456
Ford Ecosport,2005,836557,62640,Petrol,Individual,Automatic,Third Owner,28.14,2115,70.27,105.61,7,1136529.259077011
Hyundai i20,2021,704858,65395,Petrol,Individual,Automatic,Second Owner,18.2,940,57.41,308.22,5,857806.5012194061
Maruti Baleno,2016,1096200,169641,LPG,Individual,Manual,Third Owner,12.75,2969,115.31,346.23,6,1424216.38759301
Mahindra XUV500,2018,50000,119472,Electric,Dealer,Automatic,Third Owner,22.93,1156,159.32,281.56,7,66044.41254534113
Honda City,2018,407780,114130,LPG,Individual,Manual,Second Owner,11.49,1565,130.41,296.83,6,487162.91611517296
Maruti Baleno,2019,782095,199048,Diesel,Trustmark Dealer,Automatic,Third Owner,17.89,910,187.88,345.93,5,949963.895451971
Mahindra XUV500,2016,1255178,77001,Petrol,Dealer,Manual,Fourth & Above Owner,16.58,1701,84.37,106.1,4,1654282.8913554011
Maruti Baleno,2021,1140479,83194,LPG,Trustmark Dealer,Automatic,Second Owner,29.89,2994,100.45,206.38,4,1640629.4887866362
Hyundai i20,2015,1082594,16621,CNG,Dealer,Manual,Third Owner,27.39,809,50.71,258.21,6,1200216.95503368
Kia Seltos,2019,589356,174789,LPG,Trustmark Dealer,Manual,Second Owner,10.01,1905,75.28,119.7,5,797880.2526701984
Maruti Swift,2012,50000,79018,Petrol,Trustmark Dealer,Automatic,Fourth & Above Owner,19.36,1371,198.26,171.47,4,57098.26387564392
Tata Nexon,2005,213519,143420,LPG,Individual,Automatic,Third Owner,24.3,1873,149.6,199.83,6,271148.303085773
Hyundai Creta,2014,50000,198775,LPG,Trustmark Dealer,Automatic,First Owner,24.0,1593,174.3,333.01,5,73883.5300491895
Skoda Rapid,2010,719847,62318,Diesel,Individual,Manual,Second Owner,22.35,2328,148.22,111.28,5,807787.1274148059
Toyota Innova,2019,88590,171397,Diesel,Individual,Manual,Fourth & Above Owner,29.94,1007,102.46,314.07,5,105121.54535107422
Maruti Swift,2006,50000,11593,Petrol,Trustmark Dealer,Automatic,Second Owner,33.04,2201,67.75,345.88,4,55907.36862091204
Renault Duster,2005,599755,105450,LPG,Dealer,Automatic,Fourth & Above Owner,31.65,2750,63.51,95.86,4,667586.1749310195
Mahindra XUV500,2016,100741,94971,LPG,Dealer,Manual,Second Owner,25.54,2521,118.24,193.23,5,114575.25294521348
Skoda Rapid,2007,568679,193603,Petrol,Dealer,Manual,Fourth & Above Owner,30.81,1952,51.65,203.93,5,786468.7357355725
Hyundai i20,2012,584619,132250,Diesel,Dealer,Manual,Fourth & Above Owner,28.69,2518,137.52,345.9,7,811193.7747204839
Hyundai i20,2016,1321580,97321,CNG,Dealer,Automatic,Second Owner,12.96,1964,101.34,151.51,6,1760801.2466032866
Tata Nexon,2009,825350,57992,Electric,Trustmark Dealer,Manual,Second Owner,28.3,2354,143.59,305.77,7,1177914.129234816
Volkswagen Polo,2014,900578,50095,CNG,Trustmark Dealer,Manual,Fourth & Above Owner,19.08,2723,73.8,203.7,5,1125254.431813856
Volkswagen Polo,2015,1110593,175724,CNG,Trustmark Dealer,Manual,Second Owner,20.97,1207,97.82,152.06,5,1651572.66161441
Toyota Innova,2023,1280444,63737,LPG,Individual,Manual,Third Owner,15.42,2757,161.04,339.16,5,1781012.414522919
Kia Seltos,2021,1027142,26738,Petrol,Trustmark Dealer,Manual,Second Owner,26.91,1142,172.6,180.23,7,1331203.2405952625
Hyundai i20,2017,1104072,50102,Petrol,Trustmark Dealer,Manual,Second Owner,24.07,2702,83.46,228.46,6,1543398.3854632266
Maruti Baleno,2020,140753,66921,Petrol,Dealer,Automatic,Fourth & Above Owner,14.19,2955,85.75,253.43,7,157718.94265696875
Volkswagen Polo,2006,527634,164661,Diesel,Trustmark Dealer,Manual,First Owner,10.95,2862,160.68,331.73,4,746370.4900551293
Tata Nexon,2017,663263,65448,LPG,Trustmark Dealer,Manual,First Owner,24.6,999,167.63,178.5,4,934753.5045021845
Tata Nexon,2020,620999,113557,CNG,Trustmark Dealer,Automatic,Fourth & Above Owner,23.55,1613,198.12,110.37,4,890347.4116194668
Toyota Innova,2007,319886,113612,LPG,Individual,Manual,Second Owner,17.15,1149,167.02,112.98,7,446062.2425807343
Ford Ecosport,2021,601101,152480,Diesel,Individual,Automatic,Second Owner,20.94,1769,60.3,155.44,7,840637.5315005746
Hyundai Creta,2016,339744,81338,CNG,Dealer,Manual,Second Owner,22.05,1635,186.88,109.35,7,474021.9244209295
Tata Nexon,2011,934005,187541,Petrol,Individual,Automatic,First Owner,14.91,1087,167.82,343.45,5,1084296.5148580149
Honda City,2019,195728,64578,Diesel,Trustmark Dealer,Automatic,Fourth & Above Owner,29.07,2159,166.21,153.94,4,254732.74693663092
Honda City,2023,377240,128017,Electric,Individual,Automatic,Second Owner,25.41,2855,129.26,260.66,5,486489.0146072275
Renault Duster,2016,92438,64681,Electric,Dealer,Automatic,Second Owner,20.94,1416,170.84,174.27,5,110765.5546726092
Hyundai Creta,2018,723410,167503,Electric,Trustmark Dealer,Manual,Fourth & Above Owner,10.12,2957,138.38,167.71,5,998477.228057633
Toyota Innova,2016,919862,140323,LPG,Individual,Automatic,Third Owner,18.43,1813,199.48,156.64,6,1197788.4158619908
Mahindra XUV500,2023,1441380,141435,Petrol,Dealer,Manual,Fourth & Above Owner,24.96,1365,76.35,257.69,5,2115251.8988492745
Maruti Swift,2012,363990,138615,CNG,Trustmark Dealer,Manual,Fourth & Above Owner,32.14,1820,150.25,246.31,5,519074.8467734293
Kia Seltos,2013,1037428,161317,CNG,Dealer,Automatic,Fourth & Above Owner,12.81,1450,72.21,290.39,6,1378724.7828031888
Kia Seltos,2016,590631,187054,Petrol,Trustmark Dealer,Automatic,Fourth & Above Owner,33.75,1022,78.85,272.46,4,796155.6348114834
Skoda Rapid,2016,268538,116402,Petrol,Trustmark Dealer,Automatic,Fourth & Above Owner,24.42,2869,59.63,230.31,5,365235.9410412982
Renault Duster,2011,338613,168408,Electric,Individual,Manual,Second Owner,28.54,1162,191.65,148.09,6,423086.5624141369
Renault Duster,2015,1110386,101859,Electric,Dealer,Manual,First Owner,34.16,2208,166.44,221.6,5,1561406.662958945
Hyundai i20,2020,820094,184529,CNG,Trustmark Dealer,Automatic,Second Owner,25.78,1462,184.52,128.07,5,1060433.9871887572
Maruti Swift,2015,1076176,12470,CNG,Dealer,Automatic,First Owner,12.59,1140,85.73,314.18,7,1329736.852596723
Maruti Swift,2007,359356,146768,LPG,Trustmark Dealer,Manual,First Owner,14.35,2822,144.36,202.77,5,478429.6303541437
Ford Ecosport,2016,909260,17473,LPG,Individual,Manual,Fourth & Above Owner,14.98,1135,164.08,222.64,6,1064485.2132378663
Maruti Baleno,2015,50000,8209,LPG,Dealer,Manual,Third Owner,30.61,1102,196.65,185.26,6,60555.63153868774
Hyundai i20,2016,599691,146865,CNG,Dealer,Manual,First Owner,24.93,930,79.74,108.43,6,892333.3386848042
Maruti Baleno,2011,249802,8383,Electric,Trustmark Dealer,Automatic,Fourth & Above Owner,22.33,1737,194.95,310.49,4,346335.9995703459
Maruti Swift,2006,480377,75738,Diesel,Dealer,Automatic,First Owner,32.99,1273,121.97,115.92,6,550494.3495843642
Mahindra XUV500,2008,50000,37609,CNG,Dealer,Manual,First Owner,11.26,1190,190.21,304.02,4,59738.866927145296
Hyundai Creta,2012,241050,20773,Diesel,Trustmark Dealer,Automatic,Fourth & Above Owner,11.94,2188,112.62,90.56,7,303537.34479705954
Volkswagen Polo,2021,110110,60246,Diesel,Individual,Manual,Third Owner,23.03,2933,132.03,158.68,5,156252.7796273674
Tata Nexon,2011,490165,104111,CNG,Individual,Automatic,Third Owner,33.94,938,144.52,216.64,4,571775.9237422325
Volkswagen Polo,2012,240596,188702,LPG,Trustmark Dealer,Manual,Second Owner,25.83,2752,160.5,250.68,5,269469.4649680077
Ford Ecosport,2013,181091,126209,LPG,Trustmark Dealer,Automatic,Second Owner,28.91,2253,147.31,99.25,4,262300.222549797
Maruti Swift,2023,1081866,164739,Electric,Dealer,Manual,Fourth & Above Owner,13.45,2379,148.28,279.33,7,1435146.8848525938
Kia Seltos,2013,1046181,142249,Electric,Trustmark Dealer,Manual,Second Owner,31.04,2887,95.93,182.92,5,1435368.0546603114
Ford Ecosport,2005,50000,100966,LPG,Individual,Automatic,Third Owner,11.25,1822,128.37,209.84,7,69648.56658313457
Hyundai i20,2008,50000,168244,Petrol,Individual,Automatic,Third Owner,28.57,1497,94.49,154.73,5,63116.79869430993
Honda City,2019,1255173,69653,Diesel,Dealer,Manual,Third Owner,11.14,1183,142.06,274.65,6,1808326.9841667777
Maruti Swift,2016,263280,52628,Petrol,Dealer,Manual,Second Owner,19.27,1906,138.95,281.48,5,370913.3737748377
Hyundai Creta,2013,221038,169950,Electric,Individual,Automatic,First Owner,19.36,897,133.24,278.93,6,319907.13946457376
Maruti Baleno,2015,263625,199484,CNG,Trustmark Dealer,Manual,Third Owner,28.03,882,142.17,325.87,4,312035.24347880913
Mahindra XUV500,2008,1044165,122364,Electric,Dealer,Automatic,Second Owner,18.77,2393,192.41,265.9,5,1348652.3735045618
Kia Seltos,2007,364152,94255,LPG,Individual,Manual,Third Owner,29.29,1257,179.19,138.89,4,483910.98339878593
Maruti Swift,2012,509129,88982,Electric,Trustmark Dealer,Automatic,First Owner,24.94,2938,63.33,152.24,4,589449.3100654567
Toyota Innova,2021,224495,25703,Petrol,Individual,Manual,Fourth & Above Owner,26.48,1771,101.34,218.86,7,280544.0409521688
Maruti Swift,2013,1150944,27199,Petrol,Trustmark Dealer,Automatic,Fourth & Above Owner,31.57,1550,159.08,115.77,6,1524797.6416751854
Maruti Baleno,2014,1213528,80002,Diesel,Trustmark Dealer,Manual,Second Owner,13.54,2980,92.75,295.97,7,1805098.7932039849
Hyundai i20,2008,929238,35636,CNG,Trustmark Dealer,Automatic,First Owner,17.67,2828,172.55,328.54,6,1349968.3361711018
Skoda Rapid,2014,324232,178073,LPG,Individual,Automatic,Third Owner,34.71,1423,90.53,173.32,6,441121.153333453
Tata Nexon,2012,1230159,78544,CNG,Individual,Automatic,First Owner,16.47,2694,101.91,326.49,5,1706855.2593369128
Mahindra XUV500,2020,840251,21907,Diesel,Individual,Manual,Second Owner,33.93,2003,114.17,285.03,6,937526.5800443764
Kia Seltos,2010,702229,39455,CNG,Dealer,Automatic,Third Owner,11.45,2247,96.61,216.08,6,988128.7074212636
Toyota Innova,2012,50000,45004,Electric,Trustmark Dealer,Manual,Third Owner,15.32,827,102.59,157.73,5,73343.05174722988
Hyundai Creta,2021,1135874,80523,Diesel,Individual,Manual,First Owner,27.29,1133,164.6,189.97,5,1522732.9939142556
Ford Ecosport,2011,143074,56444,LPG,Individual,Automatic,Fourth & Above Owner,16.93,2341,136.43,287.12,7,166590.88357706546
Hyundai Creta,2006,50000,162584,Electric,Dealer,Manual,First Owner,22.3,2057,179.05,259.36,5,57109.05304858647
Kia Seltos,2011,926210,199277,CNG,Individual,Automatic,Second Owner,19.36,2211,108.75,256.14,6,1050587.5128461872
Hyundai i20,2022,414523,134507,LPG,Trustmark Dealer,Automatic,Fourth & Above Owner,34.58,1329,132.15,280.17,4,555076.1478580988
Ford Ecosport,2013,695208,155996,LPG,Individual,Automatic,First Owner,31.01,2604,74.96,157.3,7,1025680.6863994544
Hyundai i20,2007,50000,98077,LPG,Dealer,Manual,Second Owner,11.42,2342,89.57,150.41,6,59306.89491163472
Mahindra XUV500,2006,50000,107869,Petrol,Trustmark Dealer,Automatic,First Owner,31.61,2759,111.02,320.05,4,69649.09141398563
Skoda Rapid,2007,50000,24643,Electric,Individual,Automatic,First Owner,18.36,1781,151.88,160.66,6,56106.64704202669
Maruti Baleno,2019,50000,73103,LPG,Trustmark Dealer,Automatic,Second Owner,30.98,2763,103.27,169.39,5,55317.22767794412
Maruti Baleno,2005,863655,15757,Electric,Individual,Automatic,Fourth & Above Owner,17.93,2256,119.9,311.1,7,1248607.3706550885
Maruti Swift,2017,664176,175735,LPG,Trustmark Dealer,Manual,Third Owner,16.24,2133,172.11,185.75,5,976312.3978986256
Volkswagen Polo,2010,642137,9856,Diesel,Individual,Automatic,Fourth & Above Owner,24.36,2894,79.56,178.63,6,886129.7476674485
Kia Seltos,2008,507468,64225,LPG,Dealer,Automatic,Fourth & Above Owner,26.38,1803,195.95,344.82,7,759277.8813234034
Maruti Swift,2011,869316,19467,CNG,Individual,Automatic,First Owner,30.75,977,138.9,179.19,5,1286757.8037597127
Skoda Rapid,2023,1381042,196283,CNG,Individual,Automatic,Second Owner,29.52,1730,113.79,115.93,7,1700186.0663103769
Honda City,2019,410749,30258,CNG,Individual,Automatic,Third Owner,25.73,1712,178.29,320.82,7,581219.814393951
Toyota Innova,2019,698090,59776,Petrol,Dealer,Manual,First Owner,12.87,2369,109.95,164.98,4,925034.148541102
Mahindra XUV500,2018,305757,185121,CNG,Dealer,Manual,Second Owner,18.12,2965,53.94,223.59,6,437423.8759927615
Tata Nexon,2021,733793,40047,Diesel,Trustmark Dealer,Automatic,Fourth & Above Owner,15.7,2355,92.23,134.06,4,888898.8303735903
Maruti Baleno,2021,268320,165422,LPG,Individual,Manual,First Owner,33.24,1160,71.13,330.87,5,303779.50976490264
Toyota Innova,2014,521259,63973,Diesel,Dealer,Automatic,First Owner,31.04,1785,84.49,244.05,4,673802.5436882123
Maruti Baleno,2011,50000,125447,Petrol,Dealer,Automatic,Second Owner,13.51,2296,114.35,213.93,4,62767.433679523776
Skoda Rapid,2006,50000,137096,Electric,Individual,Manual,First Owner,27.24,1717,152.97,204.67,5,68731.83382980234
Skoda Rapid,2018,463525,57272,LPG,Individual,Automatic,Second Owner,30.45,2965,91.17,299.53,5,518695.85070451227
Kia Seltos,2008,624352,137430,LPG,Trustmark Dealer,Manual,Fourth & Above Owner,24.52,2338,72.42,154.25,7,755297.7405897544
Renault Duster,2008,723922,142404,Petrol,Trustmark Dealer,Automatic,Fourth & Above Owner,14.02,2335,188.43,242.05,6,911488.4967086344
Volkswagen Polo,2010,50000,183135,LPG,Trustmark Dealer,Manual,Second Owner,10.11,1787,129.7,336.87,6,65586.6508570734
Hyundai Creta,2021,329225,153266,Diesel,Dealer,Automatic,Third Owner,19.41,2232,132.09,236.55,5,416958.1944401824
Kia Seltos,2013,428408,138072,Electric,Individual,Automatic,Second Owner,16.26,2188,185.08,98.7,6,641133.6889050056
Toyota Innova,2023,601448,154783,Electric,Dealer,Manual,Fourth & Above Owner,14.51,2307,185.65,157.15,5,676234.3550339562
Skoda Rapid,2016,85715,131185,Petrol,Dealer,Automatic,Third Owner,11.3,2806,94.34,206.56,7,105678.68282527654
Hyundai i20,2019,330925,58600,CNG,Individual,Automatic,Third Owner,19.05,2282,164.64,129.84,5,438244.69341601885
Maruti Baleno,2019,822819,90115,LPG,Individual,Automatic,Fourth & Above Owner,22.28,1500,186.87,103.22,7,906570.1849527854
Maruti Swift,2019,1078235,165053,CNG,Dealer,Manual,Third Owner,31.35,2467,79.68,196.29,5,1427128.425339855
Volkswagen Polo,2020,1088891,144781,Electric,Trustmark Dealer,Manual,Third Owner,22.84,1838,154.95,341.77,4,1471330.653665366
Hyundai Creta,2009,816214,152982,Petrol,Dealer,Automatic,First Owner,11.3,1584,178.12,221.99,6,1096824.936416482
Volkswagen Polo,2006,734396,47471,CNG,Individual,Automatic,Third Owner,31.39,2386,79.14,265.89,5,989803.5608929244
Hyundai Creta,2013,1235108,72266,Electric,Dealer,Automatic,Fourth & Above Owner,13.58,1472,125.9,173.22,7,1455935.6940791216
Skoda Rapid,2020,423615,83019,Petrol,Trustmark Dealer,Manual,Second Owner,14.01,869,166.07,253.54,7,529434.9641818333
Mahindra XUV500,2012,507508,149066,Diesel,Trustmark Dealer,Automatic,Second Owner,12.18,2158,191.62,101.15,7,558508.9144595272
Tata Nexon,2012,50000,26047,Diesel,Dealer,Manual,Third Owner,29.34,2325,97.9,325.19,7,62774.07653572519
Hyundai Creta,2010,50000,10453,Electric,Individual,Manual,Fourth & Above Owner,29.79,2442,182.65,252.78,7,71218.74776602168
Renault Duster,2005,1087979,153288,CNG,Dealer,Automatic,Fourth & Above Owner,33.06,2464,85.62,176.41,5,1623588.61014766
Toyota Innova,2007,1120858,110603,LPG,Dealer,Manual,First Owner,20.29,2604,176.91,197.96,7,1346932.593497713
Skoda Rapid,2012,588284,152788,Diesel,Dealer,Manual,Second Owner,30.98,1390,105.17,187.29,7,692921.4694575543
Maruti Baleno,2020,574807,174876,LPG,Dealer,Automatic,Third Owner,31.16,1585,154.93,261.2,7,684540.7105101879
Mahindra XUV500,2008,1099605,131251,LPG,Individual,Manual,Second Owner,28.22,827,107.64,109.52,6,1458627.875467116
Toyota Innova,2018,1109296,109124,Diesel,Dealer,Manual,Third Owner,14.1,2914,60.01,291.27,6,1483940.4618370042
Kia Seltos,2023,445392,177890,Petrol,Trustmark Dealer,Automatic,Second Owner,21.02,1629,55.94,334.25,6,585324.9247024897
Tata Nexon,2020,269042,29149,LPG,Dealer,Automatic,Third Owner,22.67,1575,69.68,231.54,5,341688.16673847975
Hyundai Creta,2006,50000,126256,Diesel,Dealer,Automatic,First Owner,10.11,1502,166.89,283.95,5,57119.64664134671
Skoda Rapid,2020,1000568,123487,CNG,Trustmark Dealer,Automatic,First Owner,18.16,2528,118.91,169.44,7,1163191.5179964572
Renault Duster,2013,198640,97952,CNG,Dealer,Manual,Third Owner,19.44,1294,120.53,148.69,4,283002.83912952227
Tata Nexon,2013,74938,85663,Petrol,Individual,Automatic,Second Owner,23.2,2274,181.96,283.45,5,93391.5938997854
Hyundai i20,2014,773435,67265,Diesel,Individual,Manual,Fourth & Above Owner,23.37,2486,70.55,243.35,7,966816.0052367304
Hyundai i20,2010,326484,52767,Electric,Trustmark Dealer,Automatic,Third Owner,15.25,1386,172.31,229.78,6,411191.8523843107
Toyota Innova,2013,830945,162052,Electric,Individual,Manual,Second Owner,11.85,2311,56.78,287.29,6,1117173.3971521673
Mahindra XUV500,2018,1150752,7327,CNG,Individual,Manual,Third Owner,33.91,853,190.24,135.5,4,1355090.8284614112
Toyota Innova,2012,109271,198754,CNG,Trustmark Dealer,Manual,Second Owner,21.53,1513,148.81,311.46,4,159329.94078780053
Mahindra XUV500,2011,826320,61596,Electric,Dealer,Automatic,Fourth & Above Owner,14.39,1636,141.04,111.6,5,1016449.8213118888
Mahindra XUV500,2014,369337,22201,CNG,Dealer,Manual,First Owner,24.56,1301,81.88,277.54,6,541621.550519915
Mahindra XUV500,2021,1045675,144172,LPG,Dealer,Manual,First Owner,26.81,1363,161.51,248.35,5,1154103.7054651391
Renault Duster,2013,844022,132960,Electric,Individual,Automatic,Second Owner,11.51,1793,104.72,310.88,5,1079174.4822851536
Maruti Baleno,2007,829457,82739,LPG,Trustmark Dealer,Manual,First Owner,11.06,2262,81.22,249.16,7,1086722.7911971554
Honda City,2021,591700,87433,CNG,Individual,Manual,Fourth & Above Owner,34.56,2829,153.28,116.24,6,725630.0108215905
Toyota Innova,2020,717350,139936,Electric,Individual,Manual,First Owner,17.3,2526,116.77,206.0,7,963378.543909282
Hyundai Creta,2023,1065840,180720,LPG,Trustmark Dealer,Automatic,Third Owner,11.46,2158,148.97,325.45,7,1423755.4053189256
Renault Duster,2011,958989,13761,CNG,Dealer,Automatic,Second Owner,27.39,884,127.02,234.83,4,1151008.603956249
Kia Seltos,2022,877128,20517,CNG,Individual,Automatic,Fourth & Above Owner,26.29,1777,97.39,334.99,5,1064337.1363245435
Kia Seltos,2015,1177066,131350,Diesel,Individual,Automatic,Second Owner,32.91,1298,115.94,211.58,5,1367821.3660048798
Ford Ecosport,2012,508843,188879,Diesel,Individual,Manual,Third Owner,21.55,1114,190.76,182.31,5,633980.3946600468
Volkswagen Polo,2019,687407,49736,Electric,Individual,Automatic,Fourth & Above Owner,26.51,2191,76.63,93.13,4,806626.0043355495
Hyundai i20,2014,1077912,49572,Electric,Individual,Automatic,First Owner,22.29,833,152.04,293.52,7,1615112.64067707
Skoda Rapid,2020,830503,159674,CNG,Individual,Automatic,Third Owner,10.36,843,133.46,137.06,6,1168560.2863273416
Skoda Rapid,2022,487514,180962,LPG,Trustmark Dealer,Automatic,Fourth & Above Owner,30.44,2548,121.36,111.53,4,539608.0542448588
Ford Ecosport,2015,635624,54473,LPG,Trustmark Dealer,Automatic,Fourth & Above Owner,23.02,1730,167.31,142.95,5,831893.3369400898
Kia Seltos,2006,50000,176429,Diesel,Individual,Automatic,Third Owner,11.9,1044,155.36,128.81,4,62114.035560413606
Skoda Rapid,2010,243429,15425,Petrol,Individual,Automatic,Fourth & Above Owner,23.81,2876,87.76,181.0,6,315563.8768709558
Maruti Swift,2017,1162247,50083,CNG,Individual,Automatic,Fourth & Above Owner,19.41,2048,191.1,269.09,6,1594257.5562774718
Maruti Swift,2018,1267112,121232,Electric,Trustmark Dealer,Manual,First Owner,25.26,1849,151.92,267.55,4,1808864.1891924143
Ford Ecosport,2023,302269,124045,LPG,Trustmark Dealer,Automatic,Second Owner,15.41,2863,85.95,338.29,7,365529.2887238785
Skoda Rapid,2006,955035,122005,Diesel,Dealer,Manual,Fourth & Above Owner,10.79,1572,132.77,160.75,6,1052793.8828026543
Kia Seltos,2008,50000,196153,Petrol,Trustmark Dealer,Manual,Second Owner,22.34,1291,63.47,268.84,6,61337.15088803604
Skoda Rapid,2016,1188898,76830,Diesel,Dealer,Automatic,First Owner,24.69,2172,175.93,150.47,5,1539119.7797423012
Volkswagen Polo,2009,769818,186002,LPG,Dealer,Automatic,Third Owner,22.64,1275,114.2,213.64,5,1111018.1578938083
Hyundai Creta,2017,130380,78085,Electric,Trustmark Dealer,Manual,Fourth & Above Owner,24.44,2565,162.66,102.2,5,172902.2344600209
Honda City,2008,119411,88725,Diesel,Trustmark Dealer,Manual,Third Owner,23.78,2248,74.94,217.88,4,165872.35014543938
Hyundai i20,2011,1249228,92204,Diesel,Trustmark Dealer,Manual,Fourth & Above Owner,10.08,1462,164.61,196.5,6,1503670.0341933663
Skoda Rapid,2023,446505,195727,LPG,Individual,Manual,Fourth & Above Owner,28.46,2569,140.37,120.13,7,575266.1485868857
Mahindra XUV500,2010,131971,90106,LPG,Dealer,Automatic,Third Owner,18.25,1832,72.79,103.3,7,161691.07698287797
Honda City,2019,357074,79616,Petrol,Trustmark Dealer,Manual,First Owner,24.88,2781,53.9,267.28,7,433982.1311096319
Ford Ecosport,2005,125692,72987,LPG,Trustmark Dealer,Manual,Second Owner,16.75,1418,80.72,162.91,6,141031.41255994467
Mahindra XUV500,2014,992409,124897,Diesel,Trustmark Dealer,Automatic,First Owner,27.54,1731,137.34,328.13,5,1316645.299541053
Kia Seltos,2021,1317624,125107,CNG,Individual,Automatic,Second Owner,32.52,2077,72.44,97.53,5,1667498.9365319505
Honda City,2017,88656,162189,Diesel,Individual,Manual,Third Owner,31.72,2738,157.94,237.05,6,99310.64911142712
Maruti Baleno,2018,166835,195023,CNG,Individual,Automatic,Second Owner,14.38,2866,59.95,135.13,6,205755.67886180087
Mahindra XUV500,2018,981991,157303,Electric,Dealer,Automatic,First Owner,34.41,1670,137.56,239.48,7,1340401.8777405894
Renault Duster,2008,748934,109047,Petrol,Trustmark Dealer,Manual,First Owner,19.26,2761,159.32,166.59,6,904779.3583177226
Hyundai Creta,2018,641578,109350,CNG,Dealer,Manual,Third Owner,11.92,1658,112.12,157.5,4,943343.8116338352
Skoda Rapid,2007,765724,154097,Diesel,Dealer,Manual,First Owner,18.42,1707,94.25,100.93,5,882681.7484749346
Volkswagen Polo,2013,79319,68746,CNG,Trustmark Dealer,Automatic,Second Owner,31.12,2929,187.25,230.42,7,113784.21614871896
Toyota Innova,2010,66626,166868,Electric,Individual,Automatic,Fourth & Above Owner,30.1,1030,140.09,158.35,6,78672.59515345628
Maruti Swift,2017,613953,99953,Diesel,Trustmark Dealer,Automatic,Fourth & Above Owner,17.11,2131,95.85,199.12,5,890812.1394933509
Tata Nexon,2012,901500,45300,Diesel,Trustmark Dealer,Automatic,Fourth & Above Owner,15.26,2031,192.17,331.55,5,1176772.3778640106
Renault Duster,2021,874945,95415,LPG,Dealer,Manual,Fourth & Above Owner,30.58,1932,160.8,214.51,7,1181381.3352483192
Toyota Innova,2014,606926,92906,Electric,Individual,Manual,Second Owner,18.3,2319,122.69,145.23,5,685999.069023887
Renault Duster,2022,388941,52795,Petrol,Individual,Automatic,Fourth & Above Owner,15.79,2463,166.37,345.17,7,577501.1078182345
Honda City,2012,1106778,115813,LPG,Trustmark Dealer,Manual,Fourth & Above Owner,28.02,1848,156.34,259.21,5,1550761.307508404
Renault Duster,2014,160356,55101,Electric,Dealer,Automatic,Fourth & Above Owner,17.65,2194,172.87,311.42,4,236032.13058524503
Mahindra XUV500,2023,857505,65855,Diesel,Individual,Automatic,Second Owner,34.11,2457,113.88,253.32,4,987958.5632798166
Hyundai Creta,2005,50000,105023,CNG,Dealer,Manual,Fourth & Above Owner,24.76,1580,87.83,212.29,7,61508.79238018323
Honda City,2006,83612,49140,Diesel,Trustmark Dealer,Manual,First Owner,30.58,2739,140.64,216.79,4,97219.83153538583
Tata Nexon,2010,303815,75448,CNG,Dealer,Automatic,Third Owner,16.61,2099,78.97,113.28,4,406059.2926899432
Hyundai Creta,2008,985817,85561,Petrol,Trustmark Dealer,Manual,Third Owner,12.83,1452,153.44,314.73,6,1379759.1011073256
Renault Duster,2011,845414,116286,Electric,Dealer,Automatic,Fourth & Above Owner,12.28,1965,145.75,305.52,7,1076580.0317257002
Maruti Baleno,2018,252764,59749,Petrol,Individual,Automatic,Fourth & Above Owner,34.19,2623,91.03,229.22,7,292508.3347572931
Hyundai Creta,2017,975157,138583,Petrol,Trustmark Dealer,Automatic,Second Owner,11.23,2231,170.53,100.31,6,1102981.9970551743
Renault Duster,2006,973178,198564,Diesel,Dealer,Manual,Fourth & Above Owner,15.05,1155,96.78,91.69,4,1235846.5644634604
Hyundai Creta,2021,632982,55385,CNG,Dealer,Automatic,First Owner,31.36,1481,162.71,96.13,7,782926.976519442
Tata Nexon,2021,1309020,66603,Diesel,Dealer,Automatic,Fourth & Above Owner,34.67,1399,180.72,132.24,5,1497870.1494844067
Toyota Innova,2008,711604,184869,Petrol,Trustmark Dealer,Manual,Second Owner,32.92,1476,141.45,193.83,4,818594.5808288016
Ford Ecosport,2013,1030616,193048,LPG,Trustmark Dealer,Automatic,Fourth & Above Owner,28.56,975,50.34,306.8,7,1223323.6731771028
Maruti Swift,2009,134890,35319,CNG,Trustmark Dealer,Automatic,First Owner,12.8,2600,124.12,295.68,6,152356.91082072238
Volkswagen Polo,2022,354998,151617,Petrol,Trustmark Dealer,Automatic,First Owner,17.75,1766,191.03,281.78,7,506373.4418985998
Hyundai i20,2012,1045806,187948,LPG,Individual,Manual,Fourth & Above Owner,10.47,2332,97.56,129.81,4,1505106.0346787442
Hyundai i20,2012,760962,195794,LPG,Dealer,Automatic,First Owner,13.51,2213,58.12,287.49,5,1079345.8297175332
Maruti Swift,2018,1288890,166752,CNG,Dealer,Automatic,Fourth & Above Owner,32.85,1501,187.67,212.66,6,1424544.6584779888
Volkswagen Polo,2022,1424916,117445,Diesel,Individual,Manual,Fourth & Above Owner,12.33,2311,199.81,191.11,6,1794256.8932772367
Kia Seltos,2009,781780,122765,Petrol,Trustmark Dealer,Automatic,Fourth & Above Owner,28.91,814,73.43,206.24,4,920604.8970822812
Renault Duster,2007,471107,163399,Electric,Trustmark Dealer,Automatic,Fourth & Above Owner,22.18,1713,158.51,172.83,4,591387.1035759677
Skoda Rapid,2008,558230,21798,Electric,Dealer,Manual,Third Owner,23.77,1017,151.9,342.9,6,653733.5016189314
Hyundai i20,2018,215369,46067,Petrol,Dealer,Manual,Third Owner,15.72,2423,165.84,152.66,5,292764.2722499299
Hyundai Creta,2007,50000,41258,LPG,Trustmark Dealer,Manual,First Owner,17.0,2875,141.93,324.57,6,70372.70614628831
Hyundai i20,2023,388914,74996,Electric,Dealer,Manual,First Owner,21.05,2798,134.42,323.24,5,473313.7195026077
Mahindra XUV500,2011,50000,10786,Diesel,Trustmark Dealer,Manual,First Owner,21.87,2440,99.59,153.03,5,56538.19391155003
Kia Seltos,2010,314170,22957,Electric,Trustmark Dealer,Automatic,Fourth & Above Owner,28.53,2118,118.53,248.81,4,389372.6196209761
Maruti Baleno,2020,851381,89622,Diesel,Dealer,Automatic,Third Owner,12.32,1615,112.96,275.9,4,1072714.904640992
Ford Ecosport,2016,590601,40826,LPG,Individual,Automatic,Second Owner,13.17,2692,66.35,341.51,5,697670.2300819549
Maruti Swift,2011,1041831,29069,Diesel,Dealer,Automatic,First Owner,11.45,2691,104.82,166.88,5,1460214.034840376
Hyundai i20,2016,345082,154019,CNG,Dealer,Manual,Second Owner,18.6,2530,195.79,295.87,5,401768.3400696578
Kia Seltos,2014,760803,160029,Diesel,Dealer,Manual,First Owner,17.26,2167,64.57,287.36,4,1082218.473328284
Honda City,2005,143196,62348,LPG,Trustmark Dealer,Automatic,Fourth & Above Owner,33.23,1985,120.87,299.71,6,202354.7179459074
Kia Seltos,2013,893276,90328,CNG,Trustmark Dealer,Automatic,Second Owner,33.55,1185,87.87,253.04,5,1337190.6317855942
Ford Ecosport,2018,1136278,171145,Diesel,Trustmark Dealer,Manual,First Owner,24.62,1910,61.82,140.06,7,1346016.6674811174
Maruti Baleno,2022,1050691,78742,Petrol,Trustmark Dealer,Manual,First Owner,20.36,1950,142.62,178.87,7,1537147.244558747
Hyundai i20,2013,86233,22308,LPG,Dealer,Automatic,Second Owner,32.31,930,129.54,340.39,7,100433.71374414043
Volkswagen Polo,2019,544562,23089,Electric,Individual,Manual,First Owner,20.77,1603,73.58,133.34,5,800175.5138795634
Maruti Baleno,2023,544919,91082,CNG,Individual,Automatic,First Owner,28.86,1178,161.24,212.76,4,647920.4182774153
Volkswagen Polo,2011,1256173,15430,Electric,Trustmark Dealer,Manual,Fourth & Above Owner,10.11,2289,91.88,345.17,7,1708893.971145292
Maruti Baleno,2012,284688,21897,CNG,Individual,Manual,Third Owner,10.76,2240,134.17,133.11,6,380752.3505230304
Toyota Innova,2016,806573,118053,LPG,Individual,Manual,Third Owner,26.9,1937,135.65,188.29,6,1175600.9197742464
Toyota Innova,2012,940687,168845,CNG,Trustmark Dealer,Automatic,First Owner,14.65,1037,128.65,195.53,6,1179690.9786343845
Honda City,2021,1372812,57993,CNG,Individual,Manual,Second Owner,10.19,2229,117.8,329.6,5,1709830.0276903992
Skoda Rapid,2006,379377,172079,Petrol,Individual,Automatic,Fourth & Above Owner,12.2,1031,190.33,277.03,5,485168.99647005287
Skoda Rapid,2012,415046,143629,Electric,Trustmark Dealer,Automatic,Second Owner,14.75,2982,93.03,179.12,6,595537.721929162
Hyundai i20,2017,798391,15766,LPG,Individual,Automatic,Second Owner,16.02,2300,92.79,137.54,6,1180159.7122081558
Kia Seltos,2005,589958,18767,LPG,Dealer,Automatic,Third Owner,12.94,2748,83.03,306.25,6,716716.5057330754
Toyota Innova,2019,1082057,51298,Petrol,Trustmark Dealer,Automatic,Third Owner,17.21,1303,199.42,329.12,7,1573562.124069763
Maruti Swift,2022,688099,5932,Electric,Individual,Manual,Fourth & Above Owner,14.49,2200,126.85,284.85,7,1001492.8223238242
Hyundai i20,2017,50000,123832,LPG,Individual,Automatic,Third Owner,17.79,1217,145.43,244.61,7,65023.726262573546
Kia Seltos,2011,773146,111655,Petrol,Trustmark Dealer,Manual,Second Owner,30.63,897,111.75,343.52,4,872649.3041488806
Renault Duster,2019,871103,132997,CNG,Trustmark Dealer,Automatic,Fourth & Above Owner,12.34,1730,101.61,151.45,7,1132183.711264541
Renault Duster,2023,1221901,179804,Diesel,Dealer,Automatic,Fourth & Above Owner,24.94,2813,70.91,146.33,4,1727339.3237808724
Kia Seltos,2022,667676,65117,Petrol,Individual,Automatic,First Owner,12.59,2958,100.17,220.13,6,741435.9442403294
Hyundai i20,2016,385545,118697,Electric,Individual,Automatic,Second Owner,26.23,1480,99.39,241.17,6,432118.5846718606
Volkswagen Polo,2005,50000,90731,Diesel,Trustmark Dealer,Manual,Second Owner,28.35,1458,84.49,186.68,6,68888.1101254326
Hyundai Creta,2011,641570,88157,Electric,Individual,Automatic,Second Owner,16.65,1237,107.11,280.3,4,787833.1297110195
Ford Ecosport,2023,940738,196562,Electric,Individual,Automatic,First Owner,32.96,1834,131.64,107.98,6,1338041.653732472
Tata Nexon,2006,50000,28457,CNG,Dealer,Automatic,Fourth & Above Owner,26.7,1468,104.34,293.81,6,57916.0786959465
Renault Duster,2014,1184569,188934,CNG,Trustmark Dealer,Automatic,First Owner,32.46,2468,61.87,300.87,5,1435984.9815844211
Hyundai i20,2018,983504,76127,Electric,Individual,Automatic,Fourth & Above Owner,19.82,2074,199.71,302.2,4,1202515.1000219237
Maruti Swift,2009,524813,47112,LPG,Dealer,Automatic,Second Owner,28.83,2188,80.96,142.14,7,614619.2758774809
Mahindra XUV500,2013,708267,187520,Diesel,Dealer,Manual,Fourth & Above Owner,19.81,2612,55.82,199.34,7,964116.38233526
Tata Nexon,2023,840549,177566,Diesel,Trustmark Dealer,Manual,Second Owner,26.48,1788,99.34,106.96,6,975293.6243462904
Honda City,2016,135613,54103,CNG,Dealer,Automatic,Second Owner,34.13,2911,187.31,126.8,4,150835.64564491366
Mahindra XUV500,2011,1014298,37709,LPG,Dealer,Manual,Second Owner,23.82,2936,51.16,275.67,7,1375709.0416402684
Honda City,2013,1176258,19251,Petrol,Individual,Manual,Third Owner,16.54,2895,111.01,333.01,7,1450094.058720454
Ford Ecosport,2012,50000,39175,Petrol,Dealer,Automatic,Fourth & Above Owner,13.45,2620,102.67,131.42,6,57532.35130830838
Volkswagen Polo,2014,216918,139638,Petrol,Individual,Manual,Fourth & Above Owner,18.52,2740,147.57,205.61,4,285888.4689983368
Maruti Swift,2018,1092011,47607,Diesel,Dealer,Manual,First Owner,31.2,2887,128.89,126.48,6,1507124.45923001
Maruti Swift,2017,794522,162347,Diesel,Dealer,Automatic,Fourth & Above Owner,18.82,2998,153.61,272.54,7,1136583.7246595812
Mahindra XUV500,2014,1153632,154425,Petrol,Trustmark Dealer,Automatic,Second Owner,17.97,2710,117.94,157.14,7,1578515.6389431302
Hyundai Creta,2008,290484,52840,Diesel,Individual,Manual,Fourth & Above Owner,22.39,2510,112.94,160.94,6,393874.9224980149
Ford Ecosport,2018,436391,55921,CNG,Trustmark Dealer,Manual,Fourth & Above Owner,32.36,2829,141.82,278.48,7,554712.3822044502
Maruti Baleno,2010,1171652,190723,CNG,Trustmark Dealer,Automatic,First Owner,32.27,1816,50.56,277.75,4,1468807.0418885192
Kia Seltos,2017,173001,74656,Electric,Dealer,Manual,Fourth & Above Owner,18.52,2297,70.29,215.77,5,220297.730764353
Mahindra XUV500,2012,298853,87740,Diesel,Trustmark Dealer,Automatic,Third Owner,11.58,831,117.34,247.35,4,406158.90577118646
Hyundai Creta,2005,399331,99471,Electric,Trustmark Dealer,Manual,Third Owner,22.66,1577,149.3,234.13,7,489737.68322035257
Maruti Baleno,2020,552099,21734,Electric,Individual,Automatic,Second Owner,18.61,1451,71.61,143.87,6,721117.1269001834
Mahindra XUV500,2013,1185947,76248,Diesel,Dealer,Automatic,Third Owner,24.93,1502,100.22,290.93,4,1343615.2764460505
Toyota Innova,2011,1145115,87996,LPG,Trustmark Dealer,Manual,First Owner,24.4,2953,109.75,181.29,5,1472832.3328826565
Renault Duster,2021,1337291,71646,CNG,Individual,Manual,First Owner,30.41,1850,97.52,184.56,4,1866451.281647252
Maruti Baleno,2017,550509,184915,LPG,Trustmark Dealer,Manual,Second Owner,18.74,2921,117.17,265.24,4,740396.5522039868
Ford Ecosport,2020,538479,102798,LPG,Individual,Manual,Third Owner,26.29,1178,67.54,181.04,4,652539.3511626022
Renault Duster,2019,1122196,9175,Petrol,Individual,Manual,Fourth & Above Owner,12.03,2592,98.71,243.15,4,1631361.5742264916
Honda City,2010,51114,73766,Electric,Dealer,Automatic,First Owner,22.48,3000,92.55,194.82,5,70990.77923074679
Volkswagen Polo,2011,252677,30341,Electric,Dealer,Automatic,Fourth & Above Owner,27.95,2376,187.5,303.81,7,321893.5022395218
Tata Nexon,2006,50000,45575,Electric,Individual,Manual,Third Owner,11.09,2463,132.4,239.3,6,56208.98862185141
Ford Ecosport,2019,1263766,52532,CNG,Dealer,Automatic,First Owner,20.9,2621,133.98,320.16,4,1539733.05324118
Mahindra XUV500,2022,775588,177332,Diesel,Trustmark Dealer,Manual,First Owner,22.67,949,177.39,303.31,4,963269.424436643
Ford Ecosport,2016,50000,53991,Diesel,Individual,Automatic,Fourth & Above Owner,27.09,2265,129.31,320.78,6,61793.67946048068
Kia Seltos,2020,826942,110021,Electric,Dealer,Automatic,Third Owner,20.55,1273,74.44,188.67,6,1168660.2857165013
Honda City,2019,1168164,166074,Petrol,Individual,Automatic,Second Owner,21.12,1752,152.09,263.55,5,1711975.202569689
Ford Ecosport,2020,726224,24524,CNG,Individual,Automatic,Fourth & Above Owner,25.47,2093,111.15,259.0,7,863875.7498923021
Maruti Baleno,2005,669238,148251,CNG,Individual,Manual,Second Owner,23.57,1924,83.64,319.83,5,970687.6423903157
Ford Ecosport,2009,1111414,53711,Diesel,Dealer,Manual,Second Owner,16.99,2766,169.68,301.72,6,1350216.444437167
Toyota Innova,2009,231603,59825,Electric,Dealer,Manual,Third Owner,14.24,2115,168.3,180.73,4,326828.17711551645
Kia Seltos,2014,50000,144098,LPG,Individual,Automatic,First Owner,17.97,2657,196.82,229.91,5,57770.38967888253
Ford Ecosport,2009,488614,55723,Electric,Individual,Automatic,First Owner,22.38,2314,93.73,230.84,6,692163.7120530764
Kia Seltos,2006,50000,50249,CNG,Individual,Automatic,Third Owner,27.56,934,67.97,105.78,6,64389.47886286219
Honda City,2019,904336,149284,CNG,Trustmark Dealer,Automatic,First Owner,26.14,2616,93.8,314.29,4,1247909.19923385
Skoda Rapid,2014,1195791,101026,LPG,Trustmark Dealer,Automatic,Third Owner,22.58,2994,80.6,181.57,6,1637919.7646425213
Kia Seltos,2023,349032,43052,Diesel,Trustmark Dealer,Manual,First Owner,14.6,877,163.82,110.77,7,411134.17425386544
Ford Ecosport,2006,289862,115764,Electric,Trustmark Dealer,Manual,Second Owner,10.26,870,62.96,130.37,5,429902.9998325044
Hyundai i20,2018,245905,162871,LPG,Trustmark Dealer,Automatic,Fourth & Above Owner,15.99,1296,142.57,144.41,5,305796.58631210664
Maruti Baleno,2016,1107480,129789,LPG,Dealer,Manual,Fourth & Above Owner,32.62,2263,191.19,227.37,6,1508092.0824480974
Hyundai Creta,2009,347809,31248,CNG,Trustmark Dealer,Automatic,Second Owner,31.67,1131,172.18,136.31,4,455809.1540201973
Skoda Rapid,2008,474055,120699,Electric,Individual,Automatic,First Owner,10.39,2326,192.25,202.93,6,568490.9539181684
Maruti Swift,2006,292000,19749,Petrol,Trustmark Dealer,Automatic,Second Owner,29.24,2372,71.47,229.12,5,377664.7486729751
Hyundai i20,2014,202828,95538,CNG,Trustmark Dealer,Manual,First Owner,14.46,2783,189.04,186.14,6,237495.1999102464
Toyota Innova,2023,1159195,127023,Petrol,Individual,Automatic,Third Owner,34.21,1023,125.44,299.97,7,1432985.2902205158
Mahindra XUV500,2007,467753,19854,Diesel,Individual,Automatic,Fourth & Above Owner,11.85,1540,64.67,230.23,5,669010.7040167154
Renault Duster,2023,1125601,196926,Diesel,Individual,Automatic,First Owner,12.84,1848,87.81,224.69,5,1667161.2040914935
Maruti Swift,2012,404233,174644,LPG,Individual,Manual,Fourth & Above Owner,13.81,1059,186.31,165.36,4,481828.9436300508
Kia Seltos,2018,244150,176020,Petrol,Trustmark Dealer,Automatic,Second Owner,31.56,1503,164.87,244.92,4,359315.35572114843
Tata Nexon,2013,793667,67957,LPG,Individual,Automatic,Second Owner,30.2,2345,171.65,165.11,6,962601.3447049588
Ford Ecosport,2010,820786,70727,Diesel,Trustmark Dealer,Manual,Third Owner,11.19,1096,135.44,257.43,7,1102292.9899599962
Volkswagen Polo,2019,1155150,10388,Electric,Trustmark Dealer,Automatic,First Owner,14.38,1013,171.01,229.81,4,1477623.398436539
Toyota Innova,2021,833031,91427,CNG,Dealer,Manual,Fourth & Above Owner,26.64,2698,192.18,157.16,6,1001559.3392961826
Hyundai i20,2015,887665,16260,Diesel,Individual,Automatic,Fourth & Above Owner,19.85,2271,74.01,91.34,7,1222407.1596298232
Mahindra XUV500,2020,288338,92000,Electric,Individual,Automatic,Third Owner,10.68,2510,131.27,185.99,6,348018.2354472346
Ford Ecosport,2008,489837,100751,CNG,Individual,Manual,Fourth & Above Owner,28.31,1879,157.28,111.44,6,658485.4004882178
Maruti Swift,2006,1156219,56914,LPG,Individual,Automatic,First Owner,28.56,2831,73.0,179.14,6,1391135.783977173
Skoda Rapid,2011,811876,191794,Petrol,Individual,Automatic,Second Owner,19.25,1132,165.2,215.56,4,1108013.018204774
Volkswagen Polo,2021,148439,101390,Petrol,Individual,Automatic,First Owner,28.2,1946,103.4,245.94,4,168521.9971622719
Hyundai i20,2016,83585,90426,Diesel,Individual,Manual,First Owner,25.17,1082,146.61,250.13,6,115696.43953269345
Mahindra XUV500,2011,50000,134506,CNG,Trustmark Dealer,Manual,Third Owner,26.76,1042,199.36,119.33,7,65787.37791190129
Maruti Baleno,2018,1110825,143547,CNG,Individual,Manual,Fourth & Above Owner,11.16,1342,82.2,110.69,7,1431538.7185484052
Skoda Rapid,2012,197987,141236,Electric,Individual,Automatic,Third Owner,13.94,2799,197.33,95.21,7,221975.69139495728
Volkswagen Polo,2016,1143409,56685,CNG,Individual,Manual,Third Owner,12.06,2014,77.35,173.8,4,1384217.4679977847
Hyundai i20,2013,215098,10792,LPG,Dealer,Automatic,Fourth & Above Owner,32.03,1452,88.89,123.26,5,315047.62765764544
Skoda Rapid,2021,406565,41188,Diesel,Dealer,Automatic,First Owner,24.88,1325,100.56,337.73,5,546581.6967443734
Maruti Baleno,2005,50000,36433,Electric,Individual,Automatic,Second Owner,14.82,1190,77.12,130.23,4,62465.29217598405
Hyundai i20,2018,50000,86922,LPG,Trustmark Dealer,Automatic,Fourth & Above Owner,18.41,972,83.4,97.42,7,57799.71095077104
Tata Nexon,2012,927011,124027,LPG,Dealer,Automatic,Fourth & Above Owner,18.4,2025,88.04,120.06,6,1334593.427128425
Renault Duster,2020,568206,180700,CNG,Dealer,Manual,Third Owner,15.03,1731,82.54,116.55,4,741473.3094579725
Kia Seltos,2013,798702,66365,CNG,Individual,Automatic,Third Owner,27.06,2636,147.68,133.97,6,899171.7677943713
Toyota Innova,2005,154558,54914,Petrol,Individual,Automatic,Second Owner,15.16,2180,121.9,134.54,6,222974.06960086885
Maruti Baleno,2015,82999,165633,LPG,Dealer,Automatic,Second Owner,31.74,1634,192.46,326.51,5,115775.74750430712
Mahindra XUV500,2015,202535,185601,Electric,Trustmark Dealer,Manual,Fourth & Above Owner,17.16,1317,103.82,128.89,6,239463.49303523332
Volkswagen Polo,2022,1448707,45912,Diesel,Dealer,Manual,Third Owner,24.76,891,163.1,161.33,6,1930698.551354004
Volkswagen Polo,2015,871069,57819,Petrol,Trustmark Dealer,Manual,Third Owner,28.9,1465,98.82,134.1,4,1165173.0534444556
Skoda Rapid,2019,1063147,108166,Petrol,Trustmark Dealer,Manual,Fourth & Above Owner,30.43,878,132.55,216.06,5,1384061.457685867
Volkswagen Polo,2013,381219,134396,Electric,Individual,Automatic,Third Owner,11.22,2397,60.25,120.54,5,450623.6083347463
Maruti Swift,2013,412192,153040,CNG,Dealer,Manual,Second Owner,27.19,2860,107.01,119.93,6,601453.9104095957
Tata Nexon,2014,282664,51228,LPG,Individual,Manual,First Owner,20.72,1537,138.01,176.15,6,412797.99849890015
Ford Ecosport,2019,132934,56599,Electric,Trustmark Dealer,Manual,Fourth & Above Owner,31.61,1876,180.57,285.92,6,153117.30946176974
Toyota Innova,2014,838419,198244,Electric,Individual,Automatic,Fourth & Above Owner,34.2,2286,59.83,214.74,5,1134945.7903381202
Mahindra XUV500,2013,405833,37928,Petrol,Individual,Automatic,Third Owner,27.36,2285,151.85,340.71,4,457531.6894691812
Hyundai Creta,2010,1018555,128271,Diesel,Individual,Automatic,Second Owner,17.24,1254,126.76,211.24,6,1242352.9476056313
Ford Ecosport,2007,790793,128291,LPG,Individual,Automatic,First Owner,21.15,1844,115.07,338.81,4,902150.6134048344
Maruti Baleno,2016,778512,186288,Diesel,Dealer,Automatic,Fourth & Above Owner,30.69,834,91.21,314.77,6,923570.5630706816
Volkswagen Polo,2013,277099,127095,Diesel,Individual,Manual,First Owner,33.79,2971,132.66,245.32,5,323692.7883982237
Tata Nexon,2023,832626,69140,Petrol,Trustmark Dealer,Manual,Fourth & Above Owner,20.76,1536,73.71,227.67,5,981663.7436681134
Hyundai i20,2007,50000,182327,Diesel,Dealer,Automatic,Fourth & Above Owner,13.38,1072,105.52,90.09,5,63095.52020609597
Honda City,2019,340326,167641,Petrol,Dealer,Manual,Second Owner,32.73,1909,85.72,260.43,5,391738.91519833787
Ford Ecosport,2009,962125,164640,LPG,Dealer,Manual,First Owner,12.37,1103,180.52,296.06,5,1220086.0373409593
Mahindra XUV500,2010,50000,188847,Diesel,Trustmark Dealer,Manual,Third Owner,16.89,2899,104.63,172.51,4,64467.33495496465
Kia Seltos,2007,1118239,88132,LPG,Trustmark Dealer,Manual,Second Owner,16.43,1410,50.18,180.93,6,1630121.9689197275
Mahindra XUV500,2019,809344,112810,CNG,Individual,Automatic,Fourth & Above Owner,32.8,2904,164.38,248.21,7,969032.6625905768
Maruti Swift,2022,985107,142644,LPG,Trustmark Dealer,Automatic,First Owner,26.91,1088,136.02,294.66,4,1344102.3556506066
Hyundai i20,2007,517436,60408,LPG,Dealer,Manual,Third Owner,11.48,2553,72.18,111.35,6,676367.99200871
Volkswagen Polo,2018,1260499,88624,Petrol,Dealer,Manual,Third Owner,21.35,2898,160.07,279.46,7,1890467.083229069
Toyota Innova,2018,342571,60056,Diesel,Trustmark Dealer,Manual,Fourth & Above Owner,20.34,1909,187.24,261.87,6,415663.9776561628
Toyota Innova,2020,1302805,97786,LPG,Individual,Automatic,Fourth & Above Owner,11.25,2378,163.89,251.94,7,1902734.184286988
Tata Nexon,2016,534991,174501,Diesel,Individual,Automatic,Second Owner,28.64,801,91.74,337.38,7,701725.4748892447
Maruti Swift,2021,385326,43055,LPG,Individual,Automatic,Second Owner,17.37,2088,76.83,289.61,7,533084.3238750524
Hyundai i20,2011,1267597,107575,LPG,Individual,Automatic,Second Owner,30.34,2672,109.13,296.48,4,1822137.6413467084
Tata Nexon,2023,1245029,108754,Petrol,Dealer,Manual,First Owner,20.27,1397,189.5,172.37,6,1589154.5315113186
Volkswagen Polo,2016,190180,87333,LPG,Dealer,Automatic,Fourth & Above Owner,23.53,872,184.91,218.17,7,227627.44238031365
Skoda Rapid,2005,995115,5543,LPG,Individual,Automatic,Second Owner,29.76,853,107.56,148.43,4,1394732.008112063
Volkswagen Polo,2020,335873,16452,CNG,Dealer,Manual,Second Owner,30.44,1853,145.13,113.54,5,402749.1390553709
Maruti Baleno,2020,326867,173075,LPG,Dealer,Automatic,First Owner,27.51,2073,105.12,174.89,7,416254.0296921675
Toyota Innova,2021,717958,156411,LPG,Dealer,Automatic,Second Owner,16.12,1806,80.07,123.16,4,1067829.049789916
Maruti Swift,2022,1153627,179531,LPG,Dealer,Automatic,Third Owner,17.35,1912,193.27,185.35,4,1629862.2231162137
Tata Nexon,2005,569443,21440,Petrol,Individual,Manual,First Owner,30.21,1864,71.88,308.28,6,808747.8037230038
Honda City,2013,367984,152073,Petrol,Dealer,Manual,Second Owner,33.43,1089,127.28,326.73,4,543942.7330477181
Mahindra XUV500,2019,180394,149569,Petrol,Dealer,Automatic,Second Owner,32.17,1471,181.93,332.94,4,267955.04656672693
Mahindra XUV500,2010,50000,157455,LPG,Trustmark Dealer,Manual,Fourth & Above Owner,26.91,2001,86.33,162.08,5,63501.973608681874
Toyota Innova,2007,702476,183068,Petrol,Individual,Automatic,Second Owner,22.38,2379,77.71,120.53,7,1005573.3439196536
Mahindra XUV500,2006,293989,64357,Electric,Individual,Manual,Second Owner,12.27,1619,132.62,196.99,5,431250.02550644
Mahindra XUV500,2018,459070,69185,CNG,Trustmark Dealer,Manual,Third Owner,27.23,2399,142.67,314.03,7,646763.7300043373
Skoda Rapid,2015,218492,193737,LPG,Dealer,Automatic,Second Owner,33.17,1653,179.38,188.9,7,285876.964108081
Renault Duster,2023,1044476,136170,Electric,Dealer,Manual,Third Owner,25.74,1295,141.17,153.91,4,1471079.957755705
Tata Nexon,2016,1138814,69730,Diesel,Dealer,Manual,Fourth & Above Owner,32.61,1041,121.87,97.12,7,1253364.010597075
Volkswagen Polo,2011,730192,170941,Petrol,Dealer,Manual,First Owner,10.38,1701,92.0,172.81,7,1084336.342511153
Ford Ecosport,2023,663769,170084,Petrol,Dealer,Manual,Third Owner,33.44,2741,106.85,178.76,6,770235.1733836884
Skoda Rapid,2019,472879,144494,LPG,Trustmark Dealer,Manual,First Owner,34.16,1111,90.37,329.04,6,636704.72516238
Maruti Baleno,2011,380875,71652,CNG,Individual,Manual,First Owner,21.58,1166,59.03,293.52,5,536151.1022555148
Kia Seltos,2020,1295300,74629,LPG,Trustmark Dealer,Manual,Second Owner,24.53,1743,156.99,216.27,4,1878154.314763943
Maruti Baleno,2016,922212,24442,LPG,Individual,Manual,Second Owner,33.65,2084,82.44,304.71,6,1322755.4685652163
Maruti Baleno,2021,1314134,83998,Diesel,Individual,Manual,Fourth & Above Owner,25.21,2623,178.31,101.56,7,1858591.9229903903
Hyundai i20,2011,50000,43511,Petrol,Individual,Manual,Third Owner,33.03,1940,125.19,114.02,6,57209.537325015415
Hyundai Creta,2005,110349,136159,LPG,Dealer,Automatic,First Owner,24.06,2155,198.91,317.21,4,126032.74807517548
Renault Duster,2018,662473,102937,Electric,Dealer,Automatic,First Owner,32.27,2347,134.64,91.97,5,823316.733028697
Honda City,2021,326997,152027,LPG,Dealer,Manual,Second Owner,16.21,2703,187.42,325.46,5,394373.40620702767
Maruti Swift,2015,331057,101364,Electric,Dealer,Automatic,First Owner,19.46,1617,173.83,290.38,7,485889.2351688368
Ford Ecosport,2019,1347645,161737,Diesel,Trustmark Dealer,Automatic,First Owner,14.4,2738,89.75,105.12,7,1625767.9054525683
Maruti Baleno,2022,199512,161746,CNG,Dealer,Manual,Third Owner,14.92,2866,69.49,287.85,5,254125.75828449408
Hyundai Creta,2011,1117980,78229,CNG,Trustmark Dealer,Manual,Third Owner,16.75,2132,114.97,331.16,7,1286047.2791779942
Maruti Swift,2021,870312,59743,CNG,Individual,Manual,Second Owner,32.69,1932,115.71,273.5,4,1139698.9270892374
Toyota Innova,2007,313057,168841,Petrol,Trustmark Dealer,Automatic,Fourth & Above Owner,24.25,1185,55.37,268.65,7,347251.4653655463
Tata Nexon,2019,128748,104928,CNG,Individual,Manual,Second Owner,11.75,1136,167.15,185.32,7,166548.51279395554
Kia Seltos,2013,183781,133671,Diesel,Dealer,Manual,First Owner,22.28,1450,77.41,174.05,7,210222.3041985411
Honda City,2012,1009446,171828,Electric,Dealer,Automatic,First Owner,31.81,2989,160.51,158.35,6,1502292.7708678937
Maruti Baleno,2009,50000,181489,Electric,Individual,Manual,First Owner,18.03,2412,58.39,110.45,5,56124.990560144906
Honda City,2009,547351,162008,Electric,Individual,Manual,Fourth & Above Owner,33.26,2863,88.73,243.68,5,642141.7380806993
Hyundai i20,2022,155088,153787,Petrol,Individual,Automatic,Fourth & Above Owner,17.45,2217,74.4,164.61,4,206557.9048086402
Kia Seltos,2010,50000,170853,Electric,Individual,Automatic,Third Owner,14.32,2321,69.13,151.39,5,71398.69928870398
Hyundai i20,2010,662031,100764,LPG,Trustmark Dealer,Automatic,Second Owner,31.43,2268,104.78,125.24,6,756278.3750334437
Maruti Baleno,2013,421947,179684,LPG,Individual,Manual,Third Owner,29.81,2554,153.59,193.54,5,477817.337695682
Honda City,2007,642531,114124,Petrol,Trustmark Dealer,Automatic,Fourth & Above Owner,21.08,2369,147.21,227.49,4,841111.1860970344
Maruti Baleno,2022,1016118,132319,CNG,Dealer,Manual,First Owner,10.7,1878,118.0,268.46,6,1342892.9404182034
Ford Ecosport,2019,287411,71075,LPG,Individual,Manual,First Owner,10.58,2429,173.19,244.74,7,344191.6985109748
Tata Nexon,2013,982661,41848,LPG,Trustmark Dealer,Manual,Fourth & Above Owner,30.63,1750,82.41,304.5,7,1379871.9022875542
Tata Nexon,2013,1017006,147818,Electric,Individual,Automatic,Third Owner,17.55,2704,169.92,117.92,6,1134307.261700734
Ford Ecosport,2011,365126,187249,Diesel,Dealer,Automatic,Third Owner,19.46,2889,85.31,193.76,7,541816.0480314468
Renault Duster,2007,50000,70287,Petrol,Dealer,Manual,First Owner,20.94,1825,147.68,201.45,5,55935.863962060765
Hyundai Creta,2011,350024,123061,Diesel,Dealer,Manual,Third Owner,21.55,2397,73.43,142.99,6,396609.467238566
Maruti Baleno,2020,781772,104140,Electric,Dealer,Automatic,First Owner,22.8,1291,162.48,269.43,4,943439.4793795388
Skoda Rapid,2006,239930,160960,Electric,Trustmark Dealer,Automatic,Third Owner,17.89,1328,51.36,306.04,6,294627.773072096
Mahindra XUV500,2017,294704,175013,Petrol,Individual,Manual,Third Owner,12.48,2509,156.87,182.83,6,346731.5212691742
Volkswagen Polo,2012,869855,123800,CNG,Individual,Manual,Third Owner,24.8,2821,105.61,162.86,5,974024.5001792688
Maruti Swift,2005,478760,193653,CNG,Individual,Automatic,Second Owner,27.5,1910,89.08,207.8,4,567029.5684970273
Hyundai i20,2020,513906,97122,CNG,Trustmark Dealer,Automatic,First Owner,20.52,1131,140.46,332.84,6,569295.9517280534
Maruti Baleno,2015,1071657,77088,CNG,Trustmark Dealer,Manual,Third Owner,14.43,1540,57.85,136.94,4,1196906.5895755768
Hyundai Creta,2007,67815,187982,Electric,Individual,Manual,Second Owner,28.62,2450,124.67,302.95,6,98939.31669234746
Tata Nexon,2011,651880,183281,Petrol,Dealer,Automatic,Second Owner,15.57,1523,135.75,318.16,6,817755.3985376287
Renault Duster,2014,397792,106922,LPG,Individual,Automatic,First Owner,33.75,2526,189.65,345.55,4,444501.4004472661
Maruti Baleno,2008,199205,54894,LPG,Dealer,Manual,First Owner,14.95,2507,118.82,180.19,7,290975.2026778897
Skoda Rapid,2017,1348430,125555,Electric,Individual,Automatic,Fourth & Above Owner,27.77,2502,179.13,208.63,5,1787893.859156347
Toyota Innova,2007,946072,25502,Petrol,Dealer,Manual,Fourth & Above Owner,14.41,1906,131.2,325.3,5,1119593.0021214914
Skoda Rapid,2010,665043,89604,Diesel,Trustmark Dealer,Manual,Third Owner,19.0,2712,142.75,296.82,6,911356.5343563196
Volkswagen Polo,2021,271677,146437,CNG,Trustmark Dealer,Automatic,First Owner,19.06,2541,189.27,347.72,7,364599.35660931503
Honda City,2012,380762,32827,Diesel,Dealer,Automatic,First Owner,19.39,1803,60.82,128.0,7,562962.0083589085
Mahindra XUV500,2007,940146,152997,Petrol,Individual,Manual,Third Owner,22.13,2527,93.25,328.64,5,1043053.9508159312
Maruti Baleno,2020,105715,148637,Electric,Individual,Automatic,First Owner,24.01,2134,86.16,257.11,5,148824.77500202335
Kia Seltos,2022,655477,44142,CNG,Individual,Manual,Second Owner,29.53,2001,171.62,222.22,5,837920.898380099
Honda City,2006,938876,72726,Electric,Trustmark Dealer,Automatic,Third Owner,17.54,2764,60.64,137.55,4,1148606.0597009065
Hyundai Creta,2015,702241,83971,CNG,Trustmark Dealer,Automatic,Third Owner,24.59,2710,145.58,170.06,4,1050613.266737235
Maruti Baleno,2014,50000,50102,Petrol,Dealer,Manual,First Owner,26.85,1627,192.28,180.28,5,55632.842226411805
Kia Seltos,2018,822090,66468,Electric,Trustmark Dealer,Manual,Fourth & Above Owner,10.52,1995,129.07,316.07,6,939854.4103572964
Volkswagen Polo,2009,50000,28763,CNG,Dealer,Automatic,Fourth & Above Owner,18.06,2330,194.39,236.57,5,74082.85545557526
Maruti Swift,2013,540140,148478,CNG,Trustmark Dealer,Manual,Third Owner,28.71,2228,53.39,133.95,4,791690.741143389
Renault Duster,2013,765248,179604,Electric,Individual,Automatic,Fourth & Above Owner,14.73,1803,169.42,156.94,6,921627.3464125484
Honda City,2020,1073749,187106,Petrol,Individual,Automatic,Second Owner,26.38,1511,53.77,208.43,5,1411285.2292937308
Mahindra XUV500,2022,1005764,25233,Diesel,Dealer,Manual,Second Owner,29.03,1908,117.45,174.93,6,1374090.254457111
Renault Duster,2022,1184995,45631,Petrol,Individual,Automatic,Second Owner,11.06,1404,196.08,220.69,7,1428979.5156829096
Renault Duster,2010,797081,178696,LPG,Individual,Manual,Fourth & Above Owner,31.84,1960,98.67,255.04,4,964134.6311839625
Ford Ecosport,2014,382035,106659,Electric,Trustmark Dealer,Manual,Third Owner,19.88,2394,124.66,199.04,4,474761.74205423496
Ford Ecosport,2008,334521,20457,Diesel,Individual,Automatic,Fourth & Above Owner,22.5,2840,64.18,163.37,4,375751.8194020923
Skoda Rapid,2023,836318,78015,Petrol,Trustmark Dealer,Manual,First Owner,16.22,1344,135.74,99.65,4,983436.7219797288
Hyundai i20,2007,233121,112032,Electric,Dealer,Manual,First Owner,17.79,2310,118.01,320.54,7,348843.5448279724
Skoda Rapid,2016,1230077,33599,Petrol,Dealer,Manual,Fourth & Above Owner,21.33,2061,151.02,161.42,4,1643790.020833251
Toyota Innova,2020,716198,77611,Diesel,Individual,Manual,Fourth & Above Owner,14.05,1975,131.04,344.44,6,1031069.9361904776
Hyundai i20,2008,1041456,118069,LPG,Individual,Manual,Third Owner,28.05,2349,90.67,231.21,6,1491469.753554464
Mahindra XUV500,2015,791162,147580,Petrol,Trustmark Dealer,Manual,Second Owner,23.04,1499,98.55,158.84,5,1071557.478497735
Mahindra XUV500,2005,517228,140584,LPG,Dealer,Automatic,Second Owner,22.32,2545,89.88,328.65,6,662953.2523986003
Renault Duster,2021,361143,144547,Electric,Dealer,Automatic,Third Owner,23.98,1369,80.9,291.36,7,437190.0761827821
Skoda Rapid,2022,512106,83623,Petrol,Trustmark Dealer,Manual,Third Owner,28.99,1432,123.26,184.99,5,755161.6138100147
Maruti Swift,2011,150106,193738,Petrol,Individual,Automatic,Second Owner,31.35,2789,60.63,159.6,4,169105.2587486402
Honda City,2016,87282,53979,Petrol,Trustmark Dealer,Automatic,Second Owner,22.93,2191,137.92,101.08,5,114152.5453133348
Maruti Baleno,2013,1112071,32376,CNG,Trustmark Dealer,Manual,Third Owner,27.37,2929,103.56,105.67,4,1565597.6707755942
Maruti Swift,2016,133412,110210,Diesel,Trustmark Dealer,Manual,Third Owner,21.27,1253,143.93,111.46,7,184890.4933668496
Hyundai i20,2022,1127521,183010,Petrol,Individual,Automatic,Fourth & Above Owner,16.92,2878,139.03,312.74,6,1371599.133379966
Volkswagen Polo,2013,770672,23170,Electric,Dealer,Automatic,First Owner,28.01,1467,80.26,249.04,5,1019317.444440775
Toyota Innova,2022,1290131,70628,Diesel,Individual,Automatic,Second Owner,30.62,1201,168.24,205.76,6,1690644.1680930152
Volkswagen Polo,2018,618702,118218,Diesel,Dealer,Manual,Fourth & Above Owner,20.02,2049,90.11,318.57,7,831094.8331207182
Mahindra XUV500,2005,50000,97004,Electric,Individual,Automatic,First Owner,24.67,819,167.66,225.31,6,58193.03472053607
Kia Seltos,2012,69089,163289,Petrol,Individual,Manual,Fourth & Above Owner,19.79,3000,182.53,156.89,6,84036.2778811606
Skoda Rapid,2016,100006,171386,Diesel,Individual,Automatic,Third Owner,16.22,2306,159.32,334.38,4,139551.53743061563
Ford Ecosport,2007,579602,113419,Diesel,Individual,Manual,Fourth & Above Owner,17.61,1489,50.42,289.93,7,809506.8552014463
Hyundai Creta,2021,999676,79906,CNG,Individual,Automatic,First Owner,18.9,2746,84.78,313.34,6,1295498.9154827816
Kia Seltos,2015,613961,182724,LPG,Dealer,Manual,First Owner,14.37,1503,159.34,247.73,7,834186.8479597204
Hyundai i20,2015,414591,34024,LPG,Trustmark Dealer,Manual,Second Owner,32.26,2195,62.62,281.18,5,506637.9647634436
Honda City,2017,579314,156107,CNG,Dealer,Automatic,Fourth & Above Owner,24.79,1744,164.59,124.29,6,729478.0358752641
Skoda Rapid,2006,201107,5026,Petrol,Dealer,Automatic,Fourth & Above Owner,33.61,2463,173.68,331.81,5,259661.2456335943
Renault Duster,2007,873787,109722,CNG,Trustmark Dealer,Manual,Second Owner,17.26,1092,150.13,246.62,4,1121459.0410069071
Hyundai Creta,2015,1174612,24122,LPG,Dealer,Automatic,Second Owner,26.84,1147,179.57,342.91,4,1352891.8113688866
Renault Duster,2021,84027,89052,Electric,Dealer,Automatic,Fourth & Above Owner,28.69,2067,63.61,300.85,4,119814.47535035612
Hyundai Creta,2021,140134,92894,Electric,Individual,Manual,First Owner,16.57,1497,60.97,295.5,4,209310.79521001785
Skoda Rapid,2019,599785,188657,Petrol,Trustmark Dealer,Automatic,Second Owner,25.78,1625,148.0,234.87,4,664321.7896386664
Toyota Innova,2015,628781,194603,CNG,Trustmark Dealer,Automatic,Second Owner,26.53,2603,170.66,196.93,7,862684.7731031482
Volkswagen Polo,2010,93262,114839,Petrol,Trustmark Dealer,Manual,Third Owner,31.74,2737,150.76,123.19,6,109871.83202688769
Kia Seltos,2005,352723,188685,LPG,Individual,Automatic,Third Owner,30.41,2922,149.27,116.42,5,500074.90507864655
Maruti Swift,2017,139335,157047,LPG,Trustmark Dealer,Automatic,Second Owner,28.58,2501,88.2,320.21,6,195126.109820161
Renault Duster,2005,858428,159113,CNG,Individual,Manual,Fourth & Above Owner,17.81,2175,129.52,196.94,5,1070345.0295300852
Ford Ecosport,2014,585086,150505,Diesel,Individual,Automatic,Third Owner,11.98,1314,186.54,242.05,6,867256.487116144
Toyota Innova,2009,313899,32851,Diesel,Trustmark Dealer,Automatic,Second Owner,23.81,1639,186.84,291.41,7,407316.3626747632
Tata Nexon,2012,642806,168400,Electric,Trustmark Dealer,Manual,Second Owner,12.58,2736,89.09,138.34,5,944452.5518899732
Hyundai i20,2013,1101233,99659,CNG,Trustmark Dealer,Manual,Fourth & Above Owner,23.26,2881,107.07,114.3,6,1341632.9154556964
Mahindra XUV500,2020,404471,101815,Electric,Dealer,Automatic,First Owner,20.64,2144,90.37,120.1,7,460939.8099436231
Ford Ecosport,2011,336680,161764,LPG,Individual,Manual,First Owner,16.1,1338,93.19,96.65,4,436872.5149117335
Maruti Swift,2013,977117,47888,Petrol,Dealer,Automatic,Fourth & Above Owner,26.88,2915,81.41,179.25,7,1425736.1436764658
Maruti Swift,2016,410884,82995,LPG,Trustmark Dealer,Automatic,Third Owner,21.57,2526,187.54,258.02,4,535639.6540081513
Volkswagen Polo,2008,846222,69735,Diesel,Dealer,Manual,Third Owner,11.87,1948,199.06,214.95,5,1248042.0834561435
Kia Seltos,2015,50000,160947,LPG,Dealer,Automatic,Second Owner,18.35,2570,52.32,124.6,6,67013.07180166846
Ford Ecosport,2023,574041,16802,CNG,Dealer,Automatic,Second Owner,22.58,2992,103.86,245.79,5,812635.2592730126
Skoda Rapid,2008,464716,147112,LPG,Dealer,Manual,Second Owner,33.81,1711,95.45,139.89,5,594728.1783574127
Hyundai i20,2009,513289,21710,Electric,Dealer,Manual,Third Owner,21.48,2367,63.14,147.13,7,673190.2120037265
Toyota Innova,2007,607488,43998,Diesel,Individual,Manual,First Owner,28.81,1548,52.51,166.98,6,753643.722062876
Maruti Swift,2005,142426,32525,Electric,Dealer,Automatic,Fourth & Above Owner,11.87,2410,152.55,316.23,5,180167.17217383144
Maruti Swift,2015,929998,187830,Diesel,Trustmark Dealer,Manual,First Owner,29.13,1845,115.01,269.86,4,1292684.5384215058
Maruti Baleno,2021,832332,49431,CNG,Dealer,Automatic,Third Owner,26.47,2839,70.63,193.24,7,1175980.806144253
Mahindra XUV500,2016,769823,129887,LPG,Dealer,Automatic,Third Owner,23.06,1991,189.86,244.47,7,1154658.7347466736
Kia Seltos,2006,725496,181340,Electric,Trustmark Dealer,Automatic,Second Owner,21.94,2629,192.57,321.81,4,909444.1761473856
Kia Seltos,2023,1428685,139213,Electric,Dealer,Automatic,Third Owner,17.67,1432,178.59,335.95,4,1995323.5703289355
Kia Seltos,2013,50000,187863,CNG,Individual,Automatic,First Owner,26.67,1770,100.26,300.38,4,61472.64306235768
Honda City,2005,50000,123569,Petrol,Dealer,Automatic,First Owner,32.57,2121,190.62,110.19,4,64875.05309929352
Skoda Rapid,2021,985248,140873,Diesel,Dealer,Manual,First Owner,16.76,2572,191.01,208.66,4,1463941.5127582708
Maruti Swift,2018,261218,30744,Electric,Dealer,Manual,First Owner,28.41,1357,100.16,323.1,7,332952.8242460019
Hyundai Creta,2007,680035,137628,Diesel,Dealer,Automatic,Third Owner,33.7,2949,133.12,313.77,5,997455.405449261
Renault Duster,2021,170656,47538,LPG,Dealer,Manual,First Owner,12.33,835,189.77,112.7,4,231988.39312044068
Renault Duster,2019,181138,187740,Electric,Trustmark Dealer,Automatic,Third Owner,30.03,1512,53.12,241.96,5,218810.6183127232
Ford Ecosport,2005,50000,32999,LPG,Dealer,Manual,Fourth & Above Owner,27.4,2822,115.22,335.59,5,68781.96445039578
Honda City,2020,808954,16597,Diesel,Trustmark Dealer,Manual,Third Owner,24.66,1970,126.1,162.91,6,963356.5999179258
Mahindra XUV500,2007,50000,65296,LPG,Dealer,Manual,Third Owner,19.17,1233,76.37,125.0,7,67436.29584072172
Hyundai i20,2012,739076,52991,Petrol,Individual,Manual,First Owner,18.68,2239,58.31,266.92,5,1084532.398419279
Skoda Rapid,2017,844643,145832,Electric,Trustmark Dealer,Manual,Fourth & Above Owner,17.92,2992,191.46,194.31,7,1250595.0191967955
Hyundai Creta,2021,736898,157293,Diesel,Individual,Manual,Fourth & Above Owner,23.23,1437,83.28,213.96,7,814053.9695603122
Renault Duster,2013,671694,78005,Electric,Trustmark Dealer,Automatic,Second Owner,11.98,2967,153.91,151.81,7,814177.8895417225
Kia Seltos,2021,1227385,109973,Electric,Dealer,Automatic,Third Owner,25.12,1828,79.58,347.06,5,1826234.5280035825
Mahindra XUV500,2012,1016060,16669,Diesel,Dealer,Manual,Second Owner,33.13,1611,179.5,296.7,5,1409561.744454881
Honda City,2016,206149,184329,Electric,Individual,Manual,Second Owner,13.98,2263,54.35,139.88,7,276952.9791501178
Maruti Swift,2023,331780,87882,Electric,Dealer,Manual,First Owner,22.79,2794,192.06,333.37,4,466182.3051691628
Tata Nexon,2016,428236,58595,Electric,Trustmark Dealer,Manual,Fourth & Above Owner,29.4,1357,65.7,304.47,4,579733.9899331266
Kia Seltos,2013,898354,193407,LPG,Individual,Automatic,Fourth & Above Owner,27.88,1504,151.11,217.79,4,1043846.0196469956
Volkswagen Polo,2014,686328,197813,LPG,Trustmark Dealer,Automatic,Third Owner,10.31,2351,79.9,245.17,4,829006.6416103778
Hyundai Creta,2008,269554,60312,Petrol,Trustmark Dealer,Manual,Fourth & Above Owner,11.05,1889,61.8,215.59,4,397678.7654172322
Skoda Rapid,2021,1299996,125548,Petrol,Dealer,Manual,Second Owner,29.0,2064,128.68,257.18,7,1825929.5507574857
Hyundai Creta,2016,50000,72679,Petrol,Dealer,Automatic,Third Owner,31.47,1501,198.36,156.11,5,60905.586293370776
Hyundai i20,2018,1277572,63458,Electric,Trustmark Dealer,Automatic,Fourth & Above Owner,34.71,2620,102.55,177.85,7,1515551.4430156606
Hyundai i20,2018,133139,52112,CNG,Dealer,Automatic,First Owner,12.8,2553,117.26,309.44,6,159000.92629463715
Renault Duster,2022,990667,184714,Diesel,Trustmark Dealer,Automatic,Fourth & Above Owner,31.32,1296,193.47,309.26,5,1256880.3236161575
Kia Seltos,2007,360900,40820,LPG,Trustmark Dealer,Automatic,Fourth & Above Owner,20.14,1587,86.87,226.9,5,399631.33721995336
Kia Seltos,2010,836156,44714,Petrol,Trustmark Dealer,Manual,Fourth & Above Owner,33.98,1675,172.0,242.6,5,1069692.1120254353
Honda City,2011,624520,170479,Electric,Trustmark Dealer,Automatic,Third Owner,17.14,1948,132.1,333.39,7,694610.3691847041
Volkswagen Polo,2006,96273,83347,Electric,Individual,Automatic,First Owner,27.0,1483,145.75,140.37,5,134173.00817650234
Honda City,2020,438142,32163,Petrol,Trustmark Dealer,Manual,First Owner,28.01,2774,72.7,224.46,7,596939.8033775657
Maruti Baleno,2011,651339,120614,Petrol,Trustmark Dealer,Automatic,Third Owner,25.3,2467,179.24,347.52,5,912054.3601102302
Ford Ecosport,2008,1157904,54449,CNG,Trustmark Dealer,Automatic,Fourth & Above Owner,10.88,2572,147.9,333.33,7,1404144.898014731
Kia Seltos,2020,980010,83660,Diesel,Individual,Manual,Second Owner,22.02,1617,84.3,256.91,4,1113280.235934422
Hyundai Creta,2013,591244,32645,Electric,Dealer,Automatic,Third Owner,25.2,1399,118.34,301.39,7,797256.081534194
Maruti Swift,2009,1231987,159329,CNG,Individual,Automatic,Fourth & Above Owner,20.63,2706,85.76,188.53,7,1533465.5729121966
Maruti Baleno,2009,189177,35574,Petrol,Trustmark Dealer,Automatic,First Owner,22.17,1235,58.38,186.38,7,276262.28222890344
Maruti Baleno,2008,959061,67611,Diesel,Trustmark Dealer,Manual,Third Owner,11.47,1280,120.64,128.85,7,1177548.2553920052
Kia Seltos,2017,527000,144105,LPG,Trustmark Dealer,Manual,Fourth & Above Owner,21.0,2170,51.91,260.59,6,613091.1153953791
Mahindra XUV500,2005,319638,111002,Electric,Individual,Automatic,Third Owner,26.89,2766,74.64,312.79,6,466299.650828245
Maruti Baleno,2020,1430303,143675,CNG,Trustmark Dealer,Manual,Third Owner,33.47,1122,185.0,154.86,6,1618440.1541093534
Ford Ecosport,2011,238269,55721,Electric,Individual,Automatic,Fourth & Above Owner,28.89,975,72.66,110.96,5,283168.347488312
Maruti Baleno,2007,737736,115007,Diesel,Trustmark Dealer,Manual,First Owner,33.03,2189,142.0,340.44,6,1001366.2930336086
Mahindra XUV500,2014,1058451,36635,Electric,Individual,Manual,Third Owner,18.8,1891,77.18,193.78,6,1282253.6185838687
Kia Seltos,2012,653909,107407,LPG,Individual,Automatic,Third Owner,32.01,1324,164.84,264.94,6,748430.6998192891
Maruti Baleno,2012,50000,7810,Diesel,Dealer,Manual,Second Owner,18.09,2930,73.63,239.63,5,60938.965947491655
Maruti Swift,2010,50000,171363,Electric,Dealer,Automatic,First Owner,31.52,1060,146.59,283.47,5,60188.68173097052
Ford Ecosport,2017,1249812,168384,CNG,Individual,Manual,Second Owner,10.07,2274,141.44,222.01,4,1637184.1597412871
Tata Nexon,2020,200783,84705,CNG,Individual,Manual,Fourth & Above Owner,10.34,951,74.13,198.59,7,269926.4282499325
Maruti Swift,2011,728809,119948,CNG,Dealer,Manual,Second Owner,23.69,2647,179.64,315.76,5,822773.7276355262
Hyundai i20,2017,146733,18714,CNG,Individual,Automatic,Second Owner,21.74,2071,151.12,312.17,4,201362.4581253293
Maruti Baleno,2023,438870,165263,Diesel,Individual,Manual,First Owner,25.22,2906,100.96,340.24,6,500094.13577890873
Honda City,2016,581836,84537,Electric,Trustmark Dealer,Automatic,Second Owner,16.34,1570,194.09,254.76,7,702540.9458482583
Toyota Innova,2022,1209259,12533,Petrol,Trustmark Dealer,Automatic,Third Owner,19.84,2281,53.89,139.88,5,1676666.7983825982
Tata Nexon,2007,50000,108435,CNG,Dealer,Manual,First Owner,17.14,1832,80.88,223.33,6,56513.04071712383
Skoda Rapid,2009,50000,43913,LPG,Dealer,Automatic,Fourth & Above Owner,18.14,1088,99.1,132.24,7,55279.67946727655
Mahindra XUV500,2011,1178085,103231,Diesel,Individual,Automatic,Fourth & Above Owner,20.67,2119,160.37,151.51,4,1381835.5219383182
Honda City,2017,283717,188399,CNG,Dealer,Automatic,First Owner,34.83,1768,185.74,325.03,7,362692.3408774045
Maruti Baleno,2009,229350,64726,CNG,Dealer,Automatic,First Owner,25.07,1408,143.35,247.49,5,287681.3977715982
Tata Nexon,2011,1096567,15209,CNG,Dealer,Manual,Second Owner,13.85,2181,90.72,345.36,7,1441604.2004727796
Maruti Baleno,2013,531984,157566,LPG,Trustmark Dealer,Automatic,First Owner,27.19,2513,177.79,101.6,5,679692.5981722939
Mahindra XUV500,2021,1097616,167578,CNG,Dealer,Manual,Fourth & Above Owner,11.48,1557,129.99,295.69,5,1357344.6589307515
Maruti Swift,2006,226794,87889,LPG,Individual,Manual,Fourth & Above Owner,19.63,1296,91.35,278.24,6,319361.5171120783
Renault Duster,2014,1140551,6230,CNG,Individual,Automatic,Third Owner,11.18,1658,161.66,294.9,5,1708818.7784009443
Maruti Baleno,2011,1043598,160575,CNG,Individual,Manual,Fourth & Above Owner,22.28,1660,131.74,281.22,7,1404043.4448464643
Hyundai Creta,2022,193963,101630,Electric,Dealer,Automatic,Second Owner,32.91,1007,124.17,348.11,7,228301.58968939257
Maruti Swift,2021,330312,168248,LPG,Trustmark Dealer,Manual,Second Owner,20.03,1894,55.42,328.8,7,486968.86486123374
Toyota Innova,2016,690706,174077,CNG,Individual,Manual,Second Owner,14.39,1942,107.17,228.9,5,995100.1952805272
Hyundai i20,2012,1137869,8249,LPG,Trustmark Dealer,Automatic,Third Owner,12.82,1188,120.71,311.19,6,1296086.8388571667
Tata Nexon,2014,149325,199881,LPG,Trustmark Dealer,Automatic,First Owner,32.66,1632,119.55,186.88,4,217407.32930041457
Ford Ecosport,2012,560181,8951,CNG,Trustmark Dealer,Automatic,Fourth & Above Owner,22.5,2853,56.76,214.77,7,632661.9785634617
Hyundai i20,2005,68406,124607,LPG,Trustmark Dealer,Automatic,Second Owner,27.62,2914,128.73,95.86,6,77751.92740949753
Mahindra XUV500,2019,484178,170632,Petrol,Trustmark Dealer,Automatic,First Owner,15.77,2527,66.27,118.49,7,645371.38011255
Tata Nexon,2006,404839,184750,LPG,Individual,Manual,Fourth & Above Owner,18.4,2524,167.65,260.29,4,605998.3710497336
Honda City,2021,1310707,24663,CNG,Individual,Automatic,First Owner,21.46,2390,128.89,286.29,6,1930207.39939977
Mahindra XUV500,2017,1197159,191154,Petrol,Individual,Manual,Third Owner,18.15,1809,71.13,154.89,7,1627585.0919710323
Skoda Rapid,2023,696342,166782,CNG,Dealer,Manual,Third Owner,21.5,2599,82.41,111.0,4,825393.5869696498
Ford Ecosport,2018,689887,125239,LPG,Trustmark Dealer,Automatic,Third Owner,31.46,2473,123.35,111.04,7,988181.5911362892
Honda City,2013,993737,58198,Diesel,Dealer,Manual,Fourth & Above Owner,15.34,1794,166.97,147.65,4,1259149.3425498812
Kia Seltos,2005,615061,154430,Petrol,Individual,Manual,Third Owner,14.51,1449,89.65,266.72,4,841507.4875772677
Maruti Baleno,2019,537542,155951,CNG,Trustmark Dealer,Automatic,Third Owner,16.43,945,138.67,103.86,7,648840.2951153542
Volkswagen Polo,2020,966388,177939,Petrol,Individual,Automatic,Third Owner,32.28,2591,198.25,90.88,7,1072917.5711004196
Kia Seltos,2006,1003719,108186,Diesel,Individual,Manual,Fourth & Above Owner,12.5,1471,60.96,131.51,6,1316300.0748571998
Maruti Swift,2017,265349,156312,Diesel,Individual,Automatic,Fourth & Above Owner,10.9,2464,147.87,309.67,5,366940.933208872
Honda City,2005,196838,9752,CNG,Trustmark Dealer,Manual,Fourth & Above Owner,15.26,1360,118.85,142.42,6,275902.88589677616
Mahindra XUV500,2013,201788,92735,Electric,Dealer,Automatic,First Owner,27.79,2080,81.12,335.05,5,237509.7919988741
Honda City,2017,590305,174301,CNG,Trustmark Dealer,Automatic,First Owner,26.2,874,171.05,193.72,7,860035.1333051407
Renault Duster,2005,112194,11599,Petrol,Individual,Automatic,First Owner,24.61,920,84.38,129.07,6,128380.85384736845
Mahindra XUV500,2013,193126,76259,Electric,Dealer,Manual,Fourth & Above Owner,32.61,1963,134.76,138.76,4,247815.641954288
Volkswagen Polo,2011,357937,132677,LPG,Dealer,Automatic,Fourth & Above Owner,13.98,1518,114.59,276.52,6,506584.0046424742
Ford Ecosport,2012,122261,72128,Electric,Dealer,Manual,First Owner,24.12,1928,118.98,316.7,5,135276.06770545995
Maruti Swift,2014,497440,108944,LPG,Individual,Manual,Fourth & Above Owner,14.69,1797,59.17,305.82,4,652377.6219638188
Maruti Swift,2018,469692,161518,Electric,Trustmark Dealer,Manual,Fourth & Above Owner,11.71,1687,73.85,223.44,5,607620.4015774798
Maruti Baleno,2019,1065931,25636,Petrol,Individual,Manual,Second Owner,25.34,2664,118.25,224.37,7,1293339.510851962
Renault Duster,2023,1084806,142878,LPG,Dealer,Automatic,Third Owner,20.46,1918,73.68,322.84,5,1566935.2504348278
Volkswagen Polo,2019,576874,7020,CNG,Individual,Automatic,Second Owner,21.17,1773,195.69,132.18,5,637161.9262316133
Skoda Rapid,2023,932386,114064,Electric,Dealer,Automatic,Third Owner,21.75,877,50.78,192.33,4,1225804.670841989
Renault Duster,2010,1177777,190183,Petrol,Trustmark Dealer,Automatic,First Owner,28.73,2490,144.05,143.44,4,1461666.8621233746
Kia Seltos,2011,179450,156977,Diesel,Dealer,Manual,Third Owner,19.32,2884,62.56,240.22,7,225374.65253505632
Honda City,2023,251196,23319,LPG,Trustmark Dealer,Manual,Third Owner,17.77,2825,110.09,349.05,5,280668.8907282724
Volkswagen Polo,2005,50000,150720,Electric,Dealer,Manual,Second Owner,22.19,1721,80.04,126.1,6,56221.47393933239
Tata Nexon,2018,674092,68416,CNG,Dealer,Automatic,Second Owner,21.93,1809,145.73,203.05,7,988957.894388866
Volkswagen Polo,2013,272179,159234,CNG,Trustmark Dealer,Manual,Fourth & Above Owner,17.38,2120,138.1,192.25,5,402892.6139125273
Mahindra XUV500,2010,1099748,164499,CNG,Trustmark Dealer,Automatic,Second Owner,24.9,2344,178.31,234.88,4,1573430.6927058743
Tata Nexon,2012,50000,97261,LPG,Dealer,Automatic,Fourth & Above Owner,13.77,1240,156.47,263.08,4,74926.56429936805
Maruti Swift,2014,686379,170541,Petrol,Trustmark Dealer,Automatic,Third Owner,25.94,2365,191.58,115.45,7,756545.4617282592
Hyundai Creta,2008,920288,66443,LPG,Trustmark Dealer,Manual,First Owner,11.93,2236,75.51,226.3,7,1153627.4426606218
Mahindra XUV500,2014,1078513,188680,Electric,Individual,Automatic,Fourth & Above Owner,32.51,962,88.57,98.97,7,1502963.8066029004
Tata Nexon,2020,742139,62564,Petrol,Dealer,Automatic,Third Owner,31.08,2667,133.07,322.51,4,843577.3644335956
Tata Nexon,2017,84105,106025,Diesel,Trustmark Dealer,Manual,First Owner,16.38,2193,195.49,251.78,6,113593.06053553346
Ford Ecosport,2019,411247,182702,CNG,Trustmark Dealer,Automatic,Fourth & Above Owner,14.69,2518,123.57,205.31,5,596675.7067110899
Tata Nexon,2015,1103206,197992,Electric,Dealer,Automatic,First Owner,24.12,2476,197.68,218.23,7,1245039.1478550856
Volkswagen Polo,2019,1360816,146099,Petrol,Dealer,Automatic,First Owner,33.49,875,150.7,327.18,6,1539383.137597108
Mahindra XUV500,2018,928051,153625,Diesel,Dealer,Manual,Third Owner,10.45,2102,52.72,196.25,7,1303853.1850972625
Volkswagen Polo,2017,698366,66937,LPG,Trustmark Dealer,Automatic,Second Owner,13.98,2821,131.32,181.46,4,1037006.6608742806
Tata Nexon,2021,147890,140926,Diesel,Trustmark Dealer,Automatic,Fourth & Above Owner,19.0,2831,157.45,304.61,5,166309.1004397619
Volkswagen Polo,2019,1159659,49417,CNG,Dealer,Automatic,Third Owner,28.5,2741,142.03,302.29,6,1516949.8127026754
Tata Nexon,2020,395359,105120,Diesel,Dealer,Automatic,Third Owner,27.77,2742,136.21,340.75,7,546578.2840896673
Kia Seltos,2006,729320,192986,Electric,Dealer,Manual,Second Owner,30.1,1608,73.88,326.96,6,876654.8456092816
Skoda Rapid,2013,148547,142037,Petrol,Dealer,Automatic,Second Owner,15.53,1305,165.08,122.52,4,169791.91762100888
Hyundai Creta,2010,641007,121077,CNG,Trustmark Dealer,Manual,Third Owner,24.9,860,69.27,280.58,4,771969.0345460314
Tata Nexon,2018,698469,118739,CNG,Dealer,Automatic,Second Owner,14.25,2442,97.66,252.54,4,1046770.6095199336
Ford Ecosport,2013,989511,140900,CNG,Dealer,Automatic,Third Owner,21.33,2375,150.74,97.54,4,1457018.75127914
Maruti Swift,2009,564818,150366,Diesel,Individual,Automatic,Third Owner,30.38,2807,80.77,345.47,4,683954.9373106819
Toyota Innova,2015,302809,166116,Electric,Trustmark Dealer,Automatic,Third Owner,12.84,2787,182.27,284.87,7,388842.56400777
Toyota Innova,2021,986539,150070,CNG,Dealer,Automatic,Second Owner,18.53,2311,55.44,346.47,5,1116930.0889409415
Maruti Baleno,2018,873676,112113,Electric,Dealer,Manual,Second Owner,28.87,2798,65.92,305.31,4,967100.4919047965
Toyota Innova,2018,950442,134985,CNG,Dealer,Automatic,Second Owner,10.26,1058,55.65,199.56,5,1230617.87867169
Mahindra XUV500,2007,50000,40978,CNG,Trustmark Dealer,Manual,Fourth & Above Owner,11.13,2823,195.25,241.87,5,74468.4270466596
Ford Ecosport,2014,356160,90524,Diesel,Individual,Manual,Fourth & Above Owner,20.72,2908,111.93,116.08,5,456018.82619306433
Maruti Baleno,2021,1176382,60667,Petrol,Dealer,Manual,First Owner,20.61,1577,110.76,323.84,5,1517030.4821983485
Honda City,2021,1246135,89509,Electric,Dealer,Manual,Second Owner,16.01,1809,136.02,259.86,4,1375136.988718507
Honda City,2011,1074065,62599,Electric,Individual,Manual,First Owner,18.74,2212,133.37,282.14,6,1218176.160195803
Hyundai Creta,2023,821368,161704,Petrol,Individual,Automatic,First Owner,14.46,2843,129.05,179.87,7,1091822.8239102869
Maruti Swift,2010,271048,28178,Electric,Trustmark Dealer,Automatic,Third Owner,25.12,2547,192.06,281.68,4,349688.829654464
Honda City,2016,811042,70531,Diesel,Trustmark Dealer,Manual,Fourth & Above Owner,20.54,1051,116.87,230.8,5,1136956.243371564
Maruti Swift,2019,139076,135718,CNG,Individual,Manual,First Owner,17.84,2477,152.95,164.31,4,196682.0288181153
Ford Ecosport,2005,237461,23442,Diesel,Individual,Automatic,Fourth & Above Owner,11.62,2890,173.84,337.89,6,330411.608300592
Volkswagen Polo,2020,947891,88398,Electric,Dealer,Automatic,Third Owner,14.7,2498,150.27,232.31,4,1182833.0487668607
Honda City,2011,611550,155135,Diesel,Trustmark Dealer,Manual,Fourth & Above Owner,19.12,1453,85.72,105.03,5,894974.6730515817
Honda City,2009,413996,166712,Electric,Individual,Automatic,First Owner,14.91,2526,125.45,169.02,4,463892.2122834827
Volkswagen Polo,2012,1143950,27092,Electric,Individual,Manual,Second Owner,11.24,888,190.72,173.87,5,1711894.300047963
Maruti Swift,2008,782142,186067,Petrol,Individual,Manual,Third Owner,30.39,1620,152.2,95.38,7,1131295.0109663226
Skoda Rapid,2014,291781,148215,LPG,Individual,Manual,Second Owner,12.18,2722,107.9,258.79,5,397739.7263379516
Volkswagen Polo,2021,365681,130160,LPG,Trustmark Dealer,Manual,Second Owner,12.08,2727,184.83,278.95,4,433792.78372264927
Hyundai i20,2023,212091,76373,CNG,Individual,Manual,Third Owner,12.77,1577,75.87,156.96,6,270264.99601096794
Kia Seltos,2011,50000,120719,Petrol,Trustmark Dealer,Manual,Second Owner,22.67,2262,96.0,178.01,5,73317.07301327554
Skoda Rapid,2009,645762,125157,Diesel,Dealer,Manual,Second Owner,29.0,2480,95.36,279.85,6,711997.0801646168
Honda City,2010,237456,58009,LPG,Dealer,Manual,Fourth & Above Owner,34.79,1351,165.18,328.42,5,275218.53438071825
Kia Seltos,2023,168015,95397,LPG,Trustmark Dealer,Manual,Fourth & Above Owner,34.84,2749,127.04,295.17,5,208830.2554907633
Renault Duster,2011,278675,129878,CNG,Individual,Automatic,Third Owner,33.95,2739,191.37,303.22,5,314292.2953149545
Skoda Rapid,2010,681145,120394,CNG,Dealer,Automatic,Third Owner,14.19,2890,186.4,296.45,6,843318.3735915693
Honda City,2013,868370,50548,Electric,Dealer,Automatic,Fourth & Above Owner,13.27,2079,150.34,306.65,5,1002108.0944271804
Mahindra XUV500,2008,106551,162765,LPG,Trustmark Dealer,Automatic,Third Owner,19.31,1550,51.37,98.14,4,138151.3291088004
Hyundai Creta,2019,325275,85001,LPG,Individual,Automatic,First Owner,24.37,2948,197.31,279.5,7,443323.67392446
Tata Nexon,2015,924497,81400,Electric,Individual,Manual,Third Owner,33.38,2916,84.36,109.37,6,1325955.6523582248
Toyota Innova,2018,740376,42404,Diesel,Trustmark Dealer,Manual,First Owner,34.36,2951,123.63,244.38,7,840846.8555573786
Mahindra XUV500,2008,50000,173142,Petrol,Individual,Automatic,Fourth & Above Owner,22.66,804,69.17,116.32,5,74601.31225802611
Tata Nexon,2011,998200,136611,Electric,Individual,Manual,Third Owner,25.69,1100,166.41,215.62,6,1284288.5239788871
Mahindra XUV500,2008,594378,65999,LPG,Individual,Automatic,Fourth & Above Owner,32.81,2246,107.56,309.24,5,726525.8364550169
Mahindra XUV500,2014,620027,192256,CNG,Individual,Automatic,Fourth & Above Owner,32.16,2355,59.67,280.33,4,871082.8348929713
Hyundai Creta,2013,328462,70293,CNG,Individual,Automatic,Fourth & Above Owner,34.97,1936,76.65,110.2,5,452783.865453776
Hyundai Creta,2005,446847,131108,Diesel,Dealer,Manual,Third Owner,31.48,1003,99.25,174.44,7,589554.3105407405
Skoda Rapid,2008,50000,74258,Electric,Individual,Automatic,Fourth & Above Owner,10.1,1271,93.79,104.62,4,61374.64172862776
Renault Duster,2019,967209,33145,Petrol,Trustmark Dealer,Automatic,Second Owner,12.95,2289,82.07,163.74,4,1287535.34576088
Skoda Rapid,2015,282187,197761,Diesel,Individual,Manual,Fourth & Above Owner,11.89,2784,163.23,246.28,5,338359.15444679186
Ford Ecosport,2005,299201,114604,Diesel,Trustmark Dealer,Manual,Fourth & Above Owner,17.32,2746,59.55,145.44,7,378950.8523141153
Tata Nexon,2013,945143,158009,Diesel,Individual,Automatic,Second Owner,25.06,1998,88.57,215.3,6,1188234.808656231
Kia Seltos,2007,50000,189515,Petrol,Dealer,Automatic,Fourth & Above Owner,32.07,1646,105.25,108.37,7,63978.19499450549
Mahindra XUV500,2014,1160689,29772,CNG,Individual,Manual,Fourth & Above Owner,19.45,1475,127.31,260.89,7,1357557.8800956784
Skoda Rapid,2022,843955,129783,Petrol,Trustmark Dealer,Manual,Second Owner,33.55,1460,80.24,281.46,4,1040656.127459712
Maruti Swift,2009,1065030,106422,CNG,Trustmark Dealer,Manual,Second Owner,32.45,2322,55.37,236.36,5,1174494.5893252918
Skoda Rapid,2006,50000,106231,Electric,Dealer,Manual,Third Owner,32.05,1026,105.64,172.18,6,62401.19165140193
Ford Ecosport,2014,1009585,128009,Diesel,Individual,Manual,Third Owner,16.75,1079,64.49,94.74,7,1112829.7196708636
Toyota Innova,2016,345162,151336,Diesel,Trustmark Dealer,Manual,Third Owner,15.06,2328,104.09,184.78,4,389484.6170456988
Hyundai i20,2020,210953,183746,CNG,Individual,Automatic,First Owner,13.99,1183,57.97,187.85,7,252018.4212790442
Renault Duster,2014,1071653,16365,Petrol,Trustmark Dealer,Automatic,First Owner,17.14,2047,55.35,329.24,7,1570186.3883891222
Honda City,2010,332714,27914,CNG,Dealer,Automatic,Third Owner,15.2,1915,78.12,186.3,7,462087.0396964185
Toyota Innova,2016,184065,67243,Diesel,Individual,Automatic,Third Owner,22.38,1761,128.54,242.25,6,218748.27188645172
Mahindra XUV500,2013,1056952,63952,LPG,Trustmark Dealer,Manual,Third Owner,34.06,1610,181.09,340.46,7,1214269.1919538998
Honda City,2021,335812,32934,Petrol,Dealer,Automatic,Fourth & Above Owner,34.0,1750,150.4,310.48,7,395777.2650907096
Toyota Innova,2006,648071,42435,Diesel,Trustmark Dealer,Manual,Second Owner,10.94,822,81.9,148.87,7,837347.2007838148
Ford Ecosport,2014,665038,31709,Petrol,Trustmark Dealer,Manual,Second Owner,12.04,1108,136.02,314.31,4,932597.5982498832
Renault Duster,2014,1268241,24442,Electric,Dealer,Manual,Fourth & Above Owner,22.28,857,160.24,270.32,6,1649905.415786454
Tata Nexon,2019,1336264,24868,Electric,Individual,Automatic,Fourth & Above Owner,17.87,1750,104.23,140.85,4,1947278.2936700927
Tata Nexon,2016,1197014,143661,Petrol,Individual,Automatic,Second Owner,15.85,2425,153.79,115.51,7,1391047.1248103613
Volkswagen Polo,2017,601554,30921,Diesel,Dealer,Automatic,Second Owner,26.53,934,96.79,228.33,4,863541.6635725325
Skoda Rapid,2022,1214078,196451,Diesel,Dealer,Automatic,Third Owner,29.45,2974,115.85,233.7,5,1790993.2604862163
Ford Ecosport,2009,1152376,191986,CNG,Dealer,Manual,Third Owner,20.88,1611,109.1,207.16,4,1419582.0327279265
Mahindra XUV500,2011,602175,163150,Diesel,Dealer,Manual,Fourth & Above Owner,17.66,2290,178.81,314.18,6,791626.2777682198
Maruti Swift,2008,664093,90994,Electric,Dealer,Automatic,First Owner,28.36,2890,113.99,215.98,5,879894.6478835499
Mahindra XUV500,2006,50000,33638,Diesel,Dealer,Automatic,First Owner,20.34,878,104.52,137.55,6,72522.25222650405
Tata Nexon,2015,1299606,155586,LPG,Trustmark Dealer,Automatic,Fourth & Above Owner,29.36,1793,187.98,162.38,7,1741268.4762323303
Renault Duster,2023,1117021,102004,Electric,Trustmark Dealer,Manual,Second Owner,13.61,2491,167.77,311.6,6,1432759.959848062
Mahindra XUV500,2010,50000,60881,Electric,Dealer,Automatic,Second Owner,25.18,1511,118.99,335.47,4,70359.42935871986
Ford Ecosport,2006,472781,37488,Petrol,Dealer,Manual,Fourth & Above Owner,24.72,1268,130.23,299.29,7,535326.2585811786
Mahindra XUV500,2018,1265980,172102,LPG,Trustmark Dealer,Manual,First Owner,22.87,2749,117.41,163.87,4,1627518.3205253666
Tata Nexon,2019,1149487,182014,CNG,Individual,Automatic,Second Owner,30.53,1906,148.75,330.35,7,1373775.546471666
Toyota Innova,2010,619070,174146,LPG,Dealer,Automatic,First Owner,29.63,2475,113.34,322.15,4,707685.2323171021
Kia Seltos,2015,494028,33438,Electric,Trustmark Dealer,Manual,First Owner,10.59,2171,158.52,248.34,7,704408.8110371286
Maruti Swift,2007,258387,73739,Diesel,Dealer,Automatic,Second Owner,10.25,1118,138.21,247.09,5,306879.4346179836
Tata Nexon,2007,1084927,192191,Diesel,Dealer,Automatic,First Owner,17.33,1520,101.81,160.86,6,1494611.446060798
Kia Seltos,2017,644438,180900,Diesel,Individual,Manual,Third Owner,30.07,2606,192.23,130.06,6,905977.4614549228
Toyota Innova,2012,50000,66685,CNG,Trustmark Dealer,Automatic,Second Owner,30.59,1488,169.37,232.69,6,74874.2413832634
Honda City,2014,1042728,118834,Petrol,Individual,Automatic,First Owner,29.11,1337,73.68,261.81,4,1344519.428068761
Hyundai i20,2009,556293,22526,Petrol,Trustmark Dealer,Automatic,Second Owner,17.17,1627,51.13,284.36,7,660218.7380918545
Skoda Rapid,2021,192349,12914,LPG,Individual,Manual,Fourth & Above Owner,28.93,1320,182.21,283.71,5,228229.4641680088
Maruti Swift,2022,371579,133051,Diesel,Dealer,Manual,First Owner,14.02,1665,157.78,248.16,6,487973.1886904743
Hyundai Creta,2012,706828,142049,Electric,Individual,Automatic,Second Owner,28.59,995,63.49,172.93,4,929587.476927802
Renault Duster,2007,188443,150110,CNG,Individual,Automatic,First Owner,16.01,2347,121.03,258.67,5,217363.6794053121
Tata Nexon,2007,50000,18714,Electric,Trustmark Dealer,Manual,Second Owner,15.05,2600,109.94,119.33,7,63244.890512599886
Maruti Swift,2014,50000,189911,Electric,Trustmark Dealer,Manual,Fourth & Above Owner,34.24,2243,178.72,269.28,7,70131.96468920427
Hyundai i20,2022,1008705,92850,CNG,Dealer,Automatic,First Owner,24.16,831,163.6,231.64,7,1380684.0286528792
Hyundai Creta,2014,830347,112832,Electric,Dealer,Automatic,Third Owner,23.72,2082,161.7,285.4,6,1058083.885191789
Skoda Rapid,2007,154757,98193,CNG,Trustmark Dealer,Manual,Third Owner,26.36,1421,128.09,331.93,7,217021.7607853049
Renault Duster,2019,734086,96699,CNG,Trustmark Dealer,Automatic,Third Owner,21.51,2939,123.37,289.79,6,988569.2754671013
Ford Ecosport,2017,1005222,35671,Diesel,Dealer,Manual,Third Owner,10.11,1198,89.83,202.8,6,1269630.1166575956
Toyota Innova,2022,854674,152664,Petrol,Individual,Automatic,Third Owner,16.4,1497,95.64,341.29,4,1057255.6575055618
Tata Nexon,2023,270935,11500,Petrol,Trustmark Dealer,Manual,Fourth & Above Owner,24.41,2236,60.41,337.5,5,348147.15113925724
Maruti Swift,2015,189581,98599,CNG,Individual,Manual,First Owner,24.88,846,170.68,244.25,4,245960.60273114487
Tata Nexon,2006,198788,34132,LPG,Trustmark Dealer,Manual,Second Owner,27.49,2260,58.85,206.43,4,253100.87760832268
Toyota Innova,2023,991211,20989,Diesel,Individual,Manual,Fourth & Above Owner,28.0,2983,149.53,326.13,4,1267714.3149151204
Maruti Baleno,2020,515655,130608,Diesel,Individual,Automatic,Fourth & Above Owner,13.73,886,120.47,241.66,6,585801.9714614545
Hyundai i20,2020,1207168,37209,Petrol,Trustmark Dealer,Automatic,First Owner,21.81,1334,152.63,331.89,5,1339140.4135235583
Maruti Baleno,2008,1081091,167420,CNG,Trustmark Dealer,Manual,Second Owner,27.24,2035,194.05,136.84,4,1413908.2761665487
Maruti Baleno,2007,1041696,76024,CNG,Trustmark Dealer,Automatic,First Owner,13.15,2310,133.94,126.24,6,1551037.9070760016
Skoda Rapid,2019,236018,8520,Petrol,Trustmark Dealer,Manual,First Owner,17.68,1243,103.18,177.16,7,301897.9552079025
Tata Nexon,2022,773412,83940,LPG,Individual,Automatic,Second Owner,20.99,830,188.31,162.69,7,852790.1188462949
Volkswagen Polo,2020,1322411,87936,LPG,Individual,Manual,Second Owner,12.07,1487,53.17,338.77,4,1648963.379918168
Mahindra XUV500,2016,1293153,60353,CNG,Dealer,Manual,Second Owner,25.48,2295,147.66,259.69,7,1875462.7175678948
Mahindra XUV500,2018,101328,44676,CNG,Dealer,Manual,First Owner,17.38,1095,143.74,202.89,7,139520.26857519662
Mahindra XUV500,2015,156629,35152,Electric,Dealer,Manual,Fourth & Above Owner,23.82,1268,104.68,226.26,7,231405.25331861465
Toyota Innova,2005,273973,106474,Diesel,Trustmark Dealer,Automatic,Third Owner,29.65,1550,189.54,175.38,4,380973.8276672844
Renault Duster,2007,50000,149321,Diesel,Individual,Automatic,First Owner,15.88,2524,167.05,207.84,4,57866.86964898038
Hyundai Creta,2005,791395,5842,CNG,Trustmark Dealer,Manual,Fourth & Above Owner,32.75,2722,109.15,327.91,7,916722.6784474724
Hyundai Creta,2022,607441,100221,LPG,Trustmark Dealer,Automatic,Second Owner,34.04,894,77.18,309.0,4,671011.2197011425
Hyundai Creta,2015,1029816,144456,Petrol,Individual,Manual,First Owner,12.23,1385,93.61,233.86,5,1533070.2700356718
Tata Nexon,2007,685267,38551,Petrol,Trustmark Dealer,Manual,Fourth & Above Owner,23.0,2449,170.52,278.39,4,874110.3264432253
Hyundai i20,2014,803140,96359,Petrol,Dealer,Automatic,Second Owner,11.36,1196,171.88,224.73,6,1016273.8663862518
Tata Nexon,2023,294684,20311,LPG,Dealer,Automatic,First Owner,32.27,1719,143.16,283.63,4,414729.9791822571
Hyundai i20,2005,582902,156049,Diesel,Dealer,Automatic,Second Owner,14.59,935,109.31,119.86,6,823616.188380412
Hyundai i20,2021,861255,133723,Diesel,Individual,Manual,Fourth & Above Owner,33.66,2411,73.82,302.04,4,1086829.3202386762
Honda City,2019,251463,198108,Petrol,Trustmark Dealer,Manual,First Owner,22.83,1578,130.8,93.92,4,351423.2992217919
Kia Seltos,2018,193696,121034,CNG,Dealer,Automatic,Fourth & Above Owner,13.07,1700,78.95,328.08,6,221841.21748673863
Volkswagen Polo,2022,750610,135315,Electric,Dealer,Manual,Second Owner,21.52,1439,133.23,117.86,7,918993.643186012
Tata Nexon,2016,856018,122665,Petrol,Trustmark Dealer,Manual,Fourth & Above Owner,34.34,1449,110.76,232.92,6,1158436.047339983
Maruti Swift,2009,789483,84435,LPG,Trustmark Dealer,Manual,First Owner,19.79,2756,108.28,286.96,5,1164851.04875325
Skoda Rapid,2020,1285293,182799,LPG,Individual,Manual,Fourth & Above Owner,31.86,854,91.6,297.8,7,1745012.2285642235
Hyundai i20,2008,50000,40406,LPG,Dealer,Automatic,First Owner,10.46,2935,98.89,215.39,7,60227.7295833559
Kia Seltos,2005,318268,15409,Electric,Trustmark Dealer,Automatic,First Owner,31.84,1831,109.34,204.98,4,465489.8300544402
Honda City,2011,50000,182706,CNG,Dealer,Manual,First Owner,12.09,1068,71.78,101.93,7,61250.373476463225
Mahindra XUV500,2016,1078346,120510,CNG,Dealer,Manual,First Owner,16.78,1581,54.98,275.51,5,1276159.7200867017
Maruti Swift,2011,50000,62953,CNG,Individual,Automatic,First Owner,10.3,2653,83.03,142.54,4,60422.11862563389
Maruti Swift,2018,420915,138076,LPG,Trustmark Dealer,Automatic,Fourth & Above Owner,29.51,2940,52.85,211.19,5,534518.5080681155
Toyota Innova,2015,592856,198851,Diesel,Trustmark Dealer,Manual,Second Owner,23.84,2886,139.01,313.81,5,711020.1109546971
Skoda Rapid,2008,432941,128994,Electric,Individual,Manual,Second Owner,19.6,1149,128.59,297.61,7,495555.6679738409
Skoda Rapid,2021,1360867,129211,Diesel,Dealer,Manual,Second Owner,26.19,1371,114.03,239.77,6,1581114.5976304223
Hyundai Creta,2017,969825,96464,Petrol,Dealer,Manual,Second Owner,20.74,1346,143.33,107.67,7,1097973.839211474
Mahindra XUV500,2019,329412,49497,LPG,Individual,Automatic,Fourth & Above Owner,10.18,1221,54.64,153.03,7,490618.6784347688
Honda City,2005,146631,41991,Electric,Individual,Manual,Second Owner,18.41,878,196.04,319.42,4,165470.60921378472
Ford Ecosport,2020,365349,120868,Petrol,Dealer,Automatic,Fourth & Above Owner,25.84,2113,60.43,205.13,6,419600.8675589557
Toyota Innova,2021,220423,78887,CNG,Individual,Manual,First Owner,17.03,1001,58.2,260.96,7,261488.7922569103
Honda City,2020,787535,88951,LPG,Trustmark Dealer,Automatic,Fourth & Above Owner,34.54,935,194.06,123.18,5,912275.493881658
Hyundai i20,2007,363893,150188,LPG,Trustmark Dealer,Automatic,First Owner,20.67,2179,137.17,120.92,6,493181.4097931837
Hyundai Creta,2010,223841,188571,CNG,Dealer,Automatic,Second Owner,12.84,1227,86.0,182.98,7,270029.1600087612
Mahindra XUV500,2022,1226928,82514,LPG,Individual,Manual,First Owner,33.33,950,144.84,95.27,5,1417977.0665278502
Tata Nexon,2014,497042,120623,LPG,Trustmark Dealer,Manual,Fourth & Above Owner,31.57,2450,160.1,170.91,5,597658.8132612611
Tata Nexon,2015,692463,15235,Petrol,Dealer,Automatic,Fourth & Above Owner,21.84,2201,144.11,305.46,4,810804.7610220413
Volkswagen Polo,2005,50000,82285,Petrol,Individual,Automatic,Third Owner,13.19,1024,53.67,149.08,4,67459.60504556225
Renault Duster,2020,168309,194959,Electric,Trustmark Dealer,Automatic,Second Owner,24.54,847,114.75,105.6,7,202228.6824178949
Ford Ecosport,2018,1231386,133522,Diesel,Trustmark Dealer,Automatic,Third Owner,28.17,2423,143.89,143.48,4,1589601.9862223698
Honda City,2019,460606,134120,LPG,Trustmark Dealer,Manual,Third Owner,15.95,2544,87.13,336.59,5,600646.7066476241
Hyundai Creta,2009,300002,121130,Petrol,Dealer,Automatic,Second Owner,14.1,1727,165.71,222.56,4,358070.12385930365
Volkswagen Polo,2021,886112,161592,Electric,Individual,Automatic,Second Owner,16.41,2235,73.66,314.98,4,1008213.522718779
Volkswagen Polo,2019,160693,151225,Electric,Individual,Automatic,Fourth & Above Owner,28.31,2075,92.58,97.58,6,194497.81786602072
Honda City,2009,468873,30657,LPG,Trustmark Dealer,Manual,Fourth & Above Owner,29.23,1900,162.67,159.8,4,632364.5072356891
Ford Ecosport,2007,294242,124518,Diesel,Trustmark Dealer,Automatic,Second Owner,30.79,1835,88.78,264.62,4,423229.9726271202
Hyundai i20,2014,85636,32718,Diesel,Individual,Manual,First Owner,26.76,1809,121.55,347.6,6,120482.9680815162
Renault Duster,2017,1358018,110815,Petrol,Individual,Automatic,First Owner,29.67,2707,138.91,238.15,5,1821764.919653199
Skoda Rapid,2022,1399855,21390,Electric,Dealer,Automatic,Fourth & Above Owner,26.53,2760,103.85,144.34,6,1691695.2068896033
Honda City,2006,432787,135066,LPG,Trustmark Dealer,Manual,Third Owner,17.03,978,169.63,151.61,6,492438.0265916488
Hyundai Creta,2022,643865,26524,Petrol,Trustmark Dealer,Manual,Second Owner,29.12,1146,182.43,189.46,4,825311.1281334441
Ford Ecosport,2017,940853,11009,LPG,Dealer,Automatic,First Owner,14.06,1089,172.96,102.44,6,1256237.4768963123
Hyundai i20,2019,307981,136391,Diesel,Individual,Automatic,First Owner,31.04,2356,153.56,316.35,5,439171.32363847306
Ford Ecosport,2013,1029141,86022,Diesel,Trustmark Dealer,Automatic,Third Owner,16.83,982,87.44,273.97,6,1498976.6702067263
Ford Ecosport,2012,50000,28540,Petrol,Trustmark Dealer,Manual,Fourth & Above Owner,12.7,1322,133.35,108.43,5,61901.12639063874
Maruti Baleno,2011,72362,152057,Diesel,Individual,Automatic,First Owner,14.42,2426,117.08,205.61,6,82529.18833870512
Ford Ecosport,2006,50000,60547,CNG,Individual,Automatic,Third Owner,33.48,1240,107.32,304.89,5,66944.23836181386
Kia Seltos,2011,489890,178015,Diesel,Trustmark Dealer,Manual,Second Owner,31.86,1360,108.11,318.28,5,591220.3396905168
Ford Ecosport,2021,1309775,146469,Electric,Dealer,Automatic,Third Owner,20.59,2894,102.49,124.42,7,1531325.8061412626
Volkswagen Polo,2012,214007,82330,LPG,Trustmark Dealer,Manual,Second Owner,19.65,1134,193.13,147.48,5,309713.0717155854
Renault Duster,2006,50000,159229,CNG,Trustmark Dealer,Automatic,Third Owner,14.61,2713,69.72,192.2,5,72883.88737729692
Volkswagen Polo,2005,969347,88533,LPG,Individual,Manual,Fourth & Above Owner,24.48,1902,84.89,149.64,4,1134798.701699657
Mahindra XUV500,2018,113770,35750,Diesel,Trustmark Dealer,Automatic,First Owner,34.7,2650,124.56,196.0,5,128017.06512237524
Skoda Rapid,2014,260355,103497,CNG,Individual,Automatic,Second Owner,34.49,2034,99.59,153.46,5,350424.5873046379
Mahindra XUV500,2014,1222728,135160,CNG,Trustmark Dealer,Manual,First Owner,32.14,2469,148.15,321.89,4,1529941.4304881778
Tata Nexon,2022,673936,179448,Diesel,Trustmark Dealer,Automatic,First Owner,16.06,1635,162.45,137.23,6,795441.6847420738
Maruti Baleno,2006,914329,153923,Petrol,Trustmark Dealer,Manual,First Owner,17.22,1251,130.29,286.91,5,1369814.6350832758
Renault Duster,2019,105927,147451,Petrol,Trustmark Dealer,Automatic,Fourth & Above Owner,28.45,2281,164.06,222.67,5,151886.18215580395
Honda City,2023,1030418,198965,Electric,Trustmark Dealer,Automatic,First Owner,28.03,1880,163.35,137.39,4,1352450.1913671985
Maruti Swift,2022,1384792,109721,LPG,Trustmark Dealer,Manual,Fourth & Above Owner,34.44,2378,100.8,159.17,4,1561056.603496258
Hyundai Creta,2017,300442,183295,Diesel,Trustmark Dealer,Manual,Second Owner,33.77,2336,191.99,228.92,7,401123.6665185231
Kia Seltos,2012,50000,58525,Electric,Individual,Manual,Second Owner,34.65,1951,134.36,310.24,7,68981.51815460717
Volkswagen Polo,2006,50000,199942,Petrol,Individual,Automatic,Third Owner,25.44,1183,190.64,328.55,4,73753.34929597081
Mahindra XUV500,2018,347785,145813,CNG,Trustmark Dealer,Automatic,First Owner,18.41,2359,136.97,163.91,5,414934.9813789456
Renault Duster,2021,215165,68619,Petrol,Individual,Automatic,First Owner,12.37,848,182.84,176.29,7,296095.6927908804
Ford Ecosport,2007,1132871,156627,Petrol,Trustmark Dealer,Automatic,Third Owner,15.48,1851,54.51,108.61,7,1626074.550713366
Volkswagen Polo,2014,286111,115865,Diesel,Trustmark Dealer,Automatic,First Owner,15.91,2753,198.04,237.28,7,405536.4675036448
Volkswagen Polo,2016,1072404,54083,Petrol,Dealer,Automatic,Second Owner,32.66,2203,182.1,95.44,5,1426030.5128602178
Toyota Innova,2013,1020782,114083,CNG,Dealer,Automatic,Second Owner,10.03,1438,64.59,316.42,4,1421169.9263461994
Maruti Swift,2014,50000,163376,Diesel,Trustmark Dealer,Manual,Third Owner,32.69,1633,74.21,172.38,6,73378.03792422726
Maruti Swift,2010,934875,34545,Electric,Dealer,Manual,Fourth & Above Owner,20.08,2010,190.53,156.66,7,1216632.1652690556
Tata Nexon,2008,681285,25872,Petrol,Dealer,Manual,Fourth & Above Owner,16.88,874,103.26,342.98,7,875052.1432256853
Ford Ecosport,2006,762942,177629,Electric,Individual,Automatic,Third Owner,21.3,2990,82.44,135.99,4,1100677.6905471275
Toyota Innova,2013,984856,155438,Electric,Dealer,Manual,Second Owner,26.97,2310,196.65,116.07,7,1236965.656374319
Maruti Swift,2007,643058,39661,CNG,Dealer,Automatic,First Owner,17.41,2993,98.98,100.3,6,721687.4022196063
Hyundai i20,2020,990635,39810,CNG,Trustmark Dealer,Automatic,First Owner,12.08,813,78.34,281.07,7,1090091.8334475728
Renault Duster,2023,1385851,92922,Electric,Trustmark Dealer,Automatic,Third Owner,23.24,1923,132.94,323.61,6,1990309.135672472
Renault Duster,2016,480819,173133,Petrol,Dealer,Automatic,First Owner,28.65,2862,166.55,275.36,7,611142.0318255203
Tata Nexon,2009,1187831,85939,LPG,Trustmark Dealer,Manual,Second Owner,13.42,1626,114.08,208.48,4,1515832.6166254913
Volkswagen Polo,2009,985830,155788,Petrol,Trustmark Dealer,Automatic,Third Owner,24.51,828,95.65,260.46,4,1376668.8228271925
Hyundai Creta,2010,199546,122434,Petrol,Dealer,Automatic,Fourth & Above Owner,21.17,1802,193.81,148.34,6,277878.5838789554
Hyundai Creta,2022,1242688,186522,CNG,Trustmark Dealer,Manual,Fourth & Above Owner,11.15,2481,183.26,329.38,7,1452910.937327909
Volkswagen Polo,2010,895037,56009,Electric,Dealer,Automatic,Fourth & Above Owner,15.83,1599,144.03,254.78,4,1075012.0462049649
Toyota Innova,2010,50000,41434,CNG,Dealer,Automatic,First Owner,22.85,2041,185.35,308.07,6,69542.01744003342
Toyota Innova,2013,291876,73583,CNG,Individual,Automatic,Third Owner,27.21,2075,73.89,100.61,6,397152.6032661996
Ford Ecosport,2006,818484,131614,CNG,Individual,Manual,Second Owner,20.73,1080,143.73,314.87,6,1202813.4116077973
Kia Seltos,2014,288991,184209,Petrol,Trustmark Dealer,Automatic,First Owner,30.63,2104,136.94,343.35,6,383305.1637283629
Hyundai i20,2020,1147811,64103,LPG,Trustmark Dealer,Manual,First Owner,28.36,1349,124.09,283.22,6,1380523.3733756545
Kia Seltos,2010,852687,152679,Electric,Trustmark Dealer,Manual,Second Owner,26.07,2844,184.68,303.86,4,938779.9574716642
Ford Ecosport,2016,81002,150760,Electric,Dealer,Automatic,Fourth & Above Owner,11.41,1816,55.07,220.97,5,114258.0282375332
Skoda Rapid,2015,1326940,110019,Electric,Trustmark Dealer,Manual,Third Owner,12.58,843,69.79,129.49,7,1515476.1993247764
Maruti Baleno,2013,901115,167796,Diesel,Individual,Manual,Fourth & Above Owner,23.48,2592,124.72,161.15,5,993300.9328733308
Honda City,2008,495879,68336,Petrol,Dealer,Manual,Third Owner,21.39,2002,140.06,268.76,5,557190.5778842136
Hyundai Creta,2018,309042,58918,Diesel,Trustmark Dealer,Manual,First Owner,25.21,2460,177.21,189.79,6,422288.1761425384
Skoda Rapid,2020,492950,174970,CNG,Trustmark Dealer,Automatic,First Owner,26.27,2763,105.93,276.44,6,725729.7876166948
Mahindra XUV500,2020,367464,120213,Petrol,Dealer,Manual,Second Owner,28.75,814,141.0,238.3,4,494516.683748767
Skoda Rapid,2008,50000,159902,Diesel,Individual,Automatic,Second Owner,12.05,1517,108.0,231.51,5,60879.31543058028
Skoda Rapid,2010,394723,57430,Electric,Dealer,Automatic,First Owner,20.57,2267,91.71,266.88,5,529393.7275460539
Skoda Rapid,2006,63504,11123,CNG,Dealer,Manual,First Owner,13.13,2342,150.07,232.71,6,78898.20441578527
Volkswagen Polo,2010,499403,86967,CNG,Individual,Automatic,Fourth & Above Owner,30.95,984,157.67,297.73,7,565263.7973276443
Tata Nexon,2013,836505,111248,LPG,Trustmark Dealer,Automatic,Fourth & Above Owner,31.02,858,51.8,118.13,7,1131126.527352504
Honda City,2009,1104365,92578,Diesel,Individual,Manual,Second Owner,25.55,1144,61.79,205.16,7,1540757.0488748187
Ford Ecosport,2009,998385,69716,Petrol,Trustmark Dealer,Automatic,Fourth & Above Owner,31.26,2014,137.87,341.47,7,1163511.4607568006
Hyundai Creta,2021,413787,180505,CNG,Individual,Manual,Fourth & Above Owner,29.21,2498,130.99,293.19,5,497249.958800616
Ford Ecosport,2015,139350,30851,LPG,Individual,Automatic,Third Owner,23.87,2014,134.24,137.42,6,177672.2347084701
Ford Ecosport,2018,1077351,61146,Petrol,Dealer,Automatic,First Owner,26.02,2325,69.08,316.27,5,1211607.988532003
Maruti Baleno,2013,1156817,119222,Diesel,Dealer,Automatic,Third Owner,34.96,1224,98.36,263.08,6,1563284.0566633446
Toyota Innova,2019,59004,31064,LPG,Individual,Manual,First Owner,15.61,1805,125.31,218.17,4,70890.91339802522
Maruti Baleno,2021,816369,78693,CNG,Trustmark Dealer,Manual,Fourth & Above Owner,19.83,2040,180.15,224.6,7,1028309.7078380076
Kia Seltos,2011,447754,131900,Electric,Trustmark Dealer,Automatic,Third Owner,20.5,1071,93.26,329.28,6,668645.04119375
Maruti Baleno,2013,50000,152588,Petrol,Dealer,Manual,Fourth & Above Owner,13.15,1691,90.75,151.26,5,55160.27452951743
Renault Duster,2006,156984,75035,LPG,Trustmark Dealer,Manual,Third Owner,13.01,2739,122.54,177.49,4,201171.9711696332
Tata Nexon,2012,1059685,58332,CNG,Dealer,Manual,Second Owner,20.91,1118,85.49,229.73,5,1511706.7204260733
Mahindra XUV500,2021,1134443,34070,LPG,Dealer,Manual,Second Owner,21.89,1833,138.68,133.63,4,1606623.40538933
Renault Duster,2013,1102191,141666,LPG,Dealer,Manual,Third Owner,34.91,2475,180.08,301.35,7,1443947.747505361
Hyundai Creta,2016,815053,44397,Diesel,Dealer,Manual,Fourth & Above Owner,27.56,1035,66.0,171.81,6,1196739.4796025956
Renault Duster,2007,647441,32672,LPG,Individual,Automatic,Fourth & Above Owner,23.57,833,55.04,263.87,5,744618.4187609329
Toyota Innova,2009,166897,130330,Electric,Dealer,Automatic,Second Owner,17.51,2611,181.29,187.34,6,235344.2034403436
Ford Ecosport,2019,672622,18400,Petrol,Individual,Manual,First Owner,31.0,2948,86.78,207.87,4,981734.985537212
Hyundai Creta,2019,124145,26962,Diesel,Dealer,Manual,Second Owner,27.01,2976,107.53,263.44,4,144298.01837855653
Hyundai Creta,2022,364090,108958,LPG,Dealer,Automatic,First Owner,12.51,2718,104.4,191.88,6,420033.6851760329
Renault Duster,2018,383408,192471,CNG,Dealer,Automatic,Fourth & Above Owner,20.8,1851,166.58,216.25,6,492955.579315381
Maruti Swift,2022,585464,178643,Petrol,Individual,Manual,Third Owner,12.51,905,110.03,262.72,4,862657.1416157604
Hyundai Creta,2007,579168,192999,LPG,Trustmark Dealer,Manual,Second Owner,11.1,1677,57.98,98.65,7,703084.5919980812
Kia Seltos,2006,276991,57290,LPG,Trustmark Dealer,Manual,First Owner,33.55,1466,150.74,267.2,6,354508.24513177696
Maruti Baleno,2019,1016150,161811,LPG,Dealer,Manual,Second Owner,11.64,2976,134.65,177.9,4,1383498.2541242691
Mahindra XUV500,2010,111263,52191,Electric,Trustmark Dealer,Manual,Fourth & Above Owner,12.36,2896,132.53,252.02,7,145832.3523885268
Hyundai Creta,2007,235085,45297,Petrol,Dealer,Manual,Third Owner,16.18,974,60.58,160.54,6,321908.3296103162
Honda City,2014,439997,189748,LPG,Individual,Manual,First Owner,25.8,1398,127.98,201.83,6,604697.1216271127
Kia Seltos,2013,1206037,121954,Diesel,Trustmark Dealer,Manual,First Owner,10.57,2629,106.01,260.11,6,1640984.165256284
Volkswagen Polo,2008,50000,15115,Petrol,Trustmark Dealer,Automatic,Third Owner,12.01,2673,156.7,328.26,7,68168.79297170526
Toyota Innova,2018,679049,33857,Petrol,Trustmark Dealer,Automatic,Third Owner,12.68,844,75.85,253.44,5,1004858.5454548236
Toyota Innova,2014,890653,125462,CNG,Trustmark Dealer,Automatic,Fourth & Above Owner,24.95,1611,147.51,137.82,5,1107766.2464247397
Mahindra XUV500,2015,876085,78907,CNG,Dealer,Manual,Fourth & Above Owner,16.79,2252,98.52,308.46,6,1019796.5977253624
Renault Duster,2013,118047,80457,Diesel,Dealer,Automatic,Third Owner,14.63,1691,184.06,162.11,7,152393.9084489943
Kia Seltos,2021,1202550,113012,LPG,Dealer,Manual,Second Owner,21.57,2704,196.26,205.05,7,1382507.4105172865
Maruti Swift,2021,1369347,95453,LPG,Individual,Automatic,First Owner,27.84,1585,166.8,134.05,4,1570213.1119558087
Volkswagen Polo,2007,106817,199399,Electric,Trustmark Dealer,Manual,First Owner,14.18,1356,130.03,257.1,7,132305.749163544
Tata Nexon,2015,1022092,109705,Electric,Trustmark Dealer,Manual,First Owner,11.52,2423,189.41,216.0,6,1468853.049922853
Toyota Innova,2021,945182,57017,CNG,Individual,Automatic,Third Owner,34.59,2656,185.92,304.0,5,1211631.586168454
Honda City,2016,1049267,45790,Petrol,Trustmark Dealer,Automatic,Fourth & Above Owner,14.9,1092,168.25,116.83,7,1276630.155208998
Volkswagen Polo,2023,1299802,20897,Petrol,Dealer,Manual,Fourth & Above Owner,26.93,2057,80.51,322.17,6,1452885.3752256318
Skoda Rapid,2020,1367084,6481,LPG,Trustmark Dealer,Manual,Third Owner,15.58,1853,195.23,187.01,5,1890904.503413885
Mahindra XUV500,2019,1049930,188632,CNG,Trustmark Dealer,Manual,Third Owner,15.66,1705,151.62,336.06,6,1393500.5776626056
Tata Nexon,2023,300681,150427,Petrol,Trustmark Dealer,Automatic,Fourth & Above Owner,17.1,2156,93.99,256.03,4,400242.5815356853
Renault Duster,2008,127285,7093,Petrol,Dealer,Automatic,First Owner,13.75,1956,185.75,229.28,6,155103.49034782598
Skoda Rapid,2011,50000,27610,Electric,Individual,Manual,Second Owner,13.49,2813,188.51,343.53,6,58085.31601007276
Skoda Rapid,2015,211175,155020,Electric,Individual,Manual,Third Owner,32.8,2697,181.76,277.13,7,236740.51077760503
Volkswagen Polo,2009,844325,189234,Diesel,Dealer,Automatic,Second Owner,12.68,2090,161.28,197.05,5,1016504.3393672252
Kia Seltos,2005,117979,81366,CNG,Individual,Automatic,Third Owner,26.4,2795,67.55,153.7,6,165522.43015279836
Volkswagen Polo,2015,855279,126832,Petrol,Individual,Automatic,First Owner,22.16,1252,144.34,310.91,7,1023916.5193726326
Ford Ecosport,2018,939696,164845,Petrol,Dealer,Automatic,First Owner,26.39,2756,155.33,123.4,4,1295567.1315547265
Volkswagen Polo,2007,143317,8463,Electric,Trustmark Dealer,Manual,Second Owner,27.25,1299,105.12,181.24,5,193275.7247636077
Ford Ecosport,2018,1177227,107392,CNG,Dealer,Automatic,Third Owner,30.4,1761,190.38,272.43,7,1508499.9930643097
Volkswagen Polo,2021,977870,144411,LPG,Dealer,Automatic,Second Owner,28.36,2997,120.21,333.61,4,1461097.4503670123
Ford Ecosport,2013,517719,79498,LPG,Individual,Manual,Fourth & Above Owner,13.4,968,130.87,151.22,5,648297.9325831672
Maruti Swift,2011,1136480,170890,Diesel,Individual,Manual,Fourth & Above Owner,28.47,1348,112.51,254.27,6,1545175.6712410967
Renault Duster,2016,200499,80115,CNG,Individual,Automatic,Fourth & Above Owner,14.78,1838,180.38,173.35,6,247508.0151829552
Volkswagen Polo,2023,624961,25200,CNG,Dealer,Automatic,Fourth & Above Owner,14.47,2526,106.57,264.33,6,714001.9839965452
Volkswagen Polo,2020,762858,91206,Diesel,Dealer,Manual,Third Owner,22.84,1076,137.98,228.51,7,842733.1205073384
Maruti Swift,2018,441045,162354,Electric,Trustmark Dealer,Manual,Third Owner,10.4,2148,95.02,104.71,7,656345.5439609457
Honda City,2008,719853,33585,Diesel,Individual,Automatic,First Owner,19.58,1447,123.45,197.04,5,836915.4377216843
Maruti Baleno,2022,585111,13847,Diesel,Dealer,Automatic,Third Owner,19.81,1554,50.79,130.99,6,681189.5571226687
Kia Seltos,2011,579344,178993,CNG,Trustmark Dealer,Manual,First Owner,17.67,2549,197.81,150.59,4,769373.7058247292
Volkswagen Polo,2021,1037238,116184,LPG,Individual,Manual,First Owner,17.6,1563,149.64,284.2,6,1373043.1710724847
Maruti Swift,2015,50000,154603,Diesel,Trustmark Dealer,Automatic,First Owner,33.97,1506,174.24,241.76,5,59396.02492152233
Volkswagen Polo,2016,1351091,134065,Diesel,Individual,Automatic,Third Owner,30.47,1719,65.64,342.61,5,1530711.9313016853
Volkswagen Polo,2019,1170633,60540,CNG,Individual,Automatic,Third Owner,18.68,1969,105.37,260.83,4,1433776.4464230111
Hyundai Creta,2021,173529,75690,CNG,Trustmark Dealer,Automatic,Third Owner,11.31,910,86.84,199.24,5,225537.8224899947
Honda City,2015,50000,147741,Diesel,Dealer,Automatic,Third Owner,26.27,1510,84.29,329.04,7,65360.13748992617
Maruti Baleno,2005,822805,195383,Electric,Dealer,Manual,Second Owner,22.69,1877,132.23,241.28,6,1217062.371315921
Mahindra XUV500,2020,1249575,89847,LPG,Dealer,Automatic,Fourth & Above Owner,14.76,1175,97.99,273.34,4,1574744.3214346585
Volkswagen Polo,2014,1203716,110927,Electric,Individual,Manual,Third Owner,18.31,2603,132.46,198.63,6,1500212.596060119
Tata Nexon,2005,880332,191204,Petrol,Trustmark Dealer,Automatic,Third Owner,10.04,2988,168.29,315.09,5,1083413.8988289472
Maruti Baleno,2019,202767,184648,LPG,Individual,Automatic,Fourth & Above Owner,27.03,2922,95.92,332.2,6,227367.96054932423
Ford Ecosport,2011,620127,10107,CNG,Individual,Automatic,First Owner,18.57,875,139.02,222.5,4,700652.809706364
Ford Ecosport,2008,400953,99318,Petrol,Individual,Automatic,Third Owner,21.6,1106,189.02,256.46,4,475178.9110736013
Hyundai i20,2012,1072698,117803,Petrol,Trustmark Dealer,Manual,Fourth & Above Owner,31.37,1380,191.2,234.59,4,1292413.721017211
Renault Duster,2014,600164,115922,Electric,Trustmark Dealer,Manual,Third Owner,12.16,2369,72.76,217.63,6,754543.2840048341
Volkswagen Polo,2006,50000,146971,Electric,Individual,Automatic,Fourth & Above Owner,26.93,2542,145.48,122.81,7,58383.18223973487
Tata Nexon,2014,50000,12620,CNG,Trustmark Dealer,Automatic,First Owner,11.07,1044,141.79,290.8,7,55093.70154533111
Maruti Baleno,2015,659246,131101,LPG,Dealer,Automatic,Fourth & Above Owner,21.72,2545,188.67,230.13,4,917294.6886432428
Skoda Rapid,2005,50000,23000,Petrol,Trustmark Dealer,Automatic,Second Owner,32.66,2376,93.69,155.92,4,63564.89947791648
Hyundai i20,2012,702091,70100,CNG,Trustmark Dealer,Automatic,Second Owner,15.76,1668,147.61,248.87,7,919730.9933362056
Maruti Swift,2021,1330554,7073,Electric,Trustmark Dealer,Automatic,Fourth & Above Owner,25.24,2768,134.91,196.93,6,1846560.703508573
Mahindra XUV500,2020,693280,44477,CNG,Dealer,Automatic,Third Owner,10.23,934,100.56,345.28,4,922562.1208183938
Skoda Rapid,2005,327028,145599,CNG,Dealer,Automatic,First Owner,18.52,2271,87.64,260.68,4,460903.6816079324
Skoda Rapid,2017,951109,40961,Petrol,Individual,Manual,First Owner,10.48,2782,78.25,344.74,5,1050959.8609387605
Tata Nexon,2019,712575,76224,CNG,Individual,Automatic,First Owner,17.67,2163,87.41,168.9,6,1023217.691917748
Toyota Innova,2006,148342,187542,LPG,Trustmark Dealer,Automatic,First Owner,12.55,2154,110.81,132.8,4,183424.4635900316
Toyota Innova,2011,317675,142271,LPG,Trustmark Dealer,Manual,First Owner,32.44,1037,193.51,271.6,5,377342.7274104295
Honda City,2007,175202,117420,Electric,Individual,Manual,Third Owner,19.46,1749,75.78,252.19,7,229213.98571697652
Hyundai i20,2021,1040121,128645,Electric,Dealer,Manual,Fourth & Above Owner,16.22,1906,84.45,111.17,5,1228929.714147556
Hyundai Creta,2011,1065582,18235,LPG,Trustmark Dealer,Manual,Second Owner,24.02,2691,168.71,96.06,4,1185938.7916688314
Mahindra XUV500,2018,592372,190266,Petrol,Dealer,Automatic,Fourth & Above Owner,13.1,2301,148.63,92.45,4,753945.8538364294
Maruti Swift,2015,1090284,43872,Electric,Individual,Manual,Third Owner,34.55,2352,84.92,185.93,5,1516468.5600777229
Skoda Rapid,2014,1248626,34387,CNG,Individual,Automatic,First Owner,14.4,1009,134.15,280.33,4,1571991.1902587377
Ford Ecosport,2009,386337,63674,CNG,Individual,Manual,Second Owner,23.99,1182,142.85,181.8,7,564219.1992191356
Maruti Baleno,2012,324480,164742,Diesel,Dealer,Automatic,First Owner,26.61,1362,82.53,260.67,6,407243.8041186136
Volkswagen Polo,2009,1135937,115084,LPG,Individual,Manual,Fourth & Above Owner,14.87,1575,75.51,136.66,7,1534942.8063840896
Volkswagen Polo,2021,440390,95248,LPG,Dealer,Manual,Second Owner,12.52,1181,127.0,338.77,7,600206.6937093965
Hyundai Creta,2015,59137,162320,CNG,Trustmark Dealer,Manual,Third Owner,20.8,906,65.03,256.95,6,73228.7933791865
Tata Nexon,2020,292089,69371,Diesel,Individual,Manual,Fourth & Above Owner,22.63,1376,165.94,220.45,4,352109.2021122762
Kia Seltos,2008,214934,192277,Diesel,Trustmark Dealer,Manual,Second Owner,24.76,2887,151.9,189.04,6,293777.8500495135
Volkswagen Polo,2009,50000,136722,Electric,Dealer,Automatic,First Owner,30.41,2695,153.19,115.34,4,71346.07508115846
Volkswagen Polo,2023,1032281,120146,Diesel,Trustmark Dealer,Automatic,Second Owner,27.0,2418,139.0,92.83,7,1471245.598108946
Honda City,2015,748651,100474,Electric,Individual,Automatic,Third Owner,27.01,2465,155.96,226.41,4,944364.8764963058
Mahindra XUV500,2009,50000,74738,Diesel,Trustmark Dealer,Manual,Second Owner,28.47,1649,175.74,188.14,5,64198.11500604828
Toyota Innova,2012,539341,59813,Petrol,Dealer,Manual,Second Owner,17.71,1920,121.23,191.9,5,701905.6745504928
Skoda Rapid,2022,1100662,29053,LPG,Dealer,Automatic,First Owner,28.41,1545,180.57,311.98,5,1287572.7165873214
Kia Seltos,2018,889164,115047,Electric,Individual,Manual,Fourth & Above Owner,24.27,2580,184.0,275.51,4,1152354.414853881
Hyundai i20,2020,1163805,69267,Petrol,Individual,Automatic,Third Owner,13.55,2197,188.13,231.07,4,1522441.7191165886
Hyundai Creta,2014,1166855,54395,LPG,Dealer,Automatic,Fourth & Above Owner,34.59,2033,97.42,265.14,4,1682885.3300652774
Skoda Rapid,2007,50000,39687,CNG,Trustmark Dealer,Manual,First Owner,21.39,1419,72.68,212.75,5,56084.55322259052
Hyundai Creta,2015,124182,43551,Petrol,Dealer,Manual,Second Owner,21.88,1990,60.24,174.03,7,183653.35455145125
Mahindra XUV500,2023,453199,51089,CNG,Trustmark Dealer,Manual,Third Owner,30.56,1046,147.15,239.91,7,648610.2119076947
Tata Nexon,2013,1090288,114764,Diesel,Dealer,Automatic,First Owner,24.47,1161,147.52,289.29,7,1523243.6184526845
Skoda Rapid,2008,825153,23435,CNG,Trustmark Dealer,Automatic,First Owner,17.12,2687,171.27,316.73,4,1007947.364226822
Ford Ecosport,2006,70174,84648,Electric,Dealer,Automatic,Second Owner,17.24,1411,86.83,145.79,7,78771.66134617089
Tata Nexon,2021,660147,9263,Petrol,Trustmark Dealer,Automatic,Third Owner,16.2,800,91.33,224.33,5,926527.0945783324
Hyundai Creta,2005,50000,110801,CNG,Dealer,Automatic,First Owner,19.56,1571,176.75,191.82,6,66218.45862920454
Kia Seltos,2013,681543,38585,LPG,Dealer,Automatic,First Owner,27.62,916,125.68,342.25,6,855266.538059409
Hyundai Creta,2017,204154,74698,LPG,Trustmark Dealer,Automatic,Third Owner,20.05,1289,140.23,207.01,5,254798.4781209124
Maruti Baleno,2008,50000,185165,Electric,Individual,Manual,Second Owner,14.43,2400,121.87,152.33,4,64525.20496103355
Hyundai Creta,2014,1136156,175469,Petrol,Dealer,Automatic,First Owner,13.27,2624,108.52,197.51,6,1561738.877996269
Maruti Swift,2007,50000,92216,Diesel,Individual,Automatic,Third Owner,19.39,1365,91.11,226.93,6,57056.51173587226
Honda City,2009,603970,164968,LPG,Dealer,Automatic,Fourth & Above Owner,14.12,1607,172.98,205.34,4,852759.3742250982
Maruti Swift,2013,744392,153163,CNG,Individual,Manual,Fourth & Above Owner,16.07,2482,131.15,130.88,4,1084035.1291548896
Maruti Swift,2006,688571,192710,Electric,Individual,Automatic,Third Owner,15.26,2048,101.71,343.51,5,998752.9107801386
Toyota Innova,2023,448190,176344,CNG,Dealer,Automatic,First Owner,17.59,2755,189.39,108.54,7,569996.9350630953
Maruti Swift,2010,50000,43527,Electric,Trustmark Dealer,Manual,Fourth & Above Owner,31.31,874,86.12,288.02,4,67093.93110463326
Volkswagen Polo,2021,1146880,183384,LPG,Individual,Automatic,Fourth & Above Owner,33.45,1616,172.98,197.37,5,1629948.7649401624
Toyota Innova,2018,418287,115427,Electric,Individual,Automatic,Second Owner,32.84,2898,140.41,126.52,5,530401.6881790721
Skoda Rapid,2022,372549,6679,Petrol,Trustmark Dealer,Automatic,Second Owner,26.18,1893,117.3,231.98,5,507997.1282632137
Kia Seltos,2015,160873,42500,CNG,Dealer,Manual,Third Owner,28.57,2923,127.94,237.69,7,220080.3235601268
Ford Ecosport,2019,1149035,59297,CNG,Dealer,Automatic,Third Owner,25.08,1196,147.73,139.08,6,1377297.5391321331
Honda City,2011,967152,145862,Electric,Individual,Automatic,Third Owner,30.83,1719,70.1,253.95,7,1240398.1403831393
Volkswagen Polo,2005,956441,40550,CNG,Individual,Manual,First Owner,28.7,2389,127.25,246.53,5,1224397.8421534672
Skoda Rapid,2007,597865,64472,CNG,Dealer,Automatic,First Owner,27.64,2658,192.08,149.05,7,761162.1718121308
Hyundai Creta,2012,1154751,159388,Petrol,Individual,Manual,Fourth & Above Owner,22.14,1424,113.19,123.01,4,1496824.9800470143
Hyundai Creta,2007,777774,190630,Petrol,Trustmark Dealer,Automatic,Fourth & Above Owner,23.47,965,135.37,297.48,5,1006222.59335518
Maruti Swift,2009,519491,103893,Petrol,Individual,Manual,Third Owner,16.4,1787,96.18,304.77,7,639279.2106376734
Ford Ecosport,2013,384053,93455,CNG,Trustmark Dealer,Manual,Fourth & Above Owner,13.73,1051,199.74,90.88,7,534139.605270859
Maruti Swift,2013,807351,192705,CNG,Dealer,Manual,Second Owner,11.21,2074,152.5,331.65,7,895827.6898587551
Kia Seltos,2011,257960,123386,Electric,Dealer,Manual,First Owner,32.6,1832,170.78,272.34,4,336371.00497491105
Kia Seltos,2013,210520,79094,CNG,Individual,Automatic,Fourth & Above Owner,34.21,1491,194.61,226.3,6,294466.9360596297
Ford Ecosport,2020,470627,121577,Petrol,Dealer,Manual,Third Owner,20.61,1056,146.53,120.35,4,624983.1594733035
Kia Seltos,2023,1207307,8126,LPG,Individual,Automatic,Fourth & Above Owner,25.52,2299,132.33,99.82,6,1501323.4076519588
Volkswagen Polo,2006,393231,128748,CNG,Individual,Automatic,Fourth & Above Owner,16.65,2587,111.51,194.32,4,583439.7602297572
Maruti Baleno,2015,861300,77215,Diesel,Trustmark Dealer,Manual,Third Owner,23.43,1484,140.48,266.06,7,1134983.342976443
Maruti Swift,2018,876938,24374,LPG,Trustmark Dealer,Manual,Third Owner,23.11,1399,73.9,323.71,6,1006776.8336660246
Renault Duster,2015,548999,68862,Petrol,Dealer,Automatic,Second Owner,32.61,2102,160.96,229.48,7,658878.2095054685
Skoda Rapid,2018,180603,180394,Electric,Dealer,Automatic,Fourth & Above Owner,26.83,1194,50.58,314.42,5,211798.00698083203
Toyota Innova,2011,50000,116169,CNG,Trustmark Dealer,Manual,Fourth & Above Owner,32.52,1091,77.87,252.75,6,65378.74521027503
Renault Duster,2005,813806,104081,Diesel,Trustmark Dealer,Manual,First Owner,10.65,2599,133.03,116.95,7,1199455.027955287
Hyundai Creta,2018,916462,99770,Electric,Trustmark Dealer,Manual,Fourth & Above Owner,21.18,2334,113.82,287.99,5,1083049.5215906752
Renault Duster,2006,50000,98996,Electric,Individual,Automatic,Second Owner,34.96,1813,87.36,288.61,7,55483.83554105599
Volkswagen Polo,2022,851956,8797,Electric,Individual,Manual,First Owner,34.73,2707,174.31,169.68,4,978965.238612276
Hyundai Creta,2012,50000,105236,Diesel,Dealer,Automatic,First Owner,29.87,1498,93.43,174.08,5,59416.6956949265
Toyota Innova,2014,272408,156467,LPG,Trustmark Dealer,Manual,Second Owner,30.43,1047,52.91,189.87,6,332547.5324963096
Maruti Baleno,2021,548676,125894,LPG,Trustmark Dealer,Manual,Second Owner,33.46,1603,186.6,92.39,7,718264.2081078718
Maruti Baleno,2009,50000,197269,CNG,Individual,Manual,Third Owner,10.26,2665,84.22,334.9,6,74691.50794345462
Kia Seltos,2007,50000,66633,Diesel,Dealer,Automatic,Third Owner,29.51,1078,124.81,155.19,5,72328.42564379146
Mahindra XUV500,2013,232249,45185,LPG,Trustmark Dealer,Manual,Fourth & Above Owner,30.28,1524,104.02,130.97,7,340507.5683475886
Mahindra XUV500,2018,304780,98583,Electric,Dealer,Automatic,Fourth & Above Owner,30.53,1516,95.5,342.54,4,401045.7612128359
Volkswagen Polo,2023,765408,153526,LPG,Trustmark Dealer,Manual,Third Owner,16.64,2831,65.22,256.85,4,909001.1323318476
Maruti Swift,2020,909513,51850,LPG,Dealer,Automatic,First Owner,34.87,1701,126.1,268.32,6,1010838.7430722888
Tata Nexon,2018,920591,13555,CNG,Dealer,Manual,First Owner,20.11,2469,102.53,322.85,7,1356613.7862197848
Volkswagen Polo,2012,621044,77419,Petrol,Trustmark Dealer,Manual,Second Owner,10.16,2683,74.21,149.35,6,815057.7943969643
Honda City,2007,825680,168623,Electric,Trustmark Dealer,Automatic,Fourth & Above Owner,12.0,1332,186.69,207.28,5,1085674.8229075938
Volkswagen Polo,2013,871082,10045,Petrol,Individual,Manual,Second Owner,28.3,2855,116.92,109.02,6,1137138.2127142828
Toyota Innova,2022,148270,66973,LPG,Trustmark Dealer,Manual,Second Owner,10.2,1762,98.85,205.47,4,167503.72031723434
Ford Ecosport,2019,378176,37836,Electric,Trustmark Dealer,Automatic,Second Owner,23.38,2484,163.29,147.15,4,566136.8113111305
Hyundai i20,2022,649120,111613,LPG,Individual,Automatic,Second Owner,20.89,2086,73.09,228.62,6,725568.4170341069
Toyota Innova,2005,735426,30879,Petrol,Dealer,Automatic,Third Owner,21.06,1223,139.87,241.87,4,857477.5878177371
Honda City,2012,991197,42786,Diesel,Dealer,Manual,Fourth & Above Owner,13.53,2241,117.72,293.07,5,1351094.824501845
Skoda Rapid,2014,73022,24018,Petrol,Trustmark Dealer,Manual,First Owner,23.21,1446,199.61,310.69,7,100225.23143655054
Skoda Rapid,2017,979460,15492,Diesel,Trustmark Dealer,Automatic,Second Owner,17.7,2661,55.13,105.35,6,1101983.8523667192
Volkswagen Polo,2020,604195,62210,CNG,Individual,Manual,Second Owner,20.03,1732,73.87,96.77,7,812636.283575502
Renault Duster,2006,50000,181518,LPG,Trustmark Dealer,Manual,Fourth & Above Owner,19.38,2995,61.36,226.87,7,69468.64684013909
Skoda Rapid,2017,633001,67678,Petrol,Individual,Manual,Fourth & Above Owner,20.65,2766,137.97,115.76,4,808233.552125569
Ford Ecosport,2009,923309,150402,LPG,Trustmark Dealer,Automatic,Third Owner,34.6,933,199.18,258.43,7,1323313.7804386325
Maruti Baleno,2008,1040907,99899,Petrol,Trustmark Dealer,Automatic,First Owner,26.57,1401,118.46,274.91,6,1360359.851492429
Renault Duster,2016,359565,6568,LPG,Dealer,Automatic,First Owner,17.57,1422,150.63,313.49,6,439660.11532342114
Honda City,2018,95516,40770,Diesel,Trustmark Dealer,Automatic,Third Owner,15.31,2656,78.37,214.05,7,110296.40096778974
Mahindra XUV500,2005,633916,93166,Petrol,Individual,Manual,First Owner,21.52,2781,61.46,147.46,6,773589.4305281917
Volkswagen Polo,2010,815969,104962,Petrol,Dealer,Manual,First Owner,10.82,1647,70.66,140.15,4,1084758.854519454
Volkswagen Polo,2006,814326,138876,Electric,Individual,Manual,First Owner,32.75,2265,119.95,139.55,4,1065804.2040926032
Maruti Swift,2023,1117036,75922,Electric,Dealer,Manual,Fourth & Above Owner,18.18,911,191.68,231.57,5,1449779.4726172024
Kia Seltos,2011,588358,153233,Petrol,Individual,Automatic,Third Owner,16.69,1423,107.59,319.78,7,720023.2847492888
Kia Seltos,2019,111871,21710,Petrol,Trustmark Dealer,Automatic,Fourth & Above Owner,11.75,1147,118.45,198.77,7,149422.3290238338
Hyundai Creta,2022,822593,29058,LPG,Trustmark Dealer,Manual,Second Owner,13.9,1513,155.54,342.73,4,963850.1112107624
Kia Seltos,2020,1175041,10781,Electric,Individual,Automatic,First Owner,31.82,2319,63.55,170.65,4,1430912.186609845
Mahindra XUV500,2010,244146,133999,Diesel,Individual,Manual,First Owner,11.79,903,102.95,283.28,5,335431.34951138747
Maruti Baleno,2019,440190,121351,Electric,Individual,Automatic,Second Owner,10.88,1640,144.63,251.75,5,530043.0080786605
Renault Duster,2009,664107,92706,Petrol,Individual,Manual,First Owner,31.94,1954,156.16,132.16,5,734028.3377110729
Maruti Baleno,2005,86546,6134,Petrol,Dealer,Automatic,Second Owner,25.91,821,59.88,284.71,7,97722.92097589854
Volkswagen Polo,2020,183699,25990,Electric,Individual,Manual,First Owner,14.13,1330,128.72,260.42,6,240346.6583926022
Renault Duster,2013,630891,41839,LPG,Trustmark Dealer,Manual,Fourth & Above Owner,30.8,2432,122.25,216.8,6,846888.5799543238
Tata Nexon,2020,1138941,6684,Petrol,Dealer,Automatic,First Owner,21.15,1707,81.26,200.1,5,1295875.2219515634
Hyundai i20,2017,300986,57700,LPG,Trustmark Dealer,Manual,Third Owner,30.24,2272,65.3,118.12,5,439727.73257994617
Maruti Swift,2006,50000,175808,Petrol,Dealer,Automatic,First Owner,15.54,1028,136.33,250.91,4,69966.75120170278
Maruti Baleno,2007,50000,107722,Diesel,Individual,Manual,Second Owner,22.79,2287,187.22,348.34,6,61024.33174497707
Skoda Rapid,2022,1071760,89144,LPG,Trustmark Dealer,Automatic,First Owner,13.52,1779,70.36,193.18,5,1595765.578388777
Honda City,2013,50000,7604,CNG,Trustmark Dealer,Manual,Second Owner,23.98,2816,101.94,195.95,7,66254.84209590318
Kia Seltos,2016,1304149,98667,CNG,Trustmark Dealer,Manual,First Owner,27.06,1321,101.72,264.91,7,1676098.2911805117
Honda City,2016,638065,89663,CNG,Dealer,Manual,Fourth & Above Owner,28.48,1510,98.56,297.28,5,787924.635141547
Kia Seltos,2019,163157,8815,LPG,Dealer,Automatic,Fourth & Above Owner,11.53,1336,158.7,235.89,4,186509.76810358337
Hyundai Creta,2006,852626,150704,Petrol,Individual,Manual,Second Owner,13.77,2143,73.05,117.4,7,975625.6791828198
Honda City,2014,905646,57345,LPG,Dealer,Manual,Fourth & Above Owner,26.24,933,160.67,307.9,6,1070811.7725251354
Honda City,2007,50000,123442,Diesel,Individual,Manual,First Owner,17.68,821,157.12,332.34,7,73932.62510323843
Volkswagen Polo,2021,1023265,77177,Petrol,Individual,Manual,Third Owner,16.15,1082,97.41,278.68,6,1147371.448484461
Maruti Swift,2022,472219,58472,LPG,Dealer,Manual,Fourth & Above Owner,26.9,2196,69.26,148.06,6,544708.2090694866
Maruti Swift,2016,1014973,149745,CNG,Dealer,Manual,Fourth & Above Owner,34.15,2720,121.32,276.15,7,1291822.4624034758
Kia Seltos,2005,50000,144879,Diesel,Trustmark Dealer,Automatic,Third Owner,20.5,1933,50.24,241.56,5,59743.37773608689
Hyundai i20,2022,629050,59273,Electric,Trustmark Dealer,Automatic,Second Owner,23.33,2081,186.2,135.26,5,925896.8853425672
Maruti Swift,2010,1112908,160418,CNG,Dealer,Manual,Fourth & Above Owner,27.47,1285,99.01,338.68,4,1460683.1890972944
Maruti Baleno,2023,1222911,42629,LPG,Individual,Automatic,First Owner,22.19,1228,75.57,168.06,7,1817189.4974809613
Kia Seltos,2009,872220,184739,CNG,Dealer,Automatic,Fourth & Above Owner,11.38,1978,180.5,190.0,6,1256219.2019802572
Renault Duster,2016,457349,157041,Electric,Dealer,Manual,Second Owner,15.63,2133,131.05,174.3,4,557044.8218288312
Mahindra XUV500,2022,121674,32124,Petrol,Trustmark Dealer,Manual,Second Owner,17.93,1210,154.49,342.01,5,177579.19389496525
Hyundai Creta,2005,192448,13529,Petrol,Individual,Manual,Second Owner,22.64,1787,99.73,178.19,4,243780.6577980932
Hyundai Creta,2010,239909,87657,Diesel,Dealer,Manual,Third Owner,21.12,2671,63.2,280.45,7,310757.1404227892
Ford Ecosport,2014,830665,81428,Diesel,Individual,Automatic,Fourth & Above Owner,34.02,2208,112.86,129.41,7,1215090.0648474526
Hyundai Creta,2012,50000,111344,Diesel,Dealer,Manual,Second Owner,22.87,2435,175.63,269.66,4,64365.2453160048
Hyundai Creta,2011,1101268,90557,Petrol,Dealer,Automatic,Third Owner,33.03,2155,71.08,138.45,6,1260831.775500561
Maruti Swift,2016,337872,53850,Diesel,Dealer,Manual,First Owner,34.88,2361,90.23,314.3,6,373167.3220817552
Ford Ecosport,2011,856805,56858,Electric,Trustmark Dealer,Manual,Second Owner,18.95,2520,91.37,137.45,6,962690.9291936896
Skoda Rapid,2006,1037084,156638,Petrol,Dealer,Manual,Fourth & Above Owner,29.32,2686,60.49,126.49,4,1381404.470514389
Maruti Swift,2021,626206,189778,Petrol,Individual,Manual,Third Owner,31.34,2365,187.43,197.63,5,882967.5922451665
Hyundai i20,2012,787552,119745,Electric,Trustmark Dealer,Manual,Third Owner,27.79,1399,178.36,232.08,5,901491.0588234314
Renault Duster,2018,258934,21231,LPG,Trustmark Dealer,Automatic,Fourth & Above Owner,20.83,800,105.51,126.92,5,327919.36771584774
Ford Ecosport,2021,1422506,135437,Diesel,Trustmark Dealer,Automatic,Second Owner,14.45,2512,102.29,344.79,7,2093032.4214936704
Ford Ecosport,2007,584056,146810,CNG,Individual,Manual,First Owner,30.79,2762,196.17,175.21,4,873554.1075767594
Tata Nexon,2021,278474,94213,Petrol,Individual,Manual,Second Owner,28.67,1528,157.95,304.72,7,325294.7604088253
Mahindra XUV500,2015,681898,118474,Petrol,Dealer,Automatic,Second Owner,24.58,2951,90.97,216.61,4,996787.6592759396
Volkswagen Polo,2009,979901,148779,Diesel,Individual,Automatic,Fourth & Above Owner,21.16,2432,73.39,264.36,6,1224077.7042171203
Volkswagen Polo,2013,124353,67656,Petrol,Dealer,Automatic,First Owner,11.5,2642,103.04,95.18,5,185828.57340624888
Renault Duster,2021,673394,130967,Electric,Dealer,Manual,Third Owner,34.08,1319,68.27,122.38,4,953362.1525344832
Honda City,2011,771452,102327,Electric,Individual,Manual,Second Owner,24.87,964,197.34,158.78,7,939501.4111404256
Kia Seltos,2022,519906,144639,Electric,Trustmark Dealer,Automatic,Third Owner,20.08,1065,86.11,199.59,4,687704.5967953238
Mahindra XUV500,2015,121254,149124,LPG,Trustmark Dealer,Automatic,Second Owner,19.98,1566,135.12,184.71,6,165291.42448187355
Honda City,2019,482252,15765,CNG,Trustmark Dealer,Automatic,First Owner,18.86,1210,120.36,298.77,5,684613.869928101
Maruti Swift,2010,175531,53156,Diesel,Individual,Automatic,Third Owner,17.03,963,150.74,302.25,4,228267.8881820482
Skoda Rapid,2018,177777,83115,LPG,Dealer,Manual,Third Owner,19.49,2637,99.67,261.75,6,232327.8800019192
Honda City,2020,544824,80442,Diesel,Dealer,Manual,Third Owner,18.38,1672,53.29,287.77,4,703343.7750366945
Skoda Rapid,2008,615306,161541,Petrol,Trustmark Dealer,Manual,Fourth & Above Owner,34.39,2063,176.16,228.21,5,865099.8827486447
Mahindra XUV500,2009,1118389,38866,Petrol,Individual,Manual,First Owner,29.12,1962,158.87,227.73,6,1458549.1725655822
Hyundai i20,2012,981922,94073,LPG,Individual,Automatic,Third Owner,25.77,2328,52.55,260.74,5,1358889.134792504
Skoda Rapid,2016,1005628,180396,Diesel,Dealer,Automatic,Fourth & Above Owner,19.03,2917,173.17,303.04,7,1456105.6687398124
Mahindra XUV500,2019,766286,21957,Diesel,Dealer,Automatic,Fourth & Above Owner,23.64,2054,126.33,156.94,7,1010353.9279288076
Renault Duster,2012,557929,36881,Petrol,Individual,Automatic,First Owner,21.63,1487,68.86,95.97,6,756370.9622764217
Honda City,2014,283086,105984,Electric,Individual,Automatic,Third Owner,17.41,2064,79.62,98.37,6,350693.8217322112
Kia Seltos,2010,211174,111803,CNG,Trustmark Dealer,Automatic,Second Owner,30.13,1608,194.55,238.08,5,284807.70234735793
Kia Seltos,2009,113493,40478,Diesel,Dealer,Automatic,Second Owner,31.06,1808,138.17,169.97,6,129741.6092403389
Hyundai Creta,2017,1235374,129859,LPG,Individual,Automatic,Second Owner,11.18,1443,92.78,156.32,6,1531334.8937376924
Mahindra XUV500,2023,776563,102493,Diesel,Dealer,Manual,Third Owner,29.1,1395,126.26,170.83,6,1028355.7259061316
Tata Nexon,2023,605712,194091,Electric,Dealer,Automatic,Fourth & Above Owner,13.01,2885,123.32,324.49,7,793135.1503037831
Renault Duster,2010,871609,150243,LPG,Trustmark Dealer,Manual,Second Owner,33.75,1620,101.55,142.08,4,1048088.8926086032
Maruti Baleno,2018,201987,36063,Electric,Dealer,Automatic,Third Owner,10.97,2155,169.58,211.46,5,267094.53643866134
Renault Duster,2014,820857,164767,Petrol,Individual,Manual,First Owner,14.18,1610,67.26,222.97,5,999876.5232721576
Maruti Baleno,2017,836399,117121,CNG,Trustmark Dealer,Manual,First Owner,31.71,1239,192.4,217.8,4,922927.08511349
Honda City,2007,239125,77699,Electric,Individual,Manual,Third Owner,21.48,2565,74.91,94.98,4,296370.00950612273
Maruti Baleno,2019,1276828,58873,LPG,Dealer,Automatic,Fourth & Above Owner,32.57,2870,189.88,285.07,7,1876515.7076790084
Tata Nexon,2009,1015455,142127,Petrol,Trustmark Dealer,Manual,Fourth & Above Owner,11.48,2727,189.88,113.77,7,1490054.843824139
Maruti Swift,2011,268424,179722,CNG,Dealer,Manual,First Owner,26.91,2195,189.56,123.84,4,349577.915821803
Volkswagen Polo,2005,50000,64407,Diesel,Dealer,Manual,Second Owner,17.8,1846,150.56,326.9,6,58412.39039831577
Maruti Baleno,2016,103878,160594,Diesel,Dealer,Automatic,First Owner,20.87,1880,171.48,288.84,5,138031.24987294187
Skoda Rapid,2011,1047928,155800,CNG,Individual,Manual,First Owner,16.86,2380,71.83,329.05,6,1496331.0567290809
Volkswagen Polo,2014,303421,123635,Petrol,Dealer,Manual,Third Owner,18.27,921,89.83,306.86,6,390380.2256796487
Kia Seltos,2022,290325,137597,CNG,Dealer,Manual,Third Owner,34.3,2288,89.66,247.16,7,420222.069762834
Volkswagen Polo,2022,1310614,66532,Diesel,Individual,Automatic,Second Owner,31.73,2707,196.76,172.16,6,1450147.1551938525
Kia Seltos,2012,1182841,39729,CNG,Trustmark Dealer,Automatic,Second Owner,18.71,2720,100.57,334.0,4,1712685.1149580446
Skoda Rapid,2014,450210,73633,Petrol,Dealer,Automatic,Fourth & Above Owner,30.54,802,53.02,335.79,4,656229.5292142446
Hyundai Creta,2006,581220,150877,LPG,Individual,Manual,Third Owner,25.82,2764,140.71,281.39,5,830327.2583553923
Ford Ecosport,2021,99349,70400,Diesel,Dealer,Automatic,Second Owner,10.26,1444,144.01,104.65,6,119736.26655173796
Ford Ecosport,2023,1211741,14767,CNG,Individual,Manual,Second Owner,15.18,1755,118.57,266.14,5,1697839.8236836372
Volkswagen Polo,2015,1159125,26916,Electric,Trustmark Dealer,Manual,Second Owner,33.9,2305,105.88,169.52,7,1567149.9592938393
Hyundai Creta,2019,94707,94348,Diesel,Individual,Manual,First Owner,23.65,2860,164.02,162.98,5,123620.14598034888
Mahindra XUV500,2006,595531,176418,Petrol,Trustmark Dealer,Manual,Fourth & Above Owner,23.43,1214,56.1,189.67,7,698861.9012168165
Ford Ecosport,2011,677992,151449,Petrol,Individual,Manual,Fourth & Above Owner,18.61,2301,170.18,277.06,6,761524.5024694713
Tata Nexon,2013,288446,152214,LPG,Individual,Automatic,Second Owner,12.99,1245,95.07,244.6,5,330259.5553301267
Skoda Rapid,2020,535824,25942,CNG,Individual,Automatic,Second Owner,23.05,2845,58.0,234.95,4,626279.563106158
Ford Ecosport,2007,323345,161877,Electric,Dealer,Automatic,Fourth & Above Owner,13.3,2395,100.99,150.77,5,396342.00994182937
Maruti Swift,2005,934092,147418,LPG,Trustmark Dealer,Manual,Second Owner,11.61,1916,158.97,171.37,4,1343360.2033015457
Hyundai Creta,2009,50000,152832,LPG,Dealer,Automatic,Third Owner,31.86,1253,161.89,167.61,5,68590.70777339909
Mahindra XUV500,2008,515316,152081,Electric,Individual,Manual,Fourth & Above Owner,32.55,1020,110.61,267.72,6,739934.7004990833
Hyundai Creta,2007,419496,53303,Diesel,Trustmark Dealer,Automatic,First Owner,22.67,2966,75.46,268.37,5,504190.4820449489
Ford Ecosport,2019,741117,58601,Diesel,Dealer,Manual,Fourth & Above Owner,27.12,1279,126.8,181.09,4,820570.0511644538
Ford Ecosport,2023,529423,145898,Diesel,Trustmark Dealer,Manual,Second Owner,27.94,2367,199.12,199.58,4,779674.8144882445
Renault Duster,2011,1105543,182725,LPG,Trustmark Dealer,Manual,Fourth & Above Owner,28.88,1885,152.68,183.11,6,1445660.4958872125
Honda City,2007,57654,160194,CNG,Dealer,Automatic,Second Owner,13.09,818,61.44,271.95,7,67566.56331994898
Hyundai Creta,2015,636147,117561,Diesel,Dealer,Automatic,First Owner,34.29,2929,195.93,263.63,4,891729.6911674053
Maruti Swift,2019,683580,120997,LPG,Dealer,Automatic,First Owner,16.98,2482,188.41,180.91,5,752949.9827711566
Ford Ecosport,2022,1129669,20296,Diesel,Trustmark Dealer,Automatic,Second Owner,31.47,1765,54.84,118.12,5,1478067.2681962922
Maruti Baleno,2008,302492,160922,Petrol,Trustmark Dealer,Manual,Second Owner,17.92,2748,191.4,333.07,6,364992.2410469217
Mahindra XUV500,2005,817279,13712,CNG,Trustmark Dealer,Automatic,Second Owner,20.12,1116,153.11,325.52,4,1090419.655225936
Maruti Swift,2023,1367294,148648,Petrol,Individual,Automatic,First Owner,34.97,2685,85.51,322.28,5,1976680.67697752
Skoda Rapid,2017,230921,186388,Petrol,Dealer,Automatic,Fourth & Above Owner,30.4,2110,153.59,118.79,5,269112.2069746326
Hyundai i20,2016,1228949,119741,Diesel,Individual,Manual,Third Owner,33.18,2656,131.19,117.59,7,1527674.0706510143
Volkswagen Polo,2016,221088,145856,Diesel,Trustmark Dealer,Automatic,Second Owner,20.02,1145,60.11,265.29,6,282000.8901346881
Honda City,2016,211991,187529,Diesel,Individual,Manual,Second Owner,19.25,2763,65.45,95.87,7,253116.7499526995
Mahindra XUV500,2022,806019,41069,LPG,Individual,Automatic,Second Owner,34.0,2184,132.6,300.21,5,1152383.105408837
Toyota Innova,2012,236337,147057,Petrol,Trustmark Dealer,Manual,First Owner,19.67,1091,136.48,190.74,7,291707.08295948646
Honda City,2022,316556,176842,LPG,Trustmark Dealer,Automatic,Fourth & Above Owner,20.28,2772,111.66,259.22,7,362145.107442722
Maruti Swift,2022,665776,49389,Diesel,Individual,Automatic,Second Owner,17.15,1015,180.63,207.79,7,960089.224514798
Hyundai i20,2017,1062617,38999,Diesel,Individual,Automatic,Third Owner,21.08,2128,83.87,205.88,4,1278350.3534576576
Tata Nexon,2005,862012,150845,CNG,Dealer,Manual,First Owner,10.85,2684,154.21,308.46,5,1189815.6962681073
Tata Nexon,2019,1065344,191923,LPG,Dealer,Automatic,First Owner,15.89,2960,176.81,165.51,7,1454271.623740351
Volkswagen Polo,2012,1126005,162585,Electric,Trustmark Dealer,Automatic,Second Owner,23.42,2423,78.45,115.02,7,1628052.8098566409
Skoda Rapid,2012,392763,131069,LPG,Trustmark Dealer,Manual,Third Owner,24.05,1718,126.31,341.61,5,441938.0615992256
Honda City,2007,719899,137426,Electric,Trustmark Dealer,Automatic,First Owner,31.53,1612,97.84,257.02,7,997845.1366596536
Maruti Baleno,2005,722050,93501,LPG,Individual,Automatic,Second Owner,23.89,2623,164.42,287.81,5,1000683.3184029944
Renault Duster,2013,313422,172103,Petrol,Individual,Automatic,First Owner,10.52,2162,198.52,194.33,7,387306.6444743846
Maruti Swift,2017,988121,171793,Diesel,Individual,Automatic,Second Owner,23.48,1402,112.33,284.91,5,1165027.3289089894
Maruti Swift,2018,366427,41129,Petrol,Individual,Automatic,Third Owner,25.3,1703,114.49,251.27,6,458043.07222385495
Honda City,2005,50000,39362,Electric,Trustmark Dealer,Manual,Second Owner,33.64,1420,178.99,308.38,4,60624.381204450176
Kia Seltos,2012,50000,183320,Diesel,Trustmark Dealer,Automatic,First Owner,13.81,1414,71.87,100.98,7,65669.66040955536
Maruti Baleno,2018,1281329,60149,Diesel,Dealer,Manual,Third Owner,14.13,2754,80.26,242.81,5,1876531.6891313856
Maruti Baleno,2011,1074346,7511,Petrol,Dealer,Manual,Third Owner,21.27,2994,75.74,288.12,6,1230780.8023173765
Tata Nexon,2016,827176,123210,Electric,Individual,Automatic,First Owner,27.71,2138,187.47,96.17,6,934983.045964434
Hyundai Creta,2013,1135338,165671,Electric,Dealer,Manual,Second Owner,26.78,1224,60.46,163.47,7,1457532.0602920025
Ford Ecosport,2020,244099,158699,CNG,Individual,Manual,Fourth & Above Owner,29.87,2863,179.89,115.15,5,302613.3237380457
Honda City,2021,226373,73677,Petrol,Trustmark Dealer,Manual,Second Owner,34.8,1711,112.96,141.82,7,258056.9773844682
Toyota Innova,2006,983583,79966,Electric,Trustmark Dealer,Automatic,Fourth & Above Owner,11.43,1063,176.25,270.5,6,1412850.496840072
Mahindra XUV500,2018,238543,159964,LPG,Dealer,Manual,Second Owner,21.66,2013,149.23,303.43,5,277151.13798219647
Mahindra XUV500,2009,993593,73990,CNG,Individual,Automatic,First Owner,34.55,2448,71.39,323.76,4,1228306.197519882
Mahindra XUV500,2021,366255,199569,Petrol,Trustmark Dealer,Automatic,Second Owner,26.54,1473,133.01,192.79,4,461820.5402450385
Hyundai i20,2015,908690,18162,Electric,Dealer,Manual,Third Owner,23.73,2175,97.78,345.2,6,1161046.89180106
Tata Nexon,2008,470276,155199,Electric,Trustmark Dealer,Automatic,First Owner,19.28,1892,158.56,91.12,6,604880.6408975924
Volkswagen Polo,2018,223903,48414,Petrol,Trustmark Dealer,Manual,Third Owner,15.33,1178,106.48,244.7,6,330545.480684835
Honda City,2011,111620,174050,LPG,Trustmark Dealer,Automatic,Fourth & Above Owner,14.23,2580,144.52,194.57,4,132109.39347467778
Hyundai i20,2023,430907,128425,Diesel,Individual,Manual,Third Owner,26.32,1181,179.22,131.82,4,568603.5242385594
Mahindra XUV500,2015,1059658,69812,Petrol,Individual,Manual,Fourth & Above Owner,16.26,2884,52.12,134.49,5,1494996.6134898358
Ford Ecosport,2013,50000,193695,LPG,Trustmark Dealer,Automatic,Second Owner,28.52,2923,189.75,98.48,6,74906.02357775372
Toyota Innova,2020,1242669,172517,CNG,Trustmark Dealer,Manual,Fourth & Above Owner,27.93,931,68.9,291.22,5,1556948.2915409422
Renault Duster,2014,396914,72828,Electric,Dealer,Manual,Fourth & Above Owner,25.66,2195,170.75,254.26,5,442295.3895934146
Toyota Innova,2011,50000,17832,Petrol,Trustmark Dealer,Automatic,Third Owner,27.29,1394,74.59,183.76,6,67972.44035994871
Mahindra XUV500,2006,376188,99542,CNG,Individual,Automatic,First Owner,19.61,827,104.66,349.86,7,435806.2736131583
Volkswagen Polo,2012,1302304,90007,Electric,Dealer,Manual,Fourth & Above Owner,14.8,2838,77.16,237.69,4,1864725.12243105
Tata Nexon,2013,579903,75616,LPG,Individual,Manual,Fourth & Above Owner,10.67,827,161.5,289.97,5,718987.5390450705
Tata Nexon,2021,1044088,195131,Diesel,Trustmark Dealer,Manual,Fourth & Above Owner,11.22,2759,124.57,263.98,5,1474146.3809515156
Hyundai i20,2007,265966,116115,Diesel,Individual,Manual,Third Owner,14.69,2079,149.95,145.66,6,337066.8793689928
Maruti Baleno,2022,897889,180187,Petrol,Dealer,Automatic,Third Owner,11.64,2072,52.08,162.11,7,1315804.8816980422
Maruti Baleno,2021,691123,150712,Electric,Individual,Manual,Second Owner,30.99,2117,163.02,280.27,4,1025991.8010589384
Skoda Rapid,2016,1262661,176593,Electric,Dealer,Manual,Second Owner,12.64,1703,72.46,199.61,6,1786454.703656928
Honda City,2021,1216823,144108,Diesel,Trustmark Dealer,Manual,First Owner,33.11,1700,197.12,151.0,4,1399073.323208574
Maruti Swift,2012,1167236,93502,Petrol,Individual,Manual,Second Owner,29.17,1925,81.28,264.25,5,1745664.7480529095
Tata Nexon,2021,1170878,90946,Petrol,Individual,Automatic,Second Owner,30.48,1380,122.28,164.23,4,1636799.544320017
Hyundai Creta,2011,328531,85055,Diesel,Individual,Automatic,Second Owner,10.73,1687,185.42,117.92,5,454589.9548364105
Tata Nexon,2022,1231616,103305,Petrol,Individual,Manual,Third Owner,22.56,896,87.63,148.24,7,1657877.7313973345
Renault Duster,2023,1154120,136649,CNG,Dealer,Automatic,Third Owner,19.76,805,75.98,175.49,5,1376835.016111111
Tata Nexon,2022,1379534,186437,CNG,Individual,Manual,First Owner,32.17,2105,177.08,295.68,7,1532355.8266400087
Ford Ecosport,2016,595812,86975,Electric,Individual,Automatic,Third Owner,10.02,2846,116.31,303.71,6,866022.5118001217
Kia Seltos,2018,837910,113595,Electric,Dealer,Automatic,Second Owner,33.3,2265,125.07,117.56,6,1132709.2742518955
Renault Duster,2009,1003788,145510,LPG,Trustmark Dealer,Automatic,First Owner,25.64,2954,166.21,283.17,7,1384477.705530728
Kia Seltos,2011,777126,55956,CNG,Dealer,Manual,Fourth & Above Owner,13.54,2822,54.99,339.34,4,997103.6486801984
Maruti Swift,2015,583175,178576,Electric,Individual,Manual,Second Owner,32.11,868,61.92,212.58,5,825640.0230233431
Renault Duster,2012,950748,6913,Petrol,Individual,Manual,Second Owner,10.27,2672,169.69,236.61,5,1151279.9950782235
Hyundai Creta,2019,629887,46840,Diesel,Dealer,Manual,Fourth & Above Owner,29.76,1684,118.6,179.32,5,881640.777911111
Skoda Rapid,2018,171270,52172,Diesel,Individual,Manual,Third Owner,15.73,1397,170.15,106.74,6,192295.8907337552
Toyota Innova,2020,448023,147377,CNG,Trustmark Dealer,Manual,Fourth & Above Owner,15.45,1161,168.9,287.14,6,525714.96840906
Renault Duster,2008,747949,101336,LPG,Dealer,Automatic,Second Owner,15.47,2394,98.93,290.06,6,832161.9192244482
Maruti Swift,2012,50000,62586,Electric,Dealer,Manual,Second Owner,23.97,1357,82.22,96.89,7,58301.248921273465
Honda City,2014,224493,104858,Diesel,Individual,Manual,First Owner,12.97,1391,179.8,277.23,5,301161.2077413578
Tata Nexon,2021,421454,53394,Petrol,Individual,Automatic,Third Owner,19.88,2923,188.31,309.85,4,599728.810911945
Skoda Rapid,2014,695051,153920,Petrol,Individual,Manual,Second Owner,26.57,2077,86.15,247.35,6,1034660.0352087416
Hyundai i20,2013,650403,16502,Electric,Trustmark Dealer,Manual,Fourth & Above Owner,29.62,1125,195.51,143.2,4,839987.7024150819
Honda City,2020,695476,85210,Electric,Dealer,Manual,First Owner,16.23,2107,72.29,322.92,7,871574.7253324955
Tata Nexon,2014,135333,134666,CNG,Dealer,Automatic,First Owner,18.78,2575,120.83,217.53,6,201567.92339450523
Skoda Rapid,2005,538891,153626,Petrol,Trustmark Dealer,Manual,Third Owner,22.91,2561,199.72,104.13,6,603242.9884385911
Hyundai i20,2014,864422,129556,Electric,Trustmark Dealer,Automatic,Third Owner,14.23,966,179.96,318.49,4,1138937.296703606
Ford Ecosport,2016,1008574,17455,CNG,Trustmark Dealer,Automatic,Fourth & Above Owner,16.15,983,56.39,130.73,4,1427908.8721151548
Kia Seltos,2009,244179,66247,CNG,Trustmark Dealer,Automatic,Second Owner,23.35,1937,97.52,345.56,7,348832.71230037505
Tata Nexon,2012,277186,26079,Diesel,Dealer,Manual,Second Owner,13.88,1510,111.17,255.82,5,359275.77707525884
Honda City,2006,50000,191618,CNG,Individual,Automatic,First Owner,19.82,2124,75.41,216.99,6,69140.61581261622
Tata Nexon,2009,50000,154279,Electric,Individual,Automatic,Second Owner,27.37,2597,59.48,298.28,7,71525.45081416314
Hyundai i20,2016,571839,161523,CNG,Individual,Automatic,Third Owner,29.34,2300,123.23,113.55,4,651964.651955343
Maruti Swift,2021,1280880,8295,LPG,Dealer,Automatic,First Owner,18.13,1729,67.18,338.33,5,1574799.6607630812
Maruti Baleno,2014,326575,131952,Electric,Dealer,Automatic,First Owner,28.71,2736,136.99,176.68,7,394546.9679740368
Maruti Swift,2007,861174,15557,LPG,Individual,Automatic,Third Owner,15.81,2717,68.39,280.15,6,1041818.7218977752
Ford Ecosport,2014,472180,26200,Petrol,Trustmark Dealer,Manual,Fourth & Above Owner,33.33,1065,135.82,305.45,7,612920.3496595458
Renault Duster,2005,115489,132143,Petrol,Dealer,Manual,First Owner,25.15,1757,117.44,139.56,4,137957.45830215665
Volkswagen Polo,2006,91135,85087,Electric,Trustmark Dealer,Automatic,First Owner,32.47,1861,58.21,210.78,4,102978.81521756676
Renault Duster,2012,430931,37076,Electric,Trustmark Dealer,Manual,Third Owner,25.15,1777,62.89,245.2,5,543741.4566486839
Hyundai Creta,2021,914863,176878,Electric,Trustmark Dealer,Automatic,First Owner,13.76,2973,153.42,180.35,7,1244484.2728832797
Volkswagen Polo,2013,298513,147264,LPG,Trustmark Dealer,Automatic,Fourth & Above Owner,30.13,1480,186.59,237.75,7,384120.45234812406
Ford Ecosport,2006,169372,53467,LPG,Dealer,Automatic,Second Owner,30.06,1012,168.21,122.77,7,233405.78215208568
Ford Ecosport,2018,503220,155746,Petrol,Dealer,Automatic,Fourth & Above Owner,16.3,1362,143.1,132.18,5,657144.0747185823
Honda City,2006,337344,5326,LPG,Individual,Manual,Second Owner,31.83,1927,105.95,190.22,7,484749.7061443284
Kia Seltos,2018,889437,134811,LPG,Trustmark Dealer,Manual,Fourth & Above Owner,25.72,1959,103.38,121.46,7,1264107.1111858003
Honda City,2008,50000,13613,Petrol,Individual,Manual,Second Owner,34.2,969,104.86,291.5,6,64608.75211240001
Honda City,2007,984734,150008,LPG,Trustmark Dealer,Manual,First Owner,17.68,2863,180.7,294.8,5,1390549.1236640452
Honda City,2022,184798,123524,CNG,Trustmark Dealer,Manual,Fourth & Above Owner,29.05,2385,188.36,310.56,5,206448.10313590028
Ford Ecosport,2023,473796,150263,Diesel,Trustmark Dealer,Manual,First Owner,29.54,1694,98.12,202.66,4,621258.975366522
Kia Seltos,2020,1286073,158520,Petrol,Trustmark Dealer,Automatic,First Owner,26.66,1816,80.23,206.42,6,1593674.3311745217
Volkswagen Polo,2013,942210,107815,Electric,Dealer,Automatic,Second Owner,27.89,2327,169.46,188.79,4,1115466.232027952
Maruti Swift,2007,609457,21411,LPG,Individual,Manual,Third Owner,20.78,1707,110.86,248.72,7,768129.8940750216
Maruti Baleno,2018,800461,123694,CNG,Dealer,Manual,Second Owner,33.27,2635,162.42,319.75,5,924451.5438668884
Skoda Rapid,2018,321315,81085,LPG,Individual,Automatic,Third Owner,21.3,2552,50.63,192.26,5,438555.2701346387
Honda City,2014,708380,113439,LPG,Dealer,Automatic,Third Owner,21.43,2924,55.3,203.51,4,874856.3487221112
Ford Ecosport,2010,1149758,78798,CNG,Trustmark Dealer,Manual,Second Owner,19.53,2960,60.16,223.98,7,1458665.418349486
Ford Ecosport,2010,794998,152974,Petrol,Individual,Manual,Third Owner,12.53,1994,171.54,319.82,5,1171239.1277015193
Hyundai Creta,2022,514530,85207,Petrol,Dealer,Automatic,Second Owner,33.99,2330,170.72,248.76,7,685620.0831337833
Hyundai i20,2018,446974,59157,Petrol,Dealer,Manual,First Owner,32.73,1903,153.01,92.87,5,648710.7868625128
Tata Nexon,2020,964083,182985,Electric,Individual,Automatic,Fourth & Above Owner,32.93,1403,130.47,279.01,6,1390599.173242794
Ford Ecosport,2011,1061577,21849,CNG,Individual,Manual,Fourth & Above Owner,26.23,1538,65.79,204.63,5,1196511.2617399206
Mahindra XUV500,2020,987458,141719,Petrol,Individual,Automatic,Fourth & Above Owner,27.24,2377,124.79,114.66,7,1402790.3410714052
Volkswagen Polo,2014,505114,80038,Diesel,Individual,Automatic,Third Owner,22.97,1202,98.02,111.41,5,690088.1745175982
Kia Seltos,2014,223743,184404,CNG,Individual,Automatic,Second Owner,19.38,2220,159.67,134.69,6,299119.33454850205
Skoda Rapid,2005,50000,150249,Diesel,Individual,Automatic,First Owner,26.92,2125,179.9,323.61,7,69362.02544035952
Hyundai i20,2005,50000,26235,LPG,Trustmark Dealer,Manual,First Owner,17.7,2504,147.44,319.49,7,60406.18289214517
Mahindra XUV500,2017,50000,158954,Diesel,Dealer,Manual,Second Owner,24.1,2327,82.01,157.52,4,62621.284312364034
Maruti Swift,2005,63796,179370,LPG,Trustmark Dealer,Automatic,Third Owner,15.48,824,151.8,326.45,4,77126.34103200404
Ford Ecosport,2014,1242811,147227,Petrol,Trustmark Dealer,Manual,First Owner,26.03,2317,93.95,242.49,7,1647514.580821878
Toyota Innova,2007,203226,66438,Electric,Dealer,Automatic,Third Owner,32.71,2179,109.42,217.89,7,238487.0837865109
Volkswagen Polo,2009,80897,117037,Electric,Dealer,Automatic,Fourth & Above Owner,10.22,1220,163.57,143.15,5,93280.86455272073
Toyota Innova,2014,274248,113117,Diesel,Trustmark Dealer,Automatic,Third Owner,28.28,2965,78.93,128.41,7,307636.14280519297
Mahindra XUV500,2023,446092,105262,Electric,Dealer,Manual,Second Owner,13.73,1854,176.59,324.16,4,589347.7675350566
Renault Duster,2014,1221181,186933,LPG,Trustmark Dealer,Manual,Third Owner,26.41,1718,59.24,285.56,7,1771649.175676803
Honda City,2009,114223,158316,CNG,Individual,Automatic,Second Owner,19.29,2466,195.13,349.06,6,149060.91962259178
Maruti Baleno,2005,761302,14541,Electric,Trustmark Dealer,Manual,Fourth & Above Owner,16.56,1103,116.09,328.73,4,1136019.2664036856
Skoda Rapid,2013,283557,132480,CNG,Individual,Manual,Fourth & Above Owner,34.24,1694,111.17,337.05,5,353615.042535758
Honda City,2006,50000,183946,Electric,Individual,Manual,First Owner,26.09,2022,197.6,305.85,6,65614.30952869804
Toyota Innova,2005,227681,195341,Petrol,Individual,Automatic,First Owner,23.07,1173,141.44,187.6,5,266790.0737049144
Volkswagen Polo,2008,1055527,165818,Electric,Dealer,Automatic,Fourth & Above Owner,17.87,2193,107.04,278.54,4,1171713.1891373787
Hyundai i20,2009,50000,62177,CNG,Trustmark Dealer,Automatic,Third Owner,32.55,966,56.65,243.68,6,73818.64002759029
Honda City,2021,441772,63609,CNG,Dealer,Manual,Second Owner,34.49,2653,73.62,211.47,4,620689.27264665
Toyota Innova,2015,646422,66064,CNG,Individual,Manual,Second Owner,20.66,808,79.86,308.44,5,856876.5483434821
Maruti Swift,2011,596713,130040,Diesel,Individual,Automatic,Second Owner,16.53,1581,92.23,191.94,5,754719.4317384788
Ford Ecosport,2009,87063,26715,LPG,Dealer,Automatic,Third Owner,33.14,2048,92.11,94.62,4,123223.74195639296
Maruti Baleno,2013,620806,167112,Petrol,Individual,Automatic,First Owner,14.17,1986,194.87,110.95,6,876459.7391644659
Honda City,2006,720131,32921,LPG,Individual,Automatic,Second Owner,16.27,949,185.92,215.61,5,845994.3945136471
Mahindra XUV500,2016,1185291,58077,Petrol,Trustmark Dealer,Manual,Third Owner,25.38,2560,92.25,281.69,5,1516719.4124001628
Volkswagen Polo,2007,205272,152962,Electric,Dealer,Automatic,Second Owner,13.58,2960,143.94,283.75,7,269479.3183355781
Kia Seltos,2010,50000,61913,Electric,Dealer,Manual,Third Owner,14.23,2291,190.86,185.98,5,58122.93699688261
Maruti Baleno,2014,1203032,158660,CNG,Individual,Manual,Second Owner,24.23,1964,181.98,174.78,5,1659584.6434965353
Kia Seltos,2021,258280,10656,Electric,Trustmark Dealer,Automatic,Third Owner,10.06,2766,188.16,177.89,7,308795.796332889
Ford Ecosport,2022,988197,68390,LPG,Trustmark Dealer,Automatic,Third Owner,15.35,2748,84.14,207.77,5,1307391.4753200468
Skoda Rapid,2019,698764,132147,Diesel,Trustmark Dealer,Manual,Third Owner,17.82,1358,112.17,210.12,5,834555.132819606
Skoda Rapid,2006,803511,199708,LPG,Trustmark Dealer,Manual,Second Owner,24.69,1711,116.07,248.37,6,1053288.5123662262
Mahindra XUV500,2021,1366219,191031,CNG,Dealer,Automatic,Second Owner,26.88,1299,136.42,115.77,4,1912687.6555811367
Mahindra XUV500,2016,162983,189700,Petrol,Individual,Manual,Fourth & Above Owner,13.15,1532,184.32,112.99,4,195111.11866242648
Hyundai i20,2012,206701,5772,CNG,Dealer,Automatic,Second Owner,19.79,2205,115.79,266.9,4,246090.31313599995
Honda City,2007,553405,167125,CNG,Trustmark Dealer,Automatic,Third Owner,19.55,1335,61.56,124.48,5,678062.6206120729
Maruti Baleno,2008,546493,18556,Diesel,Dealer,Automatic,Fourth & Above Owner,33.94,2307,51.95,296.85,6,779806.353241017
Maruti Baleno,2016,163742,30478,Petrol,Dealer,Manual,Second Owner,27.31,1348,89.77,113.84,5,187763.49352807185
Maruti Baleno,2018,93097,47975,LPG,Individual,Manual,Third Owner,27.48,909,170.7,265.18,6,120556.79936167276
Maruti Swift,2020,1302661,9249,Diesel,Dealer,Manual,Third Owner,15.19,2779,160.32,222.14,6,1439702.570333126
Hyundai i20,2014,797240,76327,Petrol,Dealer,Automatic,Second Owner,20.19,864,118.73,118.56,7,890162.558265136
Volkswagen Polo,2005,50000,82925,CNG,Dealer,Manual,Fourth & Above Owner,24.24,2594,167.2,334.5,6,63908.78675695166
Ford Ecosport,2016,1244357,118604,Diesel,Trustmark Dealer,Automatic,Fourth & Above Owner,24.59,1774,192.26,323.77,4,1493714.4613336048
Volkswagen Polo,2020,531633,124495,Electric,Trustmark Dealer,Manual,First Owner,10.48,1183,145.89,252.35,7,758420.8161792561
Honda City,2005,1020191,62751,Electric,Dealer,Manual,Second Owner,11.37,2324,165.03,194.5,4,1428979.272474289
Maruti Baleno,2012,835542,179846,Petrol,Dealer,Manual,Fourth & Above Owner,21.74,1572,57.19,330.96,7,1150576.503694352
Mahindra XUV500,2020,1174130,163887,Petrol,Dealer,Automatic,Fourth & Above Owner,10.32,2350,145.05,190.3,7,1334792.6043451217
Skoda Rapid,2012,959620,98920,Petrol,Individual,Automatic,First Owner,15.91,2472,54.23,181.8,5,1430922.638632903
Hyundai Creta,2023,282462,63386,LPG,Dealer,Manual,Third Owner,29.74,1291,180.43,250.62,5,384831.93089023465
Toyota Innova,2023,164489,10839,LPG,Dealer,Automatic,Second Owner,24.47,1339,118.76,322.88,7,204865.5973105319
Skoda Rapid,2009,531298,191193,Petrol,Trustmark Dealer,Automatic,Third Owner,28.22,2549,62.74,239.12,6,622509.9864355308
Tata Nexon,2005,918310,152351,LPG,Trustmark Dealer,Manual,Second Owner,19.79,2485,148.91,237.88,5,1031904.7020304124
Renault Duster,2017,1053924,87699,Electric,Trustmark Dealer,Manual,First Owner,29.03,2928,158.56,294.84,5,1304957.3092453587
Volkswagen Polo,2013,346299,144609,LPG,Individual,Manual,Second Owner,23.23,2473,109.17,114.71,6,427456.3158978029
Skoda Rapid,2010,703372,166679,LPG,Dealer,Automatic,Second Owner,24.1,1111,84.56,252.93,6,965787.9393097864
Skoda Rapid,2011,342484,157178,CNG,Dealer,Manual,Third Owner,28.75,1778,71.12,156.62,4,381375.8906225844
Maruti Swift,2005,392511,74428,Electric,Individual,Manual,Second Owner,11.63,2635,101.49,257.7,7,515627.3022217991
Toyota Innova,2007,739824,198979,Diesel,Individual,Manual,First Owner,21.58,1437,83.7,206.53,4,1015038.634199345
Volkswagen Polo,2017,916327,27446,Electric,Dealer,Manual,Third Owner,30.06,2447,191.64,285.27,6,1180282.200465985
Honda City,2012,583836,183330,Petrol,Individual,Manual,Second Owner,24.0,2451,146.21,124.02,5,807412.868067826
Skoda Rapid,2015,391925,157883,LPG,Dealer,Manual,Third Owner,11.71,2882,109.79,321.39,5,452859.57162387145
Mahindra XUV500,2015,1010744,68385,Diesel,Dealer,Automatic,First Owner,14.29,1346,82.29,134.45,7,1437146.6993326808
Maruti Baleno,2017,1338128,47658,Diesel,Individual,Automatic,First Owner,21.2,2246,120.95,170.26,7,1942714.413706582
Maruti Baleno,2020,970564,79905,Diesel,Dealer,Automatic,Fourth & Above Owner,26.82,1066,170.71,249.77,5,1221629.455462691
Skoda Rapid,2015,211066,133631,Petrol,Individual,Automatic,Fourth & Above Owner,20.98,2217,166.91,349.65,6,290766.7739279771
Maruti Swift,2019,703488,91448,Petrol,Trustmark Dealer,Automatic,Fourth & Above Owner,25.56,2536,180.31,251.49,5,883126.8555446124
Maruti Baleno,2020,1369179,42356,CNG,Trustmark Dealer,Manual,Second Owner,17.44,1504,97.41,212.25,4,1749577.6403298734
Honda City,2010,982182,104080,Electric,Dealer,Manual,Second Owner,14.13,2169,109.51,316.59,5,1361258.5832457654
Skoda Rapid,2007,572855,91479,Petrol,Trustmark Dealer,Manual,Second Owner,33.63,2130,112.99,251.52,5,752939.3398858224
Toyota Innova,2018,1001547,35929,Diesel,Dealer,Automatic,First Owner,19.51,1220,192.99,174.73,6,1234836.406832066
Skoda Rapid,2017,1118477,78082,Electric,Individual,Automatic,Second Owner,22.24,2950,150.07,331.87,5,1284728.1892417043
Mahindra XUV500,2010,271611,99179,CNG,Trustmark Dealer,Manual,Second Owner,14.08,2260,164.49,257.98,4,366431.0666001913
Volkswagen Polo,2014,634324,42546,Petrol,Trustmark Dealer,Automatic,Second Owner,16.12,1940,68.43,200.21,4,815020.6275123948
Hyundai Creta,2013,1180813,199540,Petrol,Trustmark Dealer,Automatic,Third Owner,12.36,2121,82.68,146.36,6,1737378.7084971883
Mahindra XUV500,2006,387300,37130,LPG,Dealer,Automatic,Fourth & Above Owner,19.31,2902,184.05,188.54,5,577772.8747258164
Renault Duster,2017,678138,51916,Diesel,Trustmark Dealer,Automatic,Fourth & Above Owner,20.03,2147,62.1,349.67,7,998494.349004206
Kia Seltos,2019,103908,84764,Diesel,Individual,Automatic,Third Owner,16.22,1005,161.95,286.09,7,145284.9863832022
Hyundai Creta,2005,725496,140518,Electric,Dealer,Manual,Fourth & Above Owner,16.9,1455,52.55,331.59,7,1058838.8720061246
Kia Seltos,2022,309941,52891,Diesel,Trustmark Dealer,Manual,Fourth & Above Owner,12.1,2454,102.02,251.26,4,386347.7950981102
Kia Seltos,2010,50000,170550,Diesel,Dealer,Automatic,First Owner,20.23,2675,75.6,319.39,6,73368.91150670176
Volkswagen Polo,2008,50000,179016,Electric,Individual,Automatic,Fourth & Above Owner,19.57,2824,96.29,267.21,7,62637.29558006969
Renault Duster,2023,1107420,117559,LPG,Individual,Manual,Third Owner,10.92,2897,182.41,220.73,4,1335402.9071317762
Renault Duster,2020,343384,19711,CNG,Dealer,Automatic,Second Owner,18.7,2935,72.77,155.62,4,407903.10194553103
Tata Nexon,2023,958646,123326,CNG,Individual,Automatic,Third Owner,21.01,2109,104.16,252.72,7,1078477.1851085017
Maruti Swift,2018,1328654,107079,LPG,Individual,Manual,Fourth & Above Owner,16.02,2933,125.06,210.66,5,1479706.0503716138
Maruti Baleno,2008,803733,16911,CNG,Dealer,Automatic,Second Owner,21.47,2315,72.68,170.9,7,1002804.6420851428
Hyundai i20,2012,997528,70852,Electric,Individual,Manual,Fourth & Above Owner,17.14,881,116.07,143.64,7,1157961.633151084
Volkswagen Polo,2020,224828,85162,Diesel,Dealer,Manual,Third Owner,28.28,2200,151.22,135.07,5,263060.2915250972
Skoda Rapid,2015,247541,149419,CNG,Individual,Manual,Fourth & Above Owner,14.13,1767,145.11,309.28,7,355755.2344673672
Hyundai Creta,2017,237157,66682,Petrol,Dealer,Automatic,First Owner,28.09,2763,77.56,199.02,4,287618.22166531626
Maruti Baleno,2011,70020,44067,Petrol,Individual,Manual,Fourth & Above Owner,28.39,2311,109.37,345.61,4,82061.34474913176
Maruti Swift,2023,288402,108798,Diesel,Trustmark Dealer,Automatic,First Owner,31.24,2311,91.56,204.9,4,342371.56329802936
Renault Duster,2019,1190060,12083,Diesel,Individual,Manual,Third Owner,20.15,1780,123.68,251.54,7,1510184.0913334158
Kia Seltos,2013,910633,111208,Diesel,Individual,Automatic,Third Owner,18.58,2758,80.05,113.94,5,1263962.9503786163
Maruti Swift,2009,959340,115516,LPG,Dealer,Manual,Second Owner,34.68,2291,199.07,297.09,5,1066768.0764501584
Kia Seltos,2022,931098,159547,LPG,Dealer,Automatic,Fourth & Above Owner,17.74,2765,118.62,101.63,7,1024279.1956662404
Kia Seltos,2005,354666,192936,LPG,Individual,Automatic,First Owner,17.09,1492,184.63,240.51,7,477192.682454254
Tata Nexon,2005,282037,67234,CNG,Trustmark Dealer,Automatic,Fourth & Above Owner,11.77,1407,172.6,320.82,7,336519.9294560524
Ford Ecosport,2005,369005,106270,Petrol,Individual,Manual,Third Owner,28.82,1211,120.39,180.79,4,458237.1666728632
Hyundai i20,2005,206785,121808,Petrol,Trustmark Dealer,Manual,Fourth & Above Owner,28.27,1986,56.59,146.93,4,257615.894899108
Kia Seltos,2013,1201686,187891,CNG,Trustmark Dealer,Automatic,Second Owner,18.77,1339,103.7,338.04,6,1345132.3149742458
Mahindra XUV500,2018,1118320,128187,CNG,Individual,Automatic,First Owner,15.44,2989,142.99,314.33,7,1575426.9628975426
Honda City,2006,370624,158681,Petrol,Individual,Automatic,Second Owner,17.5,1622,189.1,201.95,6,543916.0317226994
Hyundai i20,2006,680592,106241,LPG,Individual,Manual,Third Owner,23.83,1403,61.19,279.74,7,910596.2199798224
Volkswagen Polo,2010,370660,192793,Petrol,Individual,Manual,Third Owner,10.08,2315,182.64,286.44,7,481684.68943502544
Maruti Swift,2015,1196831,5960,Diesel,Trustmark Dealer,Manual,Second Owner,13.72,2325,83.71,234.18,5,1559007.8721843371
Honda City,2009,133185,109925,LPG,Individual,Manual,Fourth & Above Owner,33.29,2579,114.35,106.19,7,198187.22779662692
Hyundai Creta,2016,1005864,91708,CNG,Trustmark Dealer,Manual,Third Owner,29.45,1900,182.63,308.18,6,1177735.8821888857
Skoda Rapid,2016,272498,81188,LPG,Dealer,Manual,First Owner,31.5,2768,183.83,255.59,6,321740.36523876234
Volkswagen Polo,2021,1383594,112908,Diesel,Individual,Automatic,First Owner,32.02,1964,93.28,220.95,4,1758029.1883253898
Ford Ecosport,2016,385823,159119,Electric,Individual,Manual,Second Owner,16.35,1219,155.08,273.89,4,479573.2049541748
Tata Nexon,2014,50000,28083,Diesel,Trustmark Dealer,Manual,First Owner,19.24,2514,80.34,180.5,5,66031.15309320172
Toyota Innova,2019,234159,26194,Petrol,Dealer,Automatic,Third Owner,20.59,1584,138.72,271.71,6,327306.1146060436
Renault Duster,2006,50000,129413,CNG,Dealer,Automatic,Third Owner,20.36,1326,100.25,297.05,5,62624.45979205775
Honda City,2020,1016673,111359,Electric,Individual,Automatic,Third Owner,14.96,2898,188.49,190.48,7,1226666.1844228553
Hyundai i20,2009,927041,170061,CNG,Individual,Manual,Third Owner,17.73,1694,135.37,172.42,5,1023715.7591319124
Tata Nexon,2022,207625,56910,LPG,Trustmark Dealer,Manual,Fourth & Above Owner,18.42,829,91.36,314.22,6,311054.0706252253
Kia Seltos,2022,994768,53014,Diesel,Trustmark Dealer,Manual,Third Owner,19.25,2168,180.55,267.59,7,1476860.846082447
Skoda Rapid,2009,434549,192926,Electric,Dealer,Manual,Second Owner,24.06,1668,186.02,223.52,4,594493.6812149131
Renault Duster,2008,701915,27342,Diesel,Dealer,Manual,Third Owner,12.69,957,199.06,309.28,4,968437.092683468
Ford Ecosport,2011,835795,170917,Diesel,Dealer,Automatic,Third Owner,19.99,1253,181.31,140.99,7,1248054.6840535614
Maruti Baleno,2007,742688,142479,Diesel,Individual,Manual,Fourth & Above Owner,28.27,1433,185.83,183.8,7,960589.1986467516
Hyundai i20,2005,50000,184930,Electric,Trustmark Dealer,Manual,Second Owner,30.3,2638,134.23,323.05,7,62274.8407179116
Skoda Rapid,2020,1201478,115994,LPG,Dealer,Manual,Third Owner,23.81,994,174.02,282.29,4,1750768.1127732743
Hyundai i20,2014,1118851,66575,CNG,Dealer,Automatic,Second Owner,14.94,1216,166.14,235.77,4,1642887.6646481291
Volkswagen Polo,2006,50000,166923,Diesel,Trustmark Dealer,Manual,Second Owner,17.92,1661,146.43,143.37,4,73144.27912850535
Hyundai i20,2019,401301,55823,Diesel,Individual,Manual,Third Owner,19.21,1031,101.68,92.61,7,456622.3922151755
Renault Duster,2023,516350,95842,Diesel,Dealer,Automatic,Third Owner,21.87,1952,124.05,100.62,7,680651.577767356
Ford Ecosport,2005,757404,30658,Diesel,Dealer,Manual,Third Owner,24.64,813,189.49,190.78,5,1023389.809461951
Honda City,2006,756056,182494,CNG,Dealer,Manual,Second Owner,10.21,955,173.24,144.32,5,1004059.628723882
Tata Nexon,2012,956960,20220,Petrol,Individual,Manual,Third Owner,13.79,2761,94.87,234.73,6,1156746.107906503
Tata Nexon,2006,50000,127628,LPG,Individual,Automatic,Fourth & Above Owner,25.17,2193,161.21,161.4,5,66881.53514066637
Tata Nexon,2022,1056971,103666,Electric,Individual,Automatic,First Owner,28.69,2478,57.18,317.02,4,1205834.4348635972
Renault Duster,2017,910092,52049,Petrol,Trustmark Dealer,Manual,First Owner,34.86,2525,78.26,208.48,7,1077021.6313619192
Hyundai Creta,2019,625478,144706,Petrol,Trustmark Dealer,Manual,Fourth & Above Owner,14.5,1008,74.7,182.24,6,791940.9856969734
Skoda Rapid,2020,823917,99725,Electric,Individual,Manual,Second Owner,11.9,2061,149.91,108.93,7,977553.8974145164
Hyundai i20,2021,1320951,72497,Petrol,Dealer,Manual,First Owner,32.1,1811,160.26,273.89,5,1781176.8881283524
Hyundai Creta,2006,50000,61490,Petrol,Trustmark Dealer,Manual,First Owner,20.62,1109,82.08,206.89,6,72223.8164267857
Ford Ecosport,2019,807020,45861,Electric,Dealer,Automatic,First Owner,17.87,1098,147.8,161.03,4,945423.748369599
Volkswagen Polo,2009,50000,185627,LPG,Trustmark Dealer,Automatic,Second Owner,11.07,1086,131.88,331.46,4,61125.23694545152
Renault Duster,2012,50000,83389,CNG,Dealer,Manual,Fourth & Above Owner,29.38,1275,174.59,329.3,6,58209.65054034124
Mahindra XUV500,2009,717291,50025,Diesel,Individual,Automatic,Fourth & Above Owner,19.66,2789,65.18,141.14,4,961138.3110288116
Renault Duster,2008,447145,44267,Electric,Trustmark Dealer,Automatic,Second Owner,24.32,1038,59.42,158.56,4,593472.4316967585
Toyota Innova,2009,970992,147316,CNG,Individual,Manual,Third Owner,34.58,2128,88.3,241.75,6,1077639.2341224018
Mahindra XUV500,2021,1394227,47326,Petrol,Trustmark Dealer,Automatic,Second Owner,31.33,1219,135.68,237.92,7,2083963.0213219724
Hyundai Creta,2012,209514,135994,Petrol,Dealer,Automatic,Second Owner,23.22,2705,84.42,134.86,7,257437.6288945784
Kia Seltos,2023,1378982,180799,Diesel,Individual,Manual,First Owner,33.98,1979,110.04,183.28,4,1674801.9403259584
Toyota Innova,2007,1114671,134404,Electric,Individual,Automatic,Third Owner,26.83,868,97.16,208.7,4,1412476.684235895
Hyundai Creta,2023,907041,24974,Petrol,Dealer,Automatic,First Owner,33.01,2090,184.16,92.34,4,1258567.4855940666
Hyundai i20,2022,966414,104760,LPG,Individual,Automatic,Fourth & Above Owner,23.25,1506,90.54,92.81,6,1221649.1169910978
Kia Seltos,2008,1110573,14302,Petrol,Trustmark Dealer,Automatic,Second Owner,29.68,2914,51.57,189.75,4,1298071.7668061084
Kia Seltos,2011,494556,192070,CNG,Trustmark Dealer,Manual,Second Owner,16.45,1774,60.64,216.19,5,684093.6565272665
Skoda Rapid,2010,60678,138603,Electric,Trustmark Dealer,Manual,First Owner,19.64,1073,140.15,296.65,7,78109.18060176834
Volkswagen Polo,2016,1058907,177256,LPG,Trustmark Dealer,Manual,Fourth & Above Owner,29.03,1834,115.19,190.0,6,1444281.804948966
Honda City,2020,1164288,103179,CNG,Dealer,Automatic,First Owner,10.93,2304,53.23,231.28,6,1451212.634244217
Mahindra XUV500,2011,925445,34477,CNG,Trustmark Dealer,Automatic,First Owner,29.13,963,60.28,124.46,5,1023794.0373998476
Volkswagen Polo,2017,153372,81518,Petrol,Dealer,Manual,Third Owner,28.89,1289,70.81,204.78,4,202524.4777798817
Renault Duster,2018,1020808,59316,Petrol,Individual,Automatic,Third Owner,13.95,1204,113.61,319.07,6,1139306.6696852508
Toyota Innova,2014,578016,195230,CNG,Trustmark Dealer,Manual,First Owner,10.23,2441,74.22,140.54,7,740849.8761601081
Ford Ecosport,2020,1133322,56287,LPG,Individual,Manual,First Owner,34.98,2460,140.19,127.35,5,1340468.3198245915
Maruti Swift,2011,831270,115105,Petrol,Individual,Manual,Second Owner,10.9,2759,151.52,144.5,4,1093790.0878393
Kia Seltos,2008,428447,176193,Diesel,Individual,Automatic,Second Owner,34.76,2269,52.46,276.04,5,559823.5328013297
Mahindra XUV500,2011,875047,153255,Electric,Dealer,Automatic,Fourth & Above Owner,20.22,2708,106.4,171.68,4,1054554.2438572058
Kia Seltos,2021,1324990,167521,Petrol,Dealer,Automatic,Fourth & Above Owner,15.72,1070,78.84,204.72,5,1665312.0716174273
Ford Ecosport,2011,207609,100489,Electric,Trustmark Dealer,Manual,Third Owner,17.35,2807,121.4,112.96,7,240693.6164513397
Renault Duster,2014,956095,32772,Diesel,Individual,Manual,Second Owner,28.19,1530,172.28,165.37,7,1323599.601057795
Toyota Innova,2009,143696,128769,Diesel,Trustmark Dealer,Manual,Fourth & Above Owner,19.14,2805,76.01,210.85,6,168945.83182654902
Mahindra XUV500,2020,480199,115480,Petrol,Dealer,Manual,Fourth & Above Owner,11.92,2740,163.04,103.03,5,680732.526179594
Volkswagen Polo,2013,50000,89783,LPG,Trustmark Dealer,Automatic,Second Owner,34.49,2130,183.44,292.21,4,65539.2271871558
Mahindra XUV500,2014,468741,42003,LPG,Individual,Manual,Second Owner,23.07,1037,175.86,315.96,7,572005.0440079867
Renault Duster,2020,1181859,78725,Electric,Individual,Manual,Third Owner,26.68,846,149.14,197.66,6,1398303.6686031718
Ford Ecosport,2005,50000,180449,Petrol,Dealer,Automatic,Third Owner,13.0,2607,162.37,214.47,6,73442.6776049694
Tata Nexon,2013,494057,31766,LPG,Dealer,Manual,First Owner,29.04,1745,92.27,303.67,4,684541.6009588408
Volkswagen Polo,2005,50000,47373,Diesel,Individual,Manual,Third Owner,15.81,2142,138.42,323.72,6,62577.06184190048
Hyundai i20,2011,1172471,30509,Diesel,Trustmark Dealer,Manual,Second Owner,10.71,1446,143.07,259.08,6,1340039.5264297093
Ford Ecosport,2009,50000,107569,Diesel,Dealer,Manual,Fourth & Above Owner,26.43,997,133.05,90.19,5,74817.88480138865
Maruti Baleno,2023,1141446,114309,Petrol,Trustmark Dealer,Manual,Fourth & Above Owner,27.37,1980,131.63,298.22,5,1518978.3746774103
Toyota Innova,2006,50000,85437,Electric,Trustmark Dealer,Manual,First Owner,12.13,2537,137.48,283.35,7,63678.24090527786
Tata Nexon,2013,743061,91084,Diesel,Trustmark Dealer,Manual,Second Owner,12.58,1959,100.97,192.27,5,1082915.899562968
Tata Nexon,2020,369823,130076,Electric,Individual,Automatic,Fourth & Above Owner,26.73,1468,196.53,126.54,7,505875.9553320173
Renault Duster,2010,259321,156490,CNG,Individual,Automatic,Second Owner,12.5,1177,145.25,144.65,6,293341.46915242705
Hyundai Creta,2019,980963,44650,Petrol,Dealer,Manual,Fourth & Above Owner,15.19,2777,163.74,150.35,4,1410340.4370525847
Toyota Innova,2009,834177,42199,Petrol,Individual,Automatic,Third Owner,33.23,1380,108.76,306.57,7,1174182.4440865235
Skoda Rapid,2011,670810,161976,Diesel,Individual,Automatic,Third Owner,22.71,1091,96.6,336.01,6,964974.8708885788
Kia Seltos,2005,194833,194383,LPG,Individual,Automatic,Fourth & Above Owner,31.11,1603,188.84,238.84,5,225091.25930456148
Kia Seltos,2007,596056,63889,Diesel,Trustmark Dealer,Manual,First Owner,28.08,1945,170.86,174.44,6,878682.4599738602
Maruti Swift,2006,449154,51252,LPG,Individual,Automatic,First Owner,28.32,1072,76.89,186.69,7,555964.1238438543
Mahindra XUV500,2020,108497,43716,Petrol,Individual,Automatic,Fourth & Above Owner,12.96,2641,100.22,234.96,6,147102.30107291602
Mahindra XUV500,2010,56047,28687,Electric,Trustmark Dealer,Automatic,Second Owner,22.63,992,168.63,179.5,5,79108.37207959661
Volkswagen Polo,2010,101868,30490,Electric,Trustmark Dealer,Manual,Fourth & Above Owner,12.64,2977,123.55,165.38,4,112316.18527213446
Kia Seltos,2021,114304,151149,Diesel,Dealer,Automatic,Fourth & Above Owner,14.18,883,124.22,270.57,4,157169.2350008681
Ford Ecosport,2012,1207223,110878,Electric,Trustmark Dealer,Automatic,Fourth & Above Owner,30.27,2235,124.48,102.15,6,1529799.920164185
Skoda Rapid,2008,659275,43304,Diesel,Individual,Manual,First Owner,25.36,2963,143.2,187.62,5,852403.3552418557
Hyundai i20,2005,50000,123448,Petrol,Individual,Automatic,Third Owner,18.95,1113,57.87,156.17,4,67627.23235355619
Tata Nexon,2007,50000,114368,LPG,Individual,Manual,Second Owner,10.8,2637,72.74,213.98,6,67505.44880533328
Ford Ecosport,2005,50000,26139,LPG,Dealer,Automatic,Third Owner,25.71,1673,113.97,247.4,5,72697.22151646829
Mahindra XUV500,2009,50000,51575,LPG,Dealer,Automatic,Third Owner,25.13,2699,124.57,113.79,5,66480.54906100848
Hyundai Creta,2011,148799,51811,Diesel,Trustmark Dealer,Manual,First Owner,24.95,2556,120.78,162.17,4,221767.72180129617
Toyota Innova,2020,880830,127463,Diesel,Trustmark Dealer,Automatic,Fourth & Above Owner,20.52,1632,160.6,323.67,7,1312129.2775164717
Volkswagen Polo,2017,1300947,163688,LPG,Dealer,Manual,Second Owner,13.22,2921,96.09,151.4,4,1771018.3453176378
Ford Ecosport,2020,640604,67139,LPG,Dealer,Manual,Fourth & Above Owner,32.87,829,166.28,285.64,4,936331.1241836548
Ford Ecosport,2007,966003,190764,Diesel,Trustmark Dealer,Automatic,Fourth & Above Owner,10.62,1436,189.13,219.29,6,1258856.141625031
Hyundai i20,2018,412099,104688,CNG,Trustmark Dealer,Manual,Fourth & Above Owner,19.38,2564,183.26,205.47,4,476089.140757906
Kia Seltos,2013,895937,109401,LPG,Individual,Automatic,First Owner,25.89,1064,115.93,289.28,4,1326321.4799291878
Ford Ecosport,2005,794712,155583,Electric,Trustmark Dealer,Manual,Third Owner,34.88,1154,68.92,268.11,7,876111.8153005015
Renault Duster,2012,354518,20133,Petrol,Trustmark Dealer,Manual,Third Owner,28.61,843,145.89,272.12,4,446740.8930982047
Hyundai Creta,2014,876675,88261,Diesel,Trustmark Dealer,Automatic,First Owner,20.86,2117,174.79,137.76,5,1298250.79200025
Tata Nexon,2015,219374,175528,Electric,Individual,Automatic,First Owner,18.78,1813,88.35,197.43,6,258649.4122869415
Hyundai i20,2012,383027,170724,Diesel,Trustmark Dealer,Manual,First Owner,25.37,2720,167.69,108.29,7,467418.7463465825
Renault Duster,2007,326487,91460,Electric,Trustmark Dealer,Automatic,First Owner,21.64,2401,146.82,290.7,5,421404.8449225892
Toyota Innova,2015,50000,162502,Petrol,Trustmark Dealer,Manual,First Owner,13.18,2441,64.37,226.69,5,57612.88702245355
Renault Duster,2016,773697,161567,Diesel,Trustmark Dealer,Automatic,Third Owner,28.7,2071,96.34,112.5,6,922361.8270088524
Hyundai i20,2018,836379,146514,LPG,Dealer,Manual,Fourth & Above Owner,24.82,2488,182.32,228.33,6,1057109.605445878
Hyundai Creta,2022,1324729,82987,Diesel,Trustmark Dealer,Manual,Third Owner,15.23,2965,183.45,282.69,6,1747738.191688395
Kia Seltos,2005,538935,176361,Diesel,Individual,Manual,Fourth & Above Owner,21.98,865,76.48,232.93,6,598042.2037883595
Maruti Swift,2020,1325884,131788,Petrol,Dealer,Automatic,First Owner,22.45,2497,129.12,101.35,4,1717410.386949114
Hyundai Creta,2021,1021229,62658,Petrol,Individual,Manual,Second Owner,27.05,1198,175.9,164.41,6,1163901.2146685852
Skoda Rapid,2021,259720,53540,LPG,Trustmark Dealer,Manual,Third Owner,31.37,2501,76.31,173.54,6,351430.252276445
Hyundai i20,2012,1229934,138157,Diesel,Individual,Manual,Fourth & Above Owner,17.1,1012,115.76,197.77,4,1764080.6850719424
Kia Seltos,2014,907190,123380,Electric,Individual,Automatic,Second Owner,34.08,1827,150.06,340.67,5,1218140.049746369
Volkswagen Polo,2005,170511,163129,Electric,Trustmark Dealer,Automatic,Second Owner,16.78,2753,108.7,133.13,5,197157.65709053905
Maruti Swift,2013,288350,122035,Electric,Dealer,Automatic,Fourth & Above Owner,19.16,1556,66.11,241.69,6,360852.1925401222
Hyundai i20,2007,50000,186743,Diesel,Dealer,Manual,Third Owner,16.82,1960,130.69,282.74,7,71790.97815842478
Maruti Swift,2009,575746,198307,CNG,Individual,Manual,Third Owner,21.43,1453,136.43,257.51,4,804906.7499621705
Maruti Baleno,2007,314644,100759,CNG,Trustmark Dealer,Manual,Second Owner,28.14,1471,158.33,308.56,7,439411.7191185342
Hyundai Creta,2007,542161,122308,Diesel,Dealer,Manual,Fourth & Above Owner,16.74,1465,170.67,257.05,5,606552.9237010559
Skoda Rapid,2008,1048677,10593,LPG,Individual,Automatic,Third Owner,27.77,1331,52.78,206.19,7,1400615.5742187856
Volkswagen Polo,2013,272026,60986,CNG,Trustmark Dealer,Manual,Third Owner,18.7,2212,140.29,173.14,7,362762.2234388343
Hyundai Creta,2007,756330,80987,Electric,Individual,Automatic,Second Owner,34.87,1408,198.7,346.34,7,912585.9712643815
Skoda Rapid,2016,388731,134337,Petrol,Individual,Automatic,Fourth & Above Owner,16.61,1061,139.36,299.23,4,508800.5565070756
Honda City,2016,1172431,74619,CNG,Dealer,Manual,Second Owner,18.95,1880,171.35,348.33,6,1382100.9392576453
Kia Seltos,2006,50000,62933,Petrol,Trustmark Dealer,Automatic,Third Owner,11.7,2734,81.33,99.66,6,61944.82228805066
Tata Nexon,2005,50000,77992,LPG,Trustmark Dealer,Manual,Second Owner,25.03,1510,68.63,165.98,6,56473.8267132891
Honda City,2020,542441,45878,Diesel,Trustmark Dealer,Automatic,Third Owner,21.65,907,96.34,236.9,5,680616.0265079081
Maruti Baleno,2010,863200,34281,Petrol,Individual,Automatic,Third Owner,27.54,2336,143.48,277.79,7,1239362.7556355505
Tata Nexon,2010,852499,158462,LPG,Individual,Manual,First Owner,32.97,859,83.9,216.81,7,1138795.1663847847
Hyundai i20,2005,474021,41305,Diesel,Individual,Manual,First Owner,24.15,1161,69.35,91.33,6,688908.5762940047
Maruti Swift,2009,336851,90835,Petrol,Trustmark Dealer,Automatic,Third Owner,23.73,2668,147.55,241.53,5,389727.47842628666
Tata Nexon,2020,261974,129956,Electric,Trustmark Dealer,Manual,Third Owner,22.44,2115,133.92,264.72,6,381108.3151676994
Toyota Innova,2023,261852,72204,Diesel,Trustmark Dealer,Automatic,First Owner,25.8,1143,150.28,263.2,5,304019.2054668509
Ford Ecosport,2023,620481,57000,CNG,Trustmark Dealer,Automatic,Third Owner,33.77,2389,88.32,221.83,7,742503.0346491102
Tata Nexon,2007,230433,16609,CNG,Individual,Manual,Fourth & Above Owner,34.91,1252,162.09,220.85,4,298956.6090261143
Maruti Baleno,2018,382445,23848,Electric,Individual,Manual,Third Owner,30.3,984,132.15,198.16,4,464608.5528588463
Renault Duster,2010,50000,52623,LPG,Individual,Manual,Second Owner,18.16,1613,142.12,242.06,6,63173.49994143182
Volkswagen Polo,2011,50000,46080,Petrol,Dealer,Manual,Fourth & Above Owner,17.88,2366,88.14,91.78,4,67460.9397000019
Hyundai Creta,2007,473648,71242,Electric,Dealer,Automatic,Third Owner,30.14,2575,99.83,152.53,7,708427.0587356023
Toyota Innova,2014,746431,33045,Diesel,Trustmark Dealer,Automatic,Third Owner,34.19,2607,198.74,157.43,6,1039909.0009096118
Hyundai Creta,2016,1022195,28040,CNG,Dealer,Manual,Fourth & Above Owner,25.98,1366,133.45,120.75,5,1327324.943813994
Hyundai i20,2016,432492,177547,Diesel,Dealer,Automatic,First Owner,24.19,1924,120.84,161.36,5,491419.2192933078
Volkswagen Polo,2018,378919,166185,LPG,Trustmark Dealer,Automatic,First Owner,11.8,814,94.78,95.28,5,456928.68858409615
Tata Nexon,2006,966556,117869,Electric,Dealer,Automatic,Fourth & Above Owner,13.86,1922,182.06,176.59,4,1395245.9591995713
Hyundai Creta,2006,632849,98023,Electric,Trustmark Dealer,Manual,Fourth & Above Owner,22.41,1050,152.36,203.29,6,915063.570193302
Ford Ecosport,2018,1361079,91857,Electric,Individual,Automatic,Third Owner,27.54,1228,138.55,338.78,7,1569735.621859659
Hyundai i20,2010,708529,146332,Petrol,Dealer,Manual,Second Owner,23.79,947,68.88,154.09,4,965440.8033960168
Hyundai i20,2012,1179597,64538,Diesel,Trustmark Dealer,Automatic,First Owner,27.13,2403,172.99,237.82,6,1494230.296642705
Skoda Rapid,2008,620677,47909,Electric,Dealer,Manual,Second Owner,29.09,2224,69.96,325.77,4,896470.0263769191
Maruti Baleno,2013,234734,189994,Diesel,Trustmark Dealer,Manual,Third Owner,18.31,1160,62.77,91.22,4,331791.81947096053
Tata Nexon,2006,955464,126212,Petrol,Dealer,Manual,Second Owner,27.59,1365,198.87,165.22,5,1391459.1384712695
Hyundai Creta,2006,813845,117529,Diesel,Dealer,Manual,Second Owner,29.34,1805,56.75,97.53,4,1214152.4378681674
Volkswagen Polo,2017,1124706,75516,Electric,Individual,Manual,First Owner,33.1,1112,84.63,169.85,7,1366038.2086540405
Toyota Innova,2007,700592,158578,CNG,Trustmark Dealer,Manual,Fourth & Above Owner,15.58,855,131.01,323.38,7,1019865.3955632752
Mahindra XUV500,2011,50000,35349,Diesel,Trustmark Dealer,Manual,Second Owner,17.27,2868,100.91,283.08,6,60566.88763573049
Toyota Innova,2007,91660,23937,CNG,Trustmark Dealer,Manual,Second Owner,13.14,904,194.95,220.09,4,130815.80502596956
Mahindra XUV500,2023,1406065,73893,Diesel,Trustmark Dealer,Manual,Second Owner,30.82,846,100.04,347.28,7,1565980.3197722295
Mahindra XUV500,2015,1146813,128011,CNG,Individual,Automatic,Third Owner,30.08,1609,189.65,307.07,7,1285656.586861381
Toyota Innova,2012,251800,23275,Electric,Dealer,Automatic,First Owner,33.98,1197,169.88,332.94,4,338196.110641013
Maruti Baleno,2009,577578,139437,Petrol,Trustmark Dealer,Automatic,Third Owner,31.0,2224,56.25,308.78,5,786490.8008448876
Skoda Rapid,2020,126895,157454,Petrol,Dealer,Manual,First Owner,25.67,2301,136.22,251.39,6,161829.8698868198
Kia Seltos,2011,1013654,186797,LPG,Trustmark Dealer,Automatic,Fourth & Above Owner,16.38,1853,168.1,289.35,6,1224670.3912784497
Ford Ecosport,2021,1127957,85274,LPG,Individual,Automatic,Second Owner,31.19,1727,195.22,283.22,4,1437039.0908190398
Renault Duster,2013,50000,172298,CNG,Individual,Automatic,Fourth & Above Owner,19.69,1680,134.69,183.33,7,55594.06602591239
Volkswagen Polo,2023,1118518,94521,Petrol,Dealer,Manual,Second Owner,30.21,1229,64.31,345.97,6,1493102.1278049678
Ford Ecosport,2022,304922,12109,CNG,Trustmark Dealer,Automatic,Fourth & Above Owner,21.81,2614,194.22,317.69,5,378647.3190175041
Honda City,2021,152524,76405,Diesel,Dealer,Manual,Second Owner,20.73,2494,147.26,275.38,6,170223.95017475172
Toyota Innova,2021,440052,188036,Petrol,Trustmark Dealer,Automatic,First Owner,22.05,1653,95.63,323.55,6,631844.8836515067
Hyundai i20,2022,159377,159851,Electric,Dealer,Manual,First Owner,23.19,1463,164.43,234.05,7,214584.64664195283
Honda City,2013,901436,157923,LPG,Individual,Manual,Fourth & Above Owner,22.81,1116,134.62,159.94,7,1275111.5450181158
Tata Nexon,2022,1058578,18936,LPG,Individual,Automatic,Second Owner,19.84,887,193.9,343.96,5,1372200.833380585
Maruti Baleno,2015,164212,161683,Petrol,Dealer,Manual,Fourth & Above Owner,33.46,1309,128.29,135.45,6,192704.99773634548
Hyundai Creta,2021,856734,79567,LPG,Individual,Automatic,Second Owner,24.21,1063,139.95,320.87,7,1146602.9478173982
Skoda Rapid,2021,1316424,123568,Electric,Individual,Automatic,First Owner,23.58,1990,51.46,198.32,6,1556976.8548057033
Toyota Innova,2016,316120,35767,Diesel,Dealer,Automatic,Second Owner,11.36,2190,97.74,210.23,7,466122.3645117361
Hyundai i20,2010,661128,71082,Electric,Dealer,Manual,Fourth & Above Owner,33.08,1049,145.94,181.12,7,963039.9961107732
Maruti Baleno,2007,461813,150957,Electric,Individual,Automatic,Fourth & Above Owner,30.95,1329,120.62,214.19,6,533992.1942169323
Toyota Innova,2017,70255,107015,Electric,Individual,Automatic,Third Owner,10.08,2173,137.77,117.67,5,97202.50566432934
Skoda Rapid,2013,1039699,59500,LPG,Trustmark Dealer,Manual,Third Owner,17.37,931,198.28,242.78,4,1306234.326418255
Toyota Innova,2020,92529,100097,LPG,Individual,Automatic,Second Owner,14.12,2114,152.41,216.28,6,120540.59537505289
Hyundai i20,2014,458809,78094,Diesel,Trustmark Dealer,Automatic,Fourth & Above Owner,29.81,2302,189.1,221.35,4,660764.8185943264
Kia Seltos,2009,1019448,89107,Diesel,Dealer,Automatic,First Owner,13.6,2585,184.88,132.15,4,1237413.8977530864
Honda City,2011,752102,112719,Petrol,Individual,Automatic,Third Owner,23.22,2697,75.7,138.59,7,1024447.4377935264
Mahindra XUV500,2012,433941,79003,CNG,Dealer,Manual,Third Owner,34.38,1319,75.18,149.92,5,533863.3731676416
Skoda Rapid,2018,582858,166980,LPG,Trustmark Dealer,Manual,First Owner,12.57,1750,75.68,147.06,6,652747.8979698108
Renault Duster,2006,737423,141403,Diesel,Individual,Manual,Second Owner,14.41,2754,132.05,136.98,4,1044204.491184236
Toyota Innova,2017,1048968,75364,Diesel,Trustmark Dealer,Manual,Second Owner,30.77,1903,146.47,106.63,5,1488938.749011106
Kia Seltos,2014,867642,177935,Diesel,Dealer,Manual,Second Owner,22.95,986,95.88,196.64,6,1076349.000307849
Mahindra XUV500,2019,1250251,40845,LPG,Individual,Manual,Second Owner,19.98,1207,53.21,233.0,4,1663171.974419955
Kia Seltos,2016,1286313,14079,CNG,Dealer,Automatic,First Owner,24.6,1483,53.3,208.05,5,1770738.9697769324
Renault Duster,2005,244418,55039,Electric,Individual,Manual,Fourth & Above Owner,14.8,1877,176.68,346.91,6,288457.0262886787
Renault Duster,2012,50000,175881,CNG,Trustmark Dealer,Automatic,Second Owner,12.84,2431,67.86,93.25,5,66119.06107207359
Mahindra XUV500,2022,155494,61298,CNG,Individual,Manual,First Owner,18.06,2365,76.38,200.88,4,175082.44084442832
Hyundai i20,2022,654773,12988,LPG,Trustmark Dealer,Automatic,Third Owner,10.17,1108,166.64,291.95,5,801246.4972947328
Maruti Swift,2016,928910,92557,Electric,Dealer,Automatic,Second Owner,12.65,2909,175.22,188.71,6,1201921.7864225318
Ford Ecosport,2016,889199,23539,Petrol,Individual,Automatic,First Owner,26.67,2789,74.28,208.68,7,1216537.0100398045
Maruti Baleno,2006,499094,89092,CNG,Individual,Manual,Fourth & Above Owner,30.91,1008,135.07,201.36,5,737750.1314924762
Volkswagen Polo,2008,458484,57395,LPG,Dealer,Manual,Second Owner,14.3,2402,169.54,274.94,7,531544.4359111853
Hyundai i20,2006,50000,34028,CNG,Individual,Automatic,Second Owner,14.39,2378,183.99,192.57,7,60862.87820002991
Tata Nexon,2016,912325,63097,Diesel,Trustmark Dealer,Automatic,Fourth & Above Owner,23.09,2426,119.14,276.54,4,1148158.047645603
Kia Seltos,2008,387614,89046,Electric,Trustmark Dealer,Automatic,Fourth & Above Owner,30.84,2555,162.55,216.27,5,570584.1600786498
Kia Seltos,2022,1424481,184116,Diesel,Dealer,Manual,Second Owner,33.94,1516,113.74,263.96,5,1609640.435512022
Hyundai i20,2006,132422,67963,Petrol,Individual,Manual,First Owner,16.12,1557,59.79,154.01,4,175981.99238517883
Renault Duster,2018,892105,58575,LPG,Individual,Automatic,Second Owner,16.44,1092,179.31,330.71,5,1268984.85985395
Skoda Rapid,2011,1098718,36430,Petrol,Trustmark Dealer,Manual,Second Owner,15.57,2356,183.22,234.27,4,1362806.6849439729
Renault Duster,2012,118693,88677,CNG,Dealer,Manual,Third Owner,34.98,1449,53.59,249.25,4,163552.0511950979
Mahindra XUV500,2012,610061,142112,LPG,Individual,Automatic,Second Owner,26.48,1721,124.86,145.14,6,914194.4654490144
Ford Ecosport,2010,582689,117677,CNG,Dealer,Manual,Fourth & Above Owner,24.81,2472,151.28,116.54,5,730145.4250602016
Ford Ecosport,2014,541254,116240,Electric,Individual,Automatic,First Owner,21.27,2222,135.77,113.16,5,597535.2843835491
Maruti Baleno,2014,475421,33741,Petrol,Individual,Manual,Second Owner,34.03,2398,128.57,180.44,7,656464.1460076284
Renault Duster,2018,1135315,14665,Petrol,Trustmark Dealer,Automatic,Fourth & Above Owner,27.86,2373,162.66,219.1,7,1371997.9945973267
Tata Nexon,2016,970443,161691,LPG,Individual,Automatic,Second Owner,33.62,2212,73.52,103.05,6,1102565.6394887536
Ford Ecosport,2006,408695,67530,LPG,Individual,Manual,Fourth & Above Owner,32.76,985,197.61,154.56,5,601724.8877316267
Volkswagen Polo,2023,498133,23381,Electric,Dealer,Automatic,First Owner,27.84,2955,65.01,132.92,4,747043.5072332277
Maruti Swift,2006,1056113,52734,LPG,Trustmark Dealer,Automatic,First Owner,30.91,2073,105.18,160.14,4,1537898.1291995682
Mahindra XUV500,2009,279787,158907,Petrol,Trustmark Dealer,Manual,First Owner,30.03,906,104.6,263.25,5,342073.03836558503
Volkswagen Polo,2011,50000,142291,Diesel,Dealer,Automatic,First Owner,27.91,1794,171.3,150.51,4,57534.76900153836
Hyundai i20,2010,299419,27992,Diesel,Dealer,Automatic,Third Owner,30.75,1407,143.79,270.16,4,339500.1395184742
Mahindra XUV500,2010,962543,90735,Petrol,Individual,Manual,Second Owner,29.57,2730,67.37,225.43,4,1211945.0666891031
Ford Ecosport,2013,495949,179859,Petrol,Trustmark Dealer,Automatic,First Owner,11.3,1490,167.73,203.85,4,647654.2974975785
Maruti Swift,2014,50000,118717,Electric,Dealer,Automatic,First Owner,11.33,2515,73.86,317.31,4,55476.33093457481
Toyota Innova,2022,948668,154859,Petrol,Dealer,Automatic,Second Owner,15.29,1639,53.66,218.11,5,1413092.5725466271
Hyundai Creta,2009,309200,33038,Petrol,Dealer,Manual,Third Owner,26.93,1229,71.61,175.9,4,369523.50648822257
Skoda Rapid,2020,745491,187747,Petrol,Trustmark Dealer,Manual,First Owner,17.44,881,159.88,265.5,6,1103016.7717084596
Hyundai Creta,2010,880054,125506,CNG,Individual,Manual,Third Owner,27.46,2677,143.44,302.61,6,992537.8105751124
Hyundai i20,2020,1356989,191313,LPG,Individual,Automatic,Third Owner,29.83,1200,182.04,170.95,4,1717127.8809999395
Hyundai Creta,2013,1051816,127032,Petrol,Individual,Automatic,Second Owner,30.89,818,78.25,132.34,6,1386865.1389676423
Toyota Innova,2015,398653,148331,Diesel,Dealer,Manual,Third Owner,22.09,2708,72.89,221.18,4,560860.7510783416
Tata Nexon,2008,297530,31382,Diesel,Trustmark Dealer,Automatic,First Owner,22.56,1887,177.45,182.97,4,341664.39694760897
Kia Seltos,2010,50000,123262,Electric,Individual,Automatic,Fourth & Above Owner,34.29,1848,65.86,190.2,6,65255.04394155565
Mahindra XUV500,2022,124968,60221,Diesel,Dealer,Automatic,Fourth & Above Owner,12.68,2785,75.65,311.66,5,179578.3469308861
Toyota Innova,2008,289914,49947,Diesel,Trustmark Dealer,Automatic,First Owner,34.14,1991,71.38,222.94,7,399350.42419871583
Maruti Swift,2018,1235377,134282,Electric,Individual,Automatic,Second Owner,34.56,845,113.92,225.93,4,1596271.7512248966
Volkswagen Polo,2022,1136565,194807,Petrol,Trustmark Dealer,Automatic,First Owner,20.03,1501,180.44,281.85,5,1666094.3240430506
Tata Nexon,2021,861710,124323,Electric,Trustmark Dealer,Automatic,First Owner,13.82,1976,83.29,275.52,5,1169733.767884778
Kia Seltos,2016,1025443,44650,Electric,Dealer,Automatic,Third Owner,34.6,1688,184.81,266.71,7,1348860.183920513
Maruti Swift,2008,1010612,151962,Petrol,Trustmark Dealer,Manual,First Owner,30.05,1636,152.49,144.67,5,1229559.8003752157
Kia Seltos,2023,1198736,46555,LPG,Trustmark Dealer,Manual,Fourth & Above Owner,30.18,2147,138.6,159.4,5,1655568.066051096
Toyota Innova,2005,475889,104763,LPG,Dealer,Automatic,Second Owner,29.38,1358,165.0,272.79,7,624513.8647767348
Hyundai Creta,2007,885808,87798,LPG,Trustmark Dealer,Manual,Second Owner,33.65,1063,95.66,342.22,5,1146410.8840776891
Hyundai i20,2010,996237,5960,Electric,Dealer,Automatic,First Owner,18.43,2630,98.94,329.74,6,1320073.1246256374
Honda City,2013,849220,188727,Electric,Trustmark Dealer,Manual,First Owner,34.94,2521,83.15,217.57,6,1187542.2876871796
Hyundai i20,2009,50000,101304,Petrol,Dealer,Manual,Fourth & Above Owner,28.87,1521,116.65,210.5,5,71056.88420643102
Hyundai Creta,2023,1473733,136889,Electric,Trustmark Dealer,Manual,Third Owner,31.14,2304,168.81,196.3,6,2047671.199076252
Hyundai Creta,2020,777159,57077,Petrol,Trustmark Dealer,Automatic,Second Owner,20.31,1845,121.54,292.3,4,1048679.9621414875
Mahindra XUV500,2020,141197,112676,Electric,Individual,Manual,Third Owner,12.67,1167,67.22,186.18,5,172370.28226327436
Kia Seltos,2007,735092,103860,Electric,Individual,Manual,First Owner,19.25,2903,153.57,160.46,6,910131.1155884984
Maruti Baleno,2011,833604,126870,LPG,Trustmark Dealer,Manual,Third Owner,26.29,2955,180.37,161.26,6,1118473.103534604
Kia Seltos,2013,993090,28630,CNG,Trustmark Dealer,Manual,Second Owner,16.26,2585,100.3,230.2,5,1347280.9485135346
Hyundai i20,2007,562972,153505,LPG,Trustmark Dealer,Manual,Fourth & Above Owner,30.23,1458,102.84,312.99,7,676647.5341196853
Volkswagen Polo,2019,833147,39725,LPG,Individual,Automatic,Fourth & Above Owner,33.51,2097,55.63,247.57,5,1228299.9243329936
Maruti Swift,2011,900569,154955,Diesel,Trustmark Dealer,Manual,Third Owner,18.82,935,84.2,303.14,4,1142934.6609246433
Skoda Rapid,2012,50000,50339,Electric,Trustmark Dealer,Manual,Second Owner,11.04,2568,66.2,167.06,7,73259.09311190854
Renault Duster,2006,50000,121596,CNG,Individual,Manual,First Owner,26.51,1069,148.7,96.74,7,70100.43585164325
Mahindra XUV500,2021,1406401,70064,Diesel,Individual,Manual,First Owner,20.55,1496,115.38,295.13,4,2094920.9400618696
Maruti Baleno,2020,598724,20406,Electric,Dealer,Automatic,Third Owner,17.84,2794,80.01,145.05,4,895860.9854088429
Mahindra XUV500,2013,50000,57372,Electric,Dealer,Automatic,Fourth & Above Owner,10.17,1961,191.48,324.74,7,71248.01503956529
Ford Ecosport,2011,360302,189968,Petrol,Trustmark Dealer,Automatic,Fourth & Above Owner,32.3,1043,190.7,147.59,4,423667.5234636348
Mahindra XUV500,2022,237015,8714,Electric,Dealer,Manual,Fourth & Above Owner,17.38,1955,143.25,173.21,4,305592.13927446137
Honda City,2015,146430,96421,Petrol,Trustmark Dealer,Automatic,Fourth & Above Owner,16.8,1556,172.43,217.28,6,213554.51653081155
Mahindra XUV500,2008,843601,65133,Electric,Individual,Manual,Fourth & Above Owner,10.47,1521,87.53,238.27,7,1154661.1145540092
Volkswagen Polo,2023,262492,116082,Electric,Dealer,Automatic,Second Owner,29.67,1474,199.27,115.25,5,297345.96418499266
Volkswagen Polo,2021,1115533,80105,Electric,Individual,Automatic,Fourth & Above Owner,18.27,1454,156.14,199.2,4,1649424.883354728
Hyundai Creta,2019,283622,89561,Diesel,Dealer,Manual,First Owner,33.61,2715,135.91,277.76,6,417597.8860311631
Ford Ecosport,2008,50000,152806,Electric,Individual,Manual,Second Owner,27.75,1463,177.92,277.93,4,56978.66066930007
Volkswagen Polo,2019,729229,81792,LPG,Trustmark Dealer,Automatic,First Owner,30.39,2341,141.46,296.65,6,862533.9599704654
Hyundai i20,2014,1043922,39278,Diesel,Dealer,Automatic,Fourth & Above Owner,12.65,1017,67.09,111.17,4,1173494.5788022066
Renault Duster,2015,50000,150870,Electric,Individual,Automatic,First Owner,33.04,1230,107.22,317.82,5,74911.16871703624
Tata Nexon,2005,593844,189847,Petrol,Dealer,Manual,Third Owner,21.52,2084,86.55,294.6,5,843859.625646071
Maruti Baleno,2020,919439,154258,CNG,Trustmark Dealer,Manual,Third Owner,28.48,2526,159.98,222.68,7,1126838.743337748
Toyota Innova,2018,108480,9356,Electric,Individual,Manual,Fourth & Above Owner,31.71,938,72.77,117.16,6,133424.866243044
Tata Nexon,2005,641258,110651,LPG,Trustmark Dealer,Automatic,Third Owner,31.14,2209,154.44,105.15,5,842767.7816809411
Volkswagen Polo,2016,728849,180634,LPG,Dealer,Automatic,Third Owner,25.55,1927,116.16,322.74,6,1080467.99952237
Tata Nexon,2022,757341,45096,Electric,Individual,Manual,Third Owner,20.2,1066,159.49,324.88,5,1132642.6956089556
Mahindra XUV500,2005,321083,93376,Petrol,Individual,Manual,Fourth & Above Owner,30.0,2913,166.54,172.16,4,361186.02556763706
Honda City,2008,50000,86693,Diesel,Trustmark Dealer,Automatic,Fourth & Above Owner,27.32,2910,93.43,271.32,5,61495.30539269216
Maruti Baleno,2019,436502,108072,Diesel,Dealer,Automatic,Third Owner,22.1,2061,160.79,147.04,6,546065.2043306031
Ford Ecosport,2022,920367,20207,Electric,Dealer,Automatic,Second Owner,26.51,2579,72.32,323.89,6,1157084.4818804823
Maruti Swift,2015,216131,155148,Electric,Trustmark Dealer,Manual,Third Owner,21.06,2974,81.5,92.01,4,246734.4415126137
Maruti Swift,2013,1159476,176485,Diesel,Dealer,Automatic,Third Owner,28.95,884,81.94,222.53,6,1291462.7026449891
Maruti Baleno,2005,750069,73866,Diesel,Dealer,Automatic,Third Owner,31.65,2632,52.39,228.74,6,899744.9474521901
Honda City,2011,1099868,45311,LPG,Trustmark Dealer,Manual,Third Owner,12.08,2028,85.81,287.02,5,1273081.0142382935
Maruti Swift,2007,50000,169505,CNG,Individual,Automatic,Second Owner,17.06,1165,59.04,270.1,7,57896.33376689566
Hyundai i20,2016,519263,75222,Petrol,Individual,Manual,Second Owner,23.84,2570,107.82,160.22,6,718327.5803370527
Skoda Rapid,2014,50000,51775,Diesel,Individual,Automatic,First Owner,29.27,2475,108.79,205.7,4,65594.06505617566
Tata Nexon,2006,834799,137643,LPG,Dealer,Manual,Second Owner,33.25,2755,98.8,197.67,6,1066662.1841655746
Ford Ecosport,2008,788029,132474,LPG,Trustmark Dealer,Automatic,Fourth & Above Owner,21.8,2458,67.44,211.91,7,943629.3445573458
Tata Nexon,2009,225328,44432,Electric,Dealer,Automatic,Third Owner,17.28,1848,72.63,214.92,5,268707.71493911505
Kia Seltos,2020,166016,18877,CNG,Individual,Automatic,Third Owner,26.77,1823,135.42,234.75,4,194832.2108703518
Ford Ecosport,2010,111840,168352,LPG,Individual,Manual,First Owner,23.75,2573,199.77,120.99,4,141719.88564507212
Renault Duster,2015,120056,199617,Petrol,Trustmark Dealer,Automatic,Second Owner,29.26,1391,64.51,259.12,4,162426.72823311217
Ford Ecosport,2016,879359,48752,LPG,Trustmark Dealer,Automatic,Fourth & Above Owner,25.94,2659,166.57,318.63,7,1161036.5075879833
Maruti Baleno,2008,359467,43434,CNG,Dealer,Manual,Third Owner,12.27,2497,155.53,275.71,7,409938.08847889415
Skoda Rapid,2015,83411,163994,Electric,Dealer,Automatic,Third Owner,18.94,2617,106.12,202.06,5,115882.82278462723
Hyundai Creta,2016,1181541,148646,Diesel,Dealer,Automatic,Second Owner,22.89,1693,73.76,323.2,6,1348798.4641097349
Volkswagen Polo,2012,562193,21088,LPG,Trustmark Dealer,Automatic,Second Owner,29.52,2486,72.54,335.14,6,647652.373290309
Renault Duster,2014,966354,29917,Electric,Dealer,Manual,Second Owner,30.07,875,182.84,283.87,5,1389007.4628042525
Kia Seltos,2005,195851,198311,Diesel,Dealer,Manual,First Owner,18.28,2641,66.19,184.89,5,249995.07637566928
Skoda Rapid,2009,955741,174933,LPG,Individual,Manual,Second Owner,11.07,2831,76.13,155.84,6,1229987.9483646022
Hyundai Creta,2011,137696,182557,Diesel,Trustmark Dealer,Manual,First Owner,22.42,931,169.41,313.9,4,180091.8177058404
Honda City,2009,158591,28000,Petrol,Trustmark Dealer,Manual,First Owner,32.79,2743,105.47,224.11,5,193431.8905863489
Hyundai Creta,2009,190561,94361,LPG,Trustmark Dealer,Automatic,Third Owner,25.52,2834,177.27,150.41,4,251914.7362852843
Skoda Rapid,2013,747021,167391,Petrol,Dealer,Automatic,Fourth & Above Owner,23.54,2628,141.91,254.32,7,862810.7563508329
Ford Ecosport,2009,126667,126704,Petrol,Individual,Manual,Second Owner,21.38,2369,174.68,113.77,6,185581.6610123019
Toyota Innova,2022,441586,40023,Electric,Dealer,Automatic,First Owner,12.14,2260,183.25,207.89,4,627348.3230191559
Ford Ecosport,2016,596063,131592,CNG,Trustmark Dealer,Automatic,Third Owner,21.89,1463,77.31,228.21,5,780279.6911662349
Maruti Baleno,2015,405037,104127,LPG,Trustmark Dealer,Manual,Second Owner,22.9,1741,102.78,299.54,7,472016.71429015946
Hyundai Creta,2018,397573,24169,LPG,Dealer,Automatic,Fourth & Above Owner,18.0,1347,180.96,234.14,5,555578.7520243832
Renault Duster,2016,878836,86371,Diesel,Trustmark Dealer,Manual,Third Owner,16.94,1820,61.1,135.75,5,1289920.0464988211
Kia Seltos,2006,680050,108653,CNG,Dealer,Automatic,Fourth & Above Owner,14.52,1735,87.67,216.36,7,790915.3639828567
Maruti Baleno,2017,1292327,79157,Electric,Dealer,Automatic,First Owner,21.88,1082,140.64,287.39,6,1755437.1126898634
Mahindra XUV500,2005,50000,32193,CNG,Dealer,Automatic,Third Owner,17.22,1926,127.22,209.0,5,62711.67275914399
Hyundai i20,2020,713595,198345,Petrol,Dealer,Automatic,Second Owner,22.85,1115,152.18,297.79,5,920733.8775926864
Tata Nexon,2010,452896,152674,Diesel,Dealer,Automatic,Third Owner,34.31,1262,195.18,249.97,7,532283.7194636595
Volkswagen Polo,2016,971754,155487,LPG,Trustmark Dealer,Manual,Third Owner,24.09,2468,183.36,90.65,4,1352904.979699259
Volkswagen Polo,2018,116274,143369,LPG,Individual,Manual,Second Owner,13.38,1734,54.33,92.03,5,135181.20348628497
Renault Duster,2022,945743,37453,Electric,Trustmark Dealer,Automatic,First Owner,14.35,838,196.69,276.54,6,1376954.6814041438
Hyundai i20,2012,332565,95549,Electric,Trustmark Dealer,Automatic,Third Owner,21.52,1855,62.38,279.2,4,460454.0766815632
Mahindra XUV500,2015,1147503,65149,LPG,Individual,Automatic,First Owner,34.54,2286,148.7,103.46,5,1621992.8250600656
Kia Seltos,2017,636579,26986,CNG,Individual,Automatic,Third Owner,31.18,1773,148.88,307.63,5,744513.6501389405
Toyota Innova,2014,206120,65766,Diesel,Dealer,Manual,Fourth & Above Owner,13.89,1096,93.21,228.56,4,236460.93158948043
Hyundai i20,2018,270472,135169,Diesel,Dealer,Manual,Third Owner,20.51,2049,139.54,283.81,6,341906.7632124382
Hyundai i20,2009,866840,39021,Diesel,Dealer,Manual,Fourth & Above Owner,32.59,2258,168.18,137.13,4,1029343.168009792
Renault Duster,2015,905466,198400,Electric,Trustmark Dealer,Manual,Third Owner,27.1,2497,114.01,149.68,7,1287863.3393352288
Mahindra XUV500,2016,50000,125157,CNG,Dealer,Manual,Second Owner,20.58,1529,111.91,311.49,6,68652.76210721141
Toyota Innova,2008,697627,124963,Petrol,Individual,Automatic,Second Owner,10.95,1156,135.89,166.54,5,1021543.4755585064
Honda City,2022,915598,134259,Petrol,Dealer,Automatic,First Owner,32.35,1187,84.98,194.79,5,1283714.0559497352
Mahindra XUV500,2009,864296,148471,CNG,Trustmark Dealer,Automatic,Second Owner,27.52,1096,101.8,302.69,7,1166385.9745838204
Toyota Innova,2011,630792,47709,Petrol,Trustmark Dealer,Manual,Third Owner,23.95,2328,87.33,304.2,7,815167.5288609653
Hyundai Creta,2019,576345,78086,LPG,Individual,Manual,Fourth & Above Owner,31.99,2708,74.67,258.28,5,790705.5477229389
Toyota Innova,2021,569393,5058,LPG,Trustmark Dealer,Manual,Third Owner,24.28,1844,89.77,180.17,7,799599.0931667287
Toyota Innova,2006,50000,141334,Electric,Dealer,Automatic,Third Owner,14.48,1604,93.57,158.2,4,56812.7318309505
Maruti Swift,2022,1431692,23611,CNG,Individual,Automatic,Third Owner,25.15,2116,161.47,200.12,4,1626006.1342574789
Maruti Swift,2020,347643,75783,LPG,Trustmark Dealer,Manual,Third Owner,30.3,947,90.09,158.25,7,456951.1455784695
Honda City,2021,1360298,100746,Electric,Dealer,Manual,First Owner,16.33,2272,82.98,222.02,7,1701910.2997949526
Tata Nexon,2019,875368,166611,Electric,Individual,Manual,Third Owner,18.73,811,169.18,245.07,6,1127691.3107194377
Skoda Rapid,2015,413730,10980,Petrol,Individual,Manual,Fourth & Above Owner,14.18,2108,149.7,149.69,4,503297.4128164651
Mahindra XUV500,2010,970358,50827,CNG,Trustmark Dealer,Automatic,Fourth & Above Owner,11.16,2063,178.32,327.55,6,1101237.6620015805
Skoda Rapid,2022,852553,63294,Petrol,Dealer,Automatic,Second Owner,14.95,1879,158.83,337.63,5,1223420.216019596
Hyundai i20,2016,665127,186812,CNG,Trustmark Dealer,Automatic,Fourth & Above Owner,34.18,1062,132.74,207.46,7,868418.3374881815
Skoda Rapid,2017,978966,143528,Petrol,Trustmark Dealer,Manual,Third Owner,27.28,1420,170.53,252.83,7,1441106.88032533
Maruti Baleno,2021,212063,98084,Electric,Dealer,Manual,Fourth & Above Owner,11.43,1597,147.34,130.47,7,261833.0547281151
Tata Nexon,2023,1070152,137484,Electric,Individual,Automatic,Third Owner,24.66,2326,199.07,347.35,7,1331245.755324532
Maruti Baleno,2011,691497,28892,LPG,Individual,Manual,Fourth & Above Owner,12.47,1870,142.96,218.94,7,1034127.6288637134
Kia Seltos,2018,798749,121584,Petrol,Dealer,Automatic,Second Owner,28.87,1484,129.85,123.64,4,1136426.0335991294
Maruti Baleno,2005,1118033,18891,Electric,Trustmark Dealer,Automatic,Second Owner,12.18,1889,176.6,296.51,5,1537432.5427642886
Tata Nexon,2013,427264,136900,Diesel,Trustmark Dealer,Manual,Third Owner,21.52,1133,113.03,129.46,6,476959.56604816014
Maruti Baleno,2010,779582,100921,CNG,Trustmark Dealer,Automatic,Third Owner,10.82,2922,84.32,145.79,4,974573.2680192472
Ford Ecosport,2016,502949,142066,Diesel,Dealer,Manual,Fourth & Above Owner,31.62,2136,169.13,312.98,5,630176.6428260141
Volkswagen Polo,2023,958195,60940,Petrol,Trustmark Dealer,Automatic,Second Owner,18.67,2526,126.6,179.67,5,1368876.2982480442
Ford Ecosport,2021,539094,162189,LPG,Dealer,Manual,Fourth & Above Owner,30.53,2636,85.27,238.47,4,598990.344368544
Volkswagen Polo,2010,1076043,160648,Petrol,Individual,Manual,First Owner,16.23,2631,95.06,219.66,5,1296681.4797812556
Renault Duster,2019,578684,43296,LPG,Individual,Manual,Third Owner,33.36,2238,129.55,237.91,6,692348.0045778581
Hyundai i20,2015,104941,112736,CNG,Individual,Manual,Third Owner,28.59,2283,108.58,200.45,4,126982.2164376222
Toyota Innova,2005,50000,157223,CNG,Individual,Manual,First Owner,15.6,1713,109.9,278.51,6,60296.18354442461
Skoda Rapid,2015,269466,87403,CNG,Individual,Automatic,Fourth & Above Owner,28.45,893,152.83,184.14,5,348585.1841495407
Kia Seltos,2008,50000,81473,Petrol,Trustmark Dealer,Manual,Third Owner,21.76,1065,100.55,348.2,7,69921.25762961709
Maruti Baleno,2011,421549,87942,LPG,Dealer,Automatic,First Owner,11.3,2456,140.18,97.98,5,513784.4792335591
Maruti Swift,2020,1316499,69915,Petrol,Dealer,Manual,Second Owner,33.81,2098,72.39,295.96,7,1954659.909526227
Honda City,2011,781793,23549,Petrol,Dealer,Automatic,Third Owner,33.64,2904,135.4,326.9,4,898140.145821657
Renault Duster,2009,50000,80854,Diesel,Dealer,Manual,Fourth & Above Owner,19.65,2242,126.02,275.59,7,61942.88423789774
Tata Nexon,2007,102484,143996,Electric,Trustmark Dealer,Automatic,Third Owner,17.99,977,143.02,217.62,4,149329.04037256804
Toyota Innova,2023,659356,136702,Electric,Individual,Automatic,Second Owner,16.32,2801,193.05,339.62,4,931575.8736669444
Hyundai Creta,2023,1274452,137200,Electric,Trustmark Dealer,Manual,First Owner,23.52,2946,59.51,292.22,6,1467634.452999257
Volkswagen Polo,2013,559193,55674,Electric,Trustmark Dealer,Manual,Second Owner,30.07,2888,144.33,214.92,6,657455.9891260428
Ford Ecosport,2013,196871,86269,Petrol,Dealer,Automatic,Third Owner,21.13,2370,80.58,156.64,6,250918.5032222156
Mahindra XUV500,2013,536729,64051,LPG,Trustmark Dealer,Automatic,Second Owner,19.66,1146,156.74,318.39,4,732997.6816695197
Hyundai i20,2015,1089182,135309,LPG,Trustmark Dealer,Automatic,Fourth & Above Owner,24.3,2761,164.17,325.81,4,1429788.8685286636
Skoda Rapid,2022,245078,54158,Petrol,Trustmark Dealer,Manual,First Owner,24.8,1201,53.39,298.14,7,339499.06459044875
Maruti Baleno,2014,1260072,83077,Electric,Trustmark Dealer,Automatic,Second Owner,11.42,1577,66.77,305.25,7,1616718.7422806935
Tata Nexon,2017,50000,91131,Petrol,Dealer,Manual,Fourth & Above Owner,31.33,1400,52.78,286.8,7,60694.38523168881
Volkswagen Polo,2006,357358,66682,Electric,Dealer,Automatic,First Owner,26.31,1744,131.56,188.03,4,472651.97162348765
Toyota Innova,2006,824832,71173,LPG,Trustmark Dealer,Automatic,Fourth & Above Owner,32.8,2520,183.15,141.45,4,1209863.5878145974
Volkswagen Polo,2020,1225986,118125,Diesel,Individual,Manual,First Owner,17.96,1024,58.0,227.45,4,1588322.3028419127
Tata Nexon,2012,1013062,141297,Electric,Dealer,Manual,Fourth & Above Owner,26.34,2658,132.98,148.75,6,1308004.582998318
Tata Nexon,2005,1024179,109359,Petrol,Dealer,Manual,Second Owner,15.56,916,186.96,160.93,6,1234371.4936557745
Mahindra XUV500,2013,664674,35203,Petrol,Trustmark Dealer,Manual,Second Owner,31.58,832,110.41,157.43,4,856140.3988579635
Volkswagen Polo,2021,1342160,197337,Petrol,Dealer,Manual,Fourth & Above Owner,13.97,2827,120.43,208.88,6,1745666.7438237416
Volkswagen Polo,2011,930621,184116,CNG,Dealer,Automatic,Second Owner,13.89,2220,150.77,154.08,4,1086947.6060139132
Ford Ecosport,2008,871243,95392,Electric,Dealer,Automatic,Fourth & Above Owner,24.33,882,127.26,308.64,6,1178250.4212704997
Hyundai Creta,2011,50000,6046,Electric,Dealer,Manual,Third Owner,27.76,1792,59.27,209.93,5,55181.71757821494
Ford Ecosport,2013,270713,63062,Petrol,Trustmark Dealer,Automatic,Second Owner,24.9,1861,103.48,327.18,5,371837.6879273496
Maruti Swift,2016,664256,185735,Diesel,Trustmark Dealer,Manual,Fourth & Above Owner,17.49,1982,190.58,212.01,4,886927.4182393522
Volkswagen Polo,2014,204018,74668,Electric,Trustmark Dealer,Automatic,First Owner,11.22,1628,104.02,229.24,6,231224.099370351
Mahindra XUV500,2019,1116830,166464,Petrol,Trustmark Dealer,Automatic,First Owner,32.13,2079,154.23,296.63,7,1306842.9941340152
Kia Seltos,2019,91013,138776,Diesel,Trustmark Dealer,Automatic,Third Owner,13.02,1558,165.99,189.72,4,104055.61710443368
Honda City,2016,563238,132626,LPG,Dealer,Automatic,Fourth & Above Owner,25.07,1735,124.19,118.26,4,665679.7326196796
Maruti Swift,2022,429379,20645,CNG,Individual,Manual,Third Owner,15.97,2166,161.86,144.92,5,494770.7074773443
Maruti Baleno,2006,391689,182761,Petrol,Trustmark Dealer,Automatic,Fourth & Above Owner,31.57,1282,96.21,281.42,5,565817.8856596455
Tata Nexon,2020,1085325,50796,Diesel,Trustmark Dealer,Manual,First Owner,16.51,2015,102.09,322.64,6,1527696.160594796
Renault Duster,2006,719681,128950,LPG,Trustmark Dealer,Manual,Second Owner,16.64,1169,97.13,301.02,5,1037141.4941705784
Maruti Swift,2014,156660,50331,LPG,Trustmark Dealer,Automatic,Fourth & Above Owner,19.72,2627,167.24,152.64,4,196766.9767012571
Ford Ecosport,2018,1146731,181270,CNG,Dealer,Manual,Second Owner,16.53,1539,134.22,210.11,7,1616751.5590476424
Toyota Innova,2016,435900,124349,LPG,Individual,Automatic,Fourth & Above Owner,31.22,1039,91.02,337.17,6,516492.3304221959
Hyundai Creta,2017,347428,146006,Petrol,Dealer,Manual,First Owner,28.58,2311,196.14,103.51,5,490958.3127095375
Toyota Innova,2019,1280168,26596,Petrol,Trustmark Dealer,Manual,Second Owner,31.08,1141,168.96,266.11,6,1643829.860906615
Renault Duster,2023,1473130,30095,LPG,Trustmark Dealer,Manual,Fourth & Above Owner,31.97,1056,88.59,170.39,5,1642474.2356797354
Maruti Baleno,2015,863505,130719,Diesel,Trustmark Dealer,Automatic,Third Owner,21.14,1101,198.38,184.14,7,1219275.2998127928
Maruti Swift,2012,578232,23344,Diesel,Dealer,Automatic,Fourth & Above Owner,23.15,1248,102.07,320.43,6,839340.9367845004
Ford Ecosport,2015,216663,119844,Diesel,Individual,Manual,Second Owner,25.26,2388,155.28,227.39,7,322289.37732101104
Volkswagen Polo,2019,1208194,30033,Diesel,Trustmark Dealer,Manual,Fourth & Above Owner,28.05,2969,122.57,178.84,7,1649955.071502635
Tata Nexon,2015,498955,68068,LPG,Dealer,Automatic,First Owner,15.93,2035,59.6,169.27,4,710827.4560131197
Honda City,2006,937293,198026,Petrol,Dealer,Automatic,First Owner,11.96,1509,88.0,343.92,6,1304631.551588917
Kia Seltos,2017,1279427,16933,CNG,Dealer,Manual,Third Owner,22.36,2954,155.06,169.09,6,1693895.6286311324
Kia Seltos,2005,434834,136612,Electric,Individual,Automatic,Fourth & Above Owner,18.06,929,70.8,348.39,4,561985.7048597998
Mahindra XUV500,2020,489361,158752,Diesel,Individual,Manual,Fourth & Above Owner,14.91,939,99.54,193.29,4,675212.9833945065
Ford Ecosport,2010,1041577,164398,CNG,Dealer,Manual,Fourth & Above Owner,12.52,2913,174.83,218.94,4,1384878.5738625403
Tata Nexon,2020,1059738,69360,Electric,Trustmark Dealer,Automatic,Fourth & Above Owner,18.36,1377,52.05,269.26,7,1190165.5424023285
Hyundai i20,2022,1051345,41645,Petrol,Individual,Automatic,Third Owner,24.26,2827,92.49,134.65,7,1302760.270067023
Toyota Innova,2007,586207,65174,Electric,Dealer,Manual,Second Owner,25.92,2857,173.26,124.6,5,672634.2765008247
Volkswagen Polo,2019,1242838,72177,Petrol,Trustmark Dealer,Manual,Second Owner,18.08,2191,146.37,250.54,4,1705268.8295655253
Mahindra XUV500,2006,531603,37219,Petrol,Individual,Automatic,Third Owner,17.77,865,81.14,234.07,6,624776.6862091373
Toyota Innova,2005,259133,132584,Petrol,Individual,Automatic,First Owner,10.57,1330,64.3,181.97,6,379037.2185595461
Toyota Innova,2011,847530,91708,CNG,Individual,Manual,Fourth & Above Owner,12.6,1950,103.52,190.35,5,1197165.1180415892
Maruti Baleno,2014,153305,22406,CNG,Dealer,Manual,Second Owner,11.11,1359,141.48,130.1,6,188514.02633023623
Kia Seltos,2008,50000,103146,CNG,Dealer,Manual,Third Owner,17.23,1198,60.51,164.93,7,61310.57675173097
Kia Seltos,2007,1084110,175340,Electric,Dealer,Automatic,First Owner,32.29,1506,184.87,309.27,4,1245391.2548491154
Maruti Swift,2017,995414,194384,CNG,Dealer,Automatic,Fourth & Above Owner,33.97,1079,56.86,275.34,4,1111186.7104250288
Ford Ecosport,2022,482816,16324,Diesel,Trustmark Dealer,Manual,First Owner,22.54,2599,74.91,251.55,7,704194.4962417966
Toyota Innova,2006,264871,48067,Electric,Dealer,Automatic,Second Owner,19.28,1737,135.58,194.14,6,348156.1608072736
Tata Nexon,2008,963174,76703,LPG,Trustmark Dealer,Automatic,Second Owner,20.43,2148,101.69,114.9,5,1352189.124589328
Toyota Innova,2018,1084546,55313,Petrol,Dealer,Manual,Fourth & Above Owner,30.73,2113,112.27,116.48,6,1339270.0560402828
Kia Seltos,2021,1414246,12180,Diesel,Dealer,Manual,Fourth & Above Owner,32.04,1639,72.16,106.02,7,1680105.5453592062
Maruti Baleno,2006,175593,127734,CNG,Trustmark Dealer,Automatic,First Owner,10.44,1674,197.26,131.06,5,246655.40113253603
Kia Seltos,2019,968845,129781,LPG,Dealer,Automatic,First Owner,10.08,1673,140.0,288.25,7,1134611.4028926727
Honda City,2020,120395,131908,Petrol,Dealer,Manual,Fourth & Above Owner,26.38,1996,191.99,171.25,4,176847.5303926774
Honda City,2013,117031,195448,CNG,Dealer,Manual,Fourth & Above Owner,16.75,1657,127.38,191.38,6,168578.93970175294
Skoda Rapid,2017,147097,169175,CNG,Dealer,Automatic,Fourth & Above Owner,32.05,1858,186.21,169.63,7,193917.3084040954
Mahindra XUV500,2009,50000,181730,Diesel,Dealer,Manual,Fourth & Above Owner,26.23,2168,160.4,309.86,5,57187.328892591584
Mahindra XUV500,2020,928433,8894,CNG,Trustmark Dealer,Manual,Second Owner,21.08,965,159.44,267.99,4,1097467.6409028582
Ford Ecosport,2017,388498,33829,Electric,Trustmark Dealer,Manual,Fourth & Above Owner,24.43,2167,187.16,219.47,7,518004.54955506313
Ford Ecosport,2019,640384,91216,LPG,Trustmark Dealer,Manual,Second Owner,14.06,2077,82.99,153.99,4,957534.1449238608
Ford Ecosport,2020,270198,163993,CNG,Individual,Automatic,Third Owner,11.01,2283,55.73,248.34,6,363930.6260752006
Renault Duster,2020,1326521,54007,LPG,Trustmark Dealer,Manual,Second Owner,14.0,1100,155.44,196.36,5,1484411.588845916
Mahindra XUV500,2019,1070261,168209,Electric,Individual,Manual,Second Owner,10.08,1427,67.29,349.8,5,1350237.5657107006
Mahindra XUV500,2005,877526,165139,CNG,Dealer,Automatic,Third Owner,20.97,1492,84.36,291.69,7,1314309.9950506552
Toyota Innova,2011,969923,191421,Diesel,Individual,Automatic,Second Owner,33.86,1440,193.89,94.94,7,1174774.2717973108
Volkswagen Polo,2012,83974,187076,Petrol,Trustmark Dealer,Automatic,First Owner,14.05,2198,181.43,313.44,4,100480.04349212254
Maruti Swift,2013,50000,51897,LPG,Individual,Automatic,Second Owner,29.54,810,76.45,168.56,7,56056.4788747783
Renault Duster,2005,262957,44240,CNG,Individual,Automatic,Fourth & Above Owner,13.16,2002,85.61,271.59,4,300808.4835862127
Volkswagen Polo,2006,695712,30112,Petrol,Individual,Automatic,First Owner,25.34,2893,111.46,295.16,6,815756.7598472612
Maruti Swift,2010,330774,129473,Electric,Individual,Manual,Fourth & Above Owner,18.15,2814,71.32,223.5,5,440826.6734119597
Skoda Rapid,2016,972095,87570,Diesel,Trustmark Dealer,Automatic,First Owner,25.25,2609,145.28,153.96,4,1349233.2609890755
Kia Seltos,2015,997663,182914,Electric,Individual,Automatic,Second Owner,25.63,1111,85.1,291.46,7,1471913.526617897
Kia Seltos,2011,50000,29142,Diesel,Trustmark Dealer,Automatic,Third Owner,26.55,1224,166.0,141.6,5,67672.32063579968
Renault Duster,2016,586335,141675,LPG,Individual,Automatic,First Owner,31.71,1785,119.63,171.49,6,768537.7458766919
Toyota Innova,2021,772619,151192,CNG,Dealer,Manual,Fourth & Above Owner,31.3,944,193.25,161.12,4,899044.8055160806
Hyundai Creta,2021,1015544,31259,Petrol,Individual,Automatic,Second Owner,33.29,2961,106.24,215.69,4,1243941.4551669357
Ford Ecosport,2009,994194,26859,Diesel,Dealer,Automatic,First Owner,23.8,1598,91.51,157.26,6,1263622.3044879576
Toyota Innova,2014,50000,61279,Electric,Dealer,Manual,Second Owner,11.63,1959,190.25,97.26,6,67109.62535568528
Hyundai i20,2009,974331,64689,Diesel,Individual,Automatic,Fourth & Above Owner,27.39,1502,152.19,242.25,4,1090100.9772479993
Kia Seltos,2013,116806,108081,Electric,Dealer,Automatic,Fourth & Above Owner,12.34,1777,192.16,109.32,7,150983.89249495766
Maruti Swift,2011,702042,31743,Petrol,Dealer,Manual,First Owner,29.42,2445,102.37,231.42,7,785756.4172680774
Mahindra XUV500,2009,346983,108433,LPG,Dealer,Automatic,Fourth & Above Owner,34.52,2974,119.67,133.61,7,421767.5540803248
Ford Ecosport,2023,816714,153257,Electric,Dealer,Manual,Second Owner,27.12,1630,137.22,133.59,5,1203406.517279589
Hyundai i20,2017,954045,110062,LPG,Dealer,Manual,First Owner,30.23,2564,149.49,217.39,6,1126420.1471494222
Maruti Swift,2013,493962,5253,LPG,Trustmark Dealer,Manual,Second Owner,30.78,2797,187.04,117.51,4,726957.5851925535
Honda City,2010,403514,65830,Petrol,Individual,Automatic,First Owner,14.27,1544,101.86,154.49,7,532410.0935629973
Toyota Innova,2019,825700,198456,CNG,Trustmark Dealer,Manual,First Owner,20.74,2679,189.17,167.68,4,917812.1385516512
Maruti Swift,2014,341957,119082,Diesel,Individual,Manual,First Owner,29.88,2312,153.02,226.3,7,471059.3083016748
Skoda Rapid,2009,665398,152072,Electric,Dealer,Manual,First Owner,27.2,949,133.86,180.85,6,841321.5413727033
Hyundai i20,2011,418013,188279,Petrol,Trustmark Dealer,Automatic,Third Owner,18.17,2173,133.6,337.63,7,574071.2951409301
Ford Ecosport,2013,654745,104098,Diesel,Dealer,Manual,Second Owner,20.63,2761,61.56,168.32,4,810109.6772378254
Ford Ecosport,2022,1382201,172425,Electric,Trustmark Dealer,Manual,Third Owner,20.1,826,158.74,210.38,6,1671603.3791894775
Volkswagen Polo,2023,306835,168645,Electric,Dealer,Automatic,First Owner,20.65,2909,110.32,158.11,4,340296.1549938407
Maruti Baleno,2017,101478,139723,LPG,Trustmark Dealer,Automatic,Third Owner,15.18,1792,145.28,249.07,4,138870.33268556808
Toyota Innova,2010,292257,52945,Petrol,Individual,Automatic,Third Owner,14.95,2340,145.13,172.73,4,337423.69898067234
Toyota Innova,2023,925571,92907,LPG,Individual,Automatic,Second Owner,13.33,2010,158.63,277.73,4,1043275.3166220784
Kia Seltos,2018,721538,180391,CNG,Dealer,Automatic,First Owner,28.85,2973,191.6,285.92,5,1062592.5874787518
Maruti Swift,2010,276327,70427,Electric,Dealer,Automatic,First Owner,34.39,1052,59.4,343.55,6,380201.9794677204
Mahindra XUV500,2011,581117,44242,LPG,Trustmark Dealer,Manual,Second Owner,24.13,2506,69.62,128.97,4,645078.0191981372
Mahindra XUV500,2008,1068172,198573,Electric,Individual,Manual,First Owner,17.87,1668,64.25,300.56,5,1511236.447159545
Maruti Baleno,2014,654753,106602,Petrol,Trustmark Dealer,Automatic,Second Owner,26.06,1122,74.27,218.4,6,816160.7985368663
Kia Seltos,2022,251434,140274,Electric,Trustmark Dealer,Manual,First Owner,16.22,2820,68.2,305.28,5,331617.7621142405
Toyota Innova,2019,892123,160797,LPG,Trustmark Dealer,Automatic,Fourth & Above Owner,32.87,2738,167.74,136.6,6,1144770.8566576608
Skoda Rapid,2008,710634,165100,Petrol,Individual,Manual,Second Owner,16.1,1361,69.25,128.24,7,960035.7077736984
Maruti Baleno,2023,286404,18132,Petrol,Individual,Manual,First Owner,18.81,1742,166.59,338.8,7,373242.9194995322
Hyundai i20,2020,280424,81417,Electric,Dealer,Manual,Fourth & Above Owner,13.6,1582,192.59,249.53,6,352586.8507737556
Toyota Innova,2011,715052,34453,Electric,Dealer,Automatic,Third Owner,20.43,2940,170.82,244.54,6,946832.3890249524
Tata Nexon,2009,882647,46809,LPG,Individual,Automatic,Third Owner,26.9,2837,56.51,300.81,5,1058272.5417762934
Ford Ecosport,2013,50000,189066,LPG,Trustmark Dealer,Manual,Second Owner,32.36,1958,134.31,324.51,4,61339.04912711816
Hyundai i20,2018,402490,104794,CNG,Trustmark Dealer,Automatic,Second Owner,26.47,805,60.96,344.11,7,571825.500885986
Skoda Rapid,2021,1070110,165186,CNG,Individual,Automatic,Third Owner,28.96,1857,123.64,268.12,4,1585877.7516430337
Maruti Baleno,2020,1216404,192960,LPG,Individual,Manual,Fourth & Above Owner,17.05,1211,199.2,163.98,6,1765300.6340008306
Mahindra XUV500,2022,291127,95885,LPG,Trustmark Dealer,Automatic,First Owner,22.49,2257,86.5,293.96,7,413416.3911559407
Maruti Swift,2018,950212,166657,Diesel,Trustmark Dealer,Automatic,First Owner,32.24,1363,162.53,157.1,7,1239851.370497648
Renault Duster,2016,848897,126520,LPG,Individual,Automatic,Third Owner,17.32,2920,86.29,216.89,7,1109601.4235885765
Maruti Baleno,2011,276987,172304,Electric,Trustmark Dealer,Automatic,First Owner,19.09,1220,94.94,187.93,4,385159.70923111227
Hyundai Creta,2013,164710,39993,Electric,Individual,Automatic,Fourth & Above Owner,27.41,1524,59.12,229.42,4,215061.3223561232
Maruti Swift,2019,1108837,95309,CNG,Individual,Manual,First Owner,34.11,962,141.92,303.34,5,1592418.0156208738
Tata Nexon,2009,218112,189883,Diesel,Trustmark Dealer,Manual,Second Owner,32.45,2464,110.54,112.98,4,263021.8250212833
Toyota Innova,2009,627656,109254,Petrol,Trustmark Dealer,Automatic,Third Owner,21.35,2154,75.95,264.77,7,761409.7215854791
Volkswagen Polo,2016,653550,50960,Petrol,Individual,Manual,Fourth & Above Owner,33.37,2317,198.5,258.07,7,954668.7136252974
Mahindra XUV500,2014,50000,154736,Diesel,Dealer,Automatic,Third Owner,16.53,1344,87.56,159.68,4,58719.41851653358
Tata Nexon,2006,50000,32586,Petrol,Individual,Automatic,Fourth & Above Owner,29.04,2396,176.75,163.33,7,56785.43436298076
Ford Ecosport,2009,50000,90619,CNG,Trustmark Dealer,Manual,Second Owner,23.03,2579,155.81,326.86,7,69298.82289456861
Skoda Rapid,2015,408575,104955,Diesel,Dealer,Automatic,Third Owner,13.63,1107,54.59,130.67,6,595428.1743000931
Renault Duster,2009,337591,57067,CNG,Dealer,Automatic,Fourth & Above Owner,23.12,1761,128.87,279.33,4,476394.601960612
Mahindra XUV500,2010,549345,159159,Diesel,Trustmark Dealer,Automatic,Fourth & Above Owner,33.15,986,87.48,291.31,6,819548.5094524121
Maruti Baleno,2006,1017108,20521,CNG,Trustmark Dealer,Automatic,Fourth & Above Owner,15.48,940,137.64,349.51,7,1201148.0194549782
Maruti Swift,2007,802956,87290,LPG,Individual,Automatic,First Owner,15.0,1648,132.28,141.1,7,914648.8634748895
Honda City,2021,1301976,64377,LPG,Dealer,Manual,First Owner,27.23,2901,82.71,149.94,5,1435361.7358029226
Ford Ecosport,2012,384663,56580,Electric,Dealer,Automatic,Third Owner,13.26,1725,87.49,221.43,4,541792.0015648182
Tata Nexon,2015,92119,12595,Electric,Individual,Automatic,Third Owner,12.2,1341,175.45,208.72,5,125569.6059459535
Hyundai i20,2007,199609,127288,CNG,Dealer,Automatic,Fourth & Above Owner,22.82,2022,154.81,108.18,7,293441.5572874307
Kia Seltos,2017,77619,34406,CNG,Individual,Automatic,Fourth & Above Owner,23.38,1251,134.49,214.14,4,91459.35607518794
Mahindra XUV500,2008,50000,17672,CNG,Trustmark Dealer,Automatic,Fourth & Above Owner,30.72,2731,103.93,329.48,4,55077.96669645368
Tata Nexon,2016,114501,194841,CNG,Individual,Automatic,Fourth & Above Owner,34.11,1624,58.99,148.57,6,131134.82531141202
Kia Seltos,2019,1297003,43321,CNG,Individual,Manual,Fourth & Above Owner,29.6,2826,111.25,313.22,7,1543511.2947989297
Honda City,2011,707532,126819,Diesel,Individual,Automatic,First Owner,11.17,2401,193.51,225.38,7,947818.1929187787
Skoda Rapid,2014,50000,157277,LPG,Individual,Automatic,Second Owner,31.87,2722,199.49,310.92,5,72909.87711510187
Maruti Swift,2022,199108,157452,LPG,Individual,Automatic,Second Owner,22.49,1745,114.14,140.36,5,271539.2381217474
Maruti Baleno,2006,851007,190602,Petrol,Dealer,Automatic,Fourth & Above Owner,19.26,2447,98.17,113.87,7,988631.8453761952
Volkswagen Polo,2017,50000,5599,Diesel,Trustmark Dealer,Automatic,Second Owner,32.36,2132,86.26,330.03,5,74223.55296104775
Maruti Swift,2022,1024652,48813,LPG,Individual,Manual,Second Owner,14.88,2152,56.11,316.19,6,1261849.7239828692
Renault Duster,2013,761176,31987,Petrol,Trustmark Dealer,Manual,Third Owner,19.96,2833,126.73,99.29,6,1010299.6979451752
Ford Ecosport,2023,542900,84581,LPG,Dealer,Manual,First Owner,12.13,888,94.73,275.71,6,675215.2024291814
Tata Nexon,2011,1089411,88335,Diesel,Dealer,Manual,First Owner,18.0,899,110.17,250.34,4,1605136.8462310836
Toyota Innova,2006,645946,50452,Petrol,Dealer,Automatic,Third Owner,18.7,2488,90.76,298.79,7,885314.7259595324
Toyota Innova,2005,50000,55886,Electric,Individual,Automatic,Fourth & Above Owner,14.82,2268,168.54,185.6,7,67801.32868474582
Maruti Swift,2016,50000,56920,CNG,Individual,Automatic,Second Owner,34.91,2407,119.71,170.55,5,56905.92055642267
Kia Seltos,2005,1127301,136615,Diesel,Dealer,Automatic,Third Owner,29.77,2730,132.98,238.94,7,1491409.1011163995
Kia Seltos,2023,313088,152855,Diesel,Dealer,Automatic,Fourth & Above Owner,23.28,2841,70.03,105.25,6,359758.24389494624
Maruti Swift,2010,87035,14583,Electric,Individual,Automatic,Fourth & Above Owner,15.17,976,101.55,153.81,6,103668.33973083936
Renault Duster,2019,1334194,58623,Electric,Dealer,Automatic,Third Owner,29.59,2077,53.5,115.54,4,1840548.6383616608
Toyota Innova,2021,967320,56592,Diesel,Trustmark Dealer,Manual,First Owner,10.42,1885,154.31,289.78,6,1081575.687094738
Ford Ecosport,2015,561868,156889,Petrol,Individual,Manual,First Owner,34.37,1959,166.31,337.59,5,806669.6564764342
Hyundai i20,2022,1151581,173657,LPG,Individual,Manual,Fourth & Above Owner,30.29,992,138.76,115.4,5,1272141.0690776736
Mahindra XUV500,2013,1125814,68182,Diesel,Trustmark Dealer,Automatic,Second Owner,12.29,1039,191.99,247.21,4,1539758.7792914575
Maruti Swift,2020,789174,183746,Petrol,Trustmark Dealer,Automatic,Third Owner,26.46,1778,197.34,302.07,4,990106.0448925728
Mahindra XUV500,2010,244728,113505,Petrol,Individual,Automatic,First Owner,24.36,897,176.8,143.32,4,352675.1671371066
Hyundai Creta,2015,81887,105472,Petrol,Individual,Manual,Third Owner,10.81,1995,82.2,150.66,5,94678.62698763786
Renault Duster,2010,936317,86578,Diesel,Trustmark Dealer,Manual,Second Owner,30.56,2314,67.06,130.25,7,1148829.421055525
Honda City,2007,923970,81981,Petrol,Trustmark Dealer,Manual,Second Owner,33.43,2804,99.53,90.31,4,1096403.8873782237
Skoda Rapid,2010,994000,87521,LPG,Dealer,Automatic,Fourth & Above Owner,10.32,2628,176.7,101.48,5,1235501.0129018177
Maruti Baleno,2005,50000,119956,Diesel,Dealer,Automatic,Fourth & Above Owner,12.53,2102,100.38,321.48,5,68945.58972162452
Renault Duster,2012,785948,28641,Electric,Dealer,Automatic,Second Owner,15.52,2509,87.16,310.0,4,1151459.3874878294
Honda City,2010,1134061,148329,Petrol,Trustmark Dealer,Automatic,First Owner,17.42,1521,115.92,210.88,5,1378207.3482204415
Renault Duster,2017,688795,169890,Electric,Individual,Manual,First Owner,16.39,1421,83.74,154.63,5,939849.6334545992
Honda City,2008,50000,32477,CNG,Dealer,Automatic,First Owner,18.45,1574,89.47,141.2,6,64634.263219058186
Kia Seltos,2006,1017603,142666,LPG,Dealer,Automatic,Second Owner,24.49,1649,125.02,145.67,5,1158735.3607454796
Toyota Innova,2005,967424,142158,LPG,Dealer,Automatic,Third Owner,29.28,2045,77.94,157.9,5,1071672.579191621
Maruti Baleno,2017,1120983,27168,LPG,Individual,Automatic,Third Owner,26.52,1695,176.82,141.16,4,1591502.355781711
Maruti Baleno,2005,50000,150927,Petrol,Dealer,Automatic,Second Owner,21.55,2987,177.42,197.19,5,72906.68206118428
Maruti Swift,2007,1085672,39643,Electric,Individual,Manual,First Owner,20.62,2050,100.65,311.81,7,1587214.9539151145
Skoda Rapid,2006,50000,76779,CNG,Dealer,Manual,Third Owner,21.75,1348,138.06,344.79,6,69591.80307745766
Toyota Innova,2021,1029382,124047,Diesel,Individual,Manual,First Owner,21.69,1900,55.52,192.94,4,1171046.315904299
Kia Seltos,2022,618957,199222,Electric,Trustmark Dealer,Automatic,Third Owner,19.14,1499,114.52,183.16,7,925880.8565161593
Ford Ecosport,2022,948717,90291,Diesel,Trustmark Dealer,Automatic,Third Owner,16.9,2835,154.92,223.34,5,1312121.1983532312
Ford Ecosport,2012,386244,122364,Petrol,Trustmark Dealer,Manual,Second Owner,12.04,2446,83.31,348.33,5,576419.8583508246
Renault Duster,2007,221074,25276,Diesel,Trustmark Dealer,Automatic,First Owner,32.43,1692,163.47,329.67,5,288276.1978747609
Renault Duster,2006,585763,66684,CNG,Individual,Manual,Fourth & Above Owner,25.77,1585,53.0,177.36,5,653493.9010945988
Renault Duster,2020,965337,83904,Diesel,Individual,Manual,Second Owner,29.05,1408,54.66,160.87,7,1259987.1669783886
Toyota Innova,2015,919886,154430,Petrol,Individual,Automatic,Fourth & Above Owner,10.43,816,159.31,132.95,6,1069659.4743505472
Kia Seltos,2022,587015,24854,CNG,Dealer,Automatic,First Owner,22.4,2315,70.87,118.51,4,746618.617070746
Kia Seltos,2020,484558,199124,LPG,Trustmark Dealer,Automatic,Fourth & Above Owner,24.03,2293,175.43,229.64,7,721710.3543732314
Toyota Innova,2014,317733,127885,Electric,Trustmark Dealer,Manual,Third Owner,33.89,2489,68.8,120.46,6,377216.4050355088
Honda City,2016,646198,198992,Electric,Trustmark Dealer,Manual,First Owner,32.47,2986,64.65,185.95,4,824094.786866776
Tata Nexon,2019,996656,119555,Diesel,Trustmark Dealer,Manual,Fourth & Above Owner,24.5,2734,84.85,262.74,5,1442300.751158656
Hyundai Creta,2006,200539,94839,Petrol,Dealer,Automatic,Third Owner,25.98,962,79.12,129.73,6,253848.6562705341
Hyundai i20,2006,50000,133461,LPG,Trustmark Dealer,Manual,Third Owner,12.61,1692,53.7,215.14,6,69812.73723515823
Maruti Swift,2020,1121582,99016,LPG,Individual,Manual,Third Owner,21.13,2958,169.35,295.71,7,1418587.0339970356
Renault Duster,2009,669626,138534,Petrol,Dealer,Automatic,First Owner,24.26,2659,173.12,161.06,6,870242.1125698591
Ford Ecosport,2023,1248986,169860,Diesel,Dealer,Manual,Fourth & Above Owner,29.47,2253,166.79,328.39,7,1595658.1182359888
Hyundai Creta,2014,229471,77898,Petrol,Individual,Automatic,First Owner,10.39,2852,128.43,286.46,7,268641.68589494127
Hyundai i20,2015,237224,18154,Diesel,Individual,Manual,First Owner,20.02,2699,112.67,165.29,6,303202.71539485856
Volkswagen Polo,2009,988552,12123,CNG,Individual,Automatic,Second Owner,14.93,1348,143.2,335.1,4,1397652.2176161802
Maruti Swift,2008,50000,87598,CNG,Individual,Automatic,Second Owner,13.28,2143,117.47,343.1,5,66421.25223901718
Hyundai Creta,2018,406750,109335,Diesel,Trustmark Dealer,Automatic,Second Owner,31.64,1160,114.17,317.17,7,604236.9741197192
Skoda Rapid,2012,50000,44695,Electric,Trustmark Dealer,Manual,Fourth & Above Owner,20.23,2550,198.15,331.75,6,68065.10420489045
Kia Seltos,2005,747802,89325,CNG,Dealer,Manual,Fourth & Above Owner,24.3,2355,196.2,97.15,5,957665.3299950118
Volkswagen Polo,2007,216537,42025,Diesel,Dealer,Automatic,First Owner,13.24,1695,187.61,349.33,4,267892.674281202
Maruti Swift,2008,384173,178459,LPG,Individual,Manual,Fourth & Above Owner,15.47,1061,62.88,296.44,5,460185.9664837101
Toyota Innova,2017,827862,72785,LPG,Trustmark Dealer,Automatic,Second Owner,17.56,2121,66.34,175.64,4,1232449.8326273486
Honda City,2020,850868,43962,Electric,Trustmark Dealer,Automatic,Second Owner,22.76,2452,192.19,97.72,6,1267920.602449631
Mahindra XUV500,2018,1238006,48429,LPG,Trustmark Dealer,Automatic,Fourth & Above Owner,18.56,1825,96.04,253.81,6,1643403.66447214
Maruti Swift,2017,964163,134673,Diesel,Individual,Manual,Fourth & Above Owner,32.93,1021,181.63,153.22,6,1061836.316817562
Tata Nexon,2011,687054,63550,CNG,Individual,Manual,Second Owner,13.86,1555,121.53,320.96,7,786138.213173881
Skoda Rapid,2012,897914,124947,LPG,Dealer,Automatic,Fourth & Above Owner,16.24,2993,131.3,149.02,6,1164641.684549739
Honda City,2012,119275,16163,Electric,Individual,Automatic,First Owner,17.33,1377,112.78,213.3,5,135801.03599316103
Hyundai Creta,2017,839916,56293,Electric,Individual,Manual,Third Owner,26.85,1084,191.33,210.64,5,1218696.485701707
Kia Seltos,2022,164890,163622,Electric,Individual,Manual,Third Owner,13.73,2515,142.29,262.05,5,215083.8156643855
Toyota Innova,2019,740940,33720,Electric,Trustmark Dealer,Manual,Second Owner,16.43,897,144.6,231.02,7,949194.531936674
Ford Ecosport,2005,884962,185168,LPG,Dealer,Automatic,First Owner,24.7,1809,173.63,218.16,5,1214805.5097635908
Honda City,2012,54091,123576,LPG,Trustmark Dealer,Automatic,First Owner,16.19,2033,171.92,206.99,4,63346.18794303871
Volkswagen Polo,2013,830843,98383,CNG,Trustmark Dealer,Automatic,Second Owner,20.43,2889,84.1,200.92,6,1129385.3251830733
Hyundai Creta,2016,50000,86709,LPG,Individual,Automatic,Second Owner,21.32,2269,172.9,107.53,7,69889.49767580147
Renault Duster,2021,542793,142323,Electric,Individual,Automatic,Third Owner,29.71,1942,195.07,259.16,7,732299.1532333251
Hyundai Creta,2021,535632,76640,Electric,Trustmark Dealer,Automatic,Fourth & Above Owner,11.74,2212,197.4,238.09,4,783316.7404677364
Volkswagen Polo,2013,506282,46121,LPG,Trustmark Dealer,Automatic,Second Owner,27.14,1600,150.54,274.57,5,696787.3710735893
Toyota Innova,2015,965253,169185,Petrol,Individual,Automatic,Second Owner,13.9,1481,100.09,342.79,4,1326475.9830144984
Mahindra XUV500,2012,278168,126003,Petrol,Trustmark Dealer,Manual,First Owner,30.99,2540,118.15,198.45,4,389311.5801210722
Kia Seltos,2015,1106282,103593,Petrol,Individual,Manual,First Owner,22.54,860,76.45,238.0,4,1540805.8683358752
Mahindra XUV500,2017,791528,69752,CNG,Dealer,Automatic,First Owner,15.86,1628,168.42,325.64,6,1053316.1428604636
Volkswagen Polo,2014,1204829,134916,CNG,Trustmark Dealer,Automatic,Second Owner,33.63,1848,151.52,220.84,7,1408421.304290322
Maruti Baleno,2015,887711,89564,CNG,Individual,Automatic,Third Owner,23.85,2935,69.32,277.36,6,1109066.874304488
Ford Ecosport,2005,586160,160988,Diesel,Trustmark Dealer,Automatic,Fourth & Above Owner,17.35,2888,63.44,341.19,7,735440.6109696407
Mahindra XUV500,2014,689500,180582,Electric,Trustmark Dealer,Automatic,Second Owner,20.12,1903,76.39,296.32,4,824456.6403533712
Skoda Rapid,2021,1249341,27930,Diesel,Individual,Manual,Fourth & Above Owner,22.35,2074,157.52,105.63,4,1691690.182883011
Mahindra XUV500,2022,1052505,139471,Electric,Dealer,Automatic,Third Owner,22.77,1265,75.56,289.83,5,1308310.767321929
Tata Nexon,2013,1060216,78829,CNG,Trustmark Dealer,Automatic,Third Owner,10.58,2820,98.33,316.73,4,1425724.169214714
Honda City,2020,979544,19714,Diesel,Individual,Manual,Second Owner,15.14,1687,93.42,156.85,4,1166789.3300835053
Hyundai i20,2008,50000,64249,Diesel,Trustmark Dealer,Manual,Third Owner,34.79,2395,127.63,250.7,4,68119.11578931908
Hyundai Creta,2007,973946,29060,Diesel,Individual,Automatic,Third Owner,33.89,1913,122.8,340.78,5,1123648.0541841143
Renault Duster,2016,823563,180478,Petrol,Individual,Manual,Second Owner,17.02,1220,184.89,138.71,4,1039172.037256656
Ford Ecosport,2005,776869,24122,Electric,Individual,Manual,Fourth & Above Owner,31.45,1075,96.64,219.8,4,998350.2504106024
Honda City,2012,594086,146661,CNG,Individual,Automatic,Second Owner,27.15,2293,175.43,307.53,5,836437.9532932481
Skoda Rapid,2023,1282831,176054,Petrol,Dealer,Automatic,Third Owner,30.02,2614,97.38,242.84,7,1616677.715464583
Ford Ecosport,2019,983490,31091,LPG,Individual,Manual,First Owner,30.14,941,139.49,110.78,4,1347542.4049573217
Toyota Innova,2013,1152402,183071,Diesel,Dealer,Automatic,Second Owner,33.33,1583,173.46,185.42,4,1432010.1088014296
Volkswagen Polo,2019,814867,132260,Electric,Individual,Automatic,Fourth & Above Owner,19.61,2789,82.42,315.82,5,1116146.1095314575
Renault Duster,2005,939382,40874,Petrol,Trustmark Dealer,Automatic,First Owner,25.78,1957,153.11,120.65,6,1179850.2382858244
Volkswagen Polo,2013,692063,166204,CNG,Trustmark Dealer,Automatic,Second Owner,17.7,2543,58.5,155.75,6,792074.721526783
Hyundai i20,2008,1007161,90317,LPG,Trustmark Dealer,Manual,Second Owner,21.71,2701,193.28,123.05,6,1426220.4290032412
Maruti Swift,2008,617724,19972,LPG,Dealer,Automatic,Third Owner,32.94,1486,135.12,343.36,7,898459.1257645
Mahindra XUV500,2019,361820,11767,CNG,Dealer,Manual,Second Owner,20.21,2552,132.25,145.0,4,502038.7481693498
Volkswagen Polo,2011,484030,188034,CNG,Trustmark Dealer,Automatic,Third Owner,23.3,1068,65.4,106.43,7,595158.7150847279
Honda City,2005,1090834,26323,Electric,Trustmark Dealer,Automatic,Third Owner,21.85,1273,118.76,304.72,7,1257005.4188439616
Renault Duster,2018,113114,53344,LPG,Trustmark Dealer,Manual,Fourth & Above Owner,33.08,2530,53.15,340.4,7,138473.3331663664
Toyota Innova,2011,1128017,90456,Electric,Individual,Automatic,First Owner,18.47,1511,165.25,202.65,4,1468133.4199410388
Ford Ecosport,2011,418864,25794,Petrol,Individual,Automatic,Third Owner,27.84,2911,195.0,242.44,5,515981.2562106755
Mahindra XUV500,2011,1015025,87282,Electric,Trustmark Dealer,Manual,Third Owner,15.88,2159,135.02,243.45,4,1431911.7588176178
Maruti Baleno,2017,413674,195682,CNG,Individual,Automatic,Second Owner,28.47,1805,174.01,327.87,6,586496.6990589122
Renault Duster,2011,799377,27089,Petrol,Dealer,Automatic,First Owner,10.67,1842,145.72,118.48,7,1108761.8341665145
Maruti Swift,2016,543024,122621,LPG,Trustmark Dealer,Automatic,Third Owner,17.48,1730,83.2,116.96,7,801699.0736916026
Toyota Innova,2007,56297,87247,Electric,Dealer,Automatic,First Owner,30.97,896,89.63,240.43,4,66963.81633339371
Honda City,2014,50000,35586,Diesel,Individual,Automatic,First Owner,30.74,1075,178.05,113.2,4,60341.07075782956
Tata Nexon,2014,1200774,179314,Petrol,Dealer,Manual,Fourth & Above Owner,28.1,2335,52.27,218.12,7,1545918.27479693
Honda City,2011,50000,199907,Electric,Individual,Automatic,Third Owner,18.29,1398,180.51,164.71,7,55434.43316715415
Volkswagen Polo,2019,955607,82875,LPG,Individual,Automatic,Third Owner,28.22,920,158.92,214.64,5,1430452.1488281535
Maruti Swift,2009,969140,183709,Electric,Individual,Automatic,First Owner,28.3,1135,52.21,332.05,4,1313732.0581257786
Ford Ecosport,2021,885958,184768,Electric,Trustmark Dealer,Manual,Second Owner,26.23,1865,56.81,139.08,7,994878.0736615768
Tata Nexon,2012,1057401,84983,Petrol,Trustmark Dealer,Automatic,Fourth & Above Owner,26.73,1278,50.76,231.57,4,1507186.155806775
Maruti Swift,2017,868663,178047,Petrol,Trustmark Dealer,Automatic,First Owner,33.32,2755,152.66,278.22,4,1073952.7960794629
Kia Seltos,2009,789549,18177,Petrol,Dealer,Manual,Fourth & Above Owner,16.08,2363,192.18,200.02,5,1064911.5585996257
Hyundai Creta,2014,471302,15410,CNG,Individual,Automatic,Second Owner,12.94,1250,115.98,203.24,5,582686.7572147939
Tata Nexon,2013,530592,82813,Electric,Trustmark Dealer,Automatic,Third Owner,26.63,2494,196.88,180.97,4,718238.8962837518
Kia Seltos,2023,250533,74809,Diesel,Trustmark Dealer,Manual,Second Owner,25.8,2700,199.27,206.97,4,310761.47915081
Hyundai i20,2022,607063,37232,LPG,Individual,Manual,Third Owner,28.47,2404,98.96,96.72,6,731348.5136435142
Volkswagen Polo,2006,1095276,139319,Electric,Dealer,Automatic,Fourth & Above Owner,28.66,2446,161.73,198.65,7,1485056.6287415072
Tata Nexon,2020,484115,30620,Petrol,Dealer,Automatic,First Owner,34.84,1568,185.14,122.13,5,607925.141665168
Mahindra XUV500,2019,1112078,47185,Petrol,Dealer,Automatic,First Owner,27.52,1084,81.13,200.06,5,1383490.4913060295
Hyundai Creta,2014,1216652,77713,Diesel,Trustmark Dealer,Manual,Third Owner,23.66,1192,138.52,151.74,4,1437916.1461077142
Hyundai i20,2017,1027128,139429,LPG,Trustmark Dealer,Manual,First Owner,29.54,1494,124.1,175.42,5,1431902.5650373176
Hyundai i20,2008,270915,7079,CNG,Individual,Manual,First Owner,19.59,2820,108.16,200.83,7,323182.45917928783
Kia Seltos,2009,1093436,135342,LPG,Trustmark Dealer,Automatic,First Owner,28.61,1717,190.51,211.44,7,1349049.732074141
Skoda Rapid,2014,818217,27285,CNG,Dealer,Manual,First Owner,33.89,1099,60.36,188.94,6,962121.0164592247
Maruti Baleno,2014,180238,22120,Petrol,Individual,Manual,First Owner,10.98,2639,155.88,125.57,7,236455.2559364478
Mahindra XUV500,2013,161075,7773,LPG,Trustmark Dealer,Automatic,First Owner,12.63,1839,110.28,289.97,6,231536.70665118072
Volkswagen Polo,2008,1062034,18071,Electric,Trustmark Dealer,Automatic,First Owner,25.25,2723,105.51,224.81,5,1391058.2349111098
Mahindra XUV500,2016,1175563,197085,Diesel,Dealer,Automatic,Second Owner,34.79,2656,120.39,110.9,4,1693341.6453644815
Kia Seltos,2007,115286,100498,CNG,Dealer,Manual,First Owner,23.75,1321,68.34,287.02,7,129039.56208698534
Kia Seltos,2005,641209,172203,Electric,Dealer,Automatic,Second Owner,18.07,2272,80.95,313.68,7,853384.7796166947
Volkswagen Polo,2006,289694,38441,Diesel,Individual,Manual,Second Owner,13.66,1497,107.14,200.15,4,369582.5864927362
Volkswagen Polo,2018,596681,99355,Diesel,Trustmark Dealer,Manual,First Owner,21.54,1967,135.14,230.91,6,711275.5908200952
Renault Duster,2009,1179505,176769,CNG,Individual,Automatic,Second Owner,16.35,1424,139.74,121.2,5,1397766.143920591
Renault Duster,2007,190858,191375,LPG,Individual,Manual,First Owner,28.13,1209,157.05,318.37,6,218646.67271530308
Ford Ecosport,2019,1013163,193393,Electric,Dealer,Automatic,First Owner,34.42,1977,59.03,168.85,4,1314012.3541371292
Hyundai Creta,2023,985255,7331,Diesel,Dealer,Automatic,Fourth & Above Owner,10.84,920,66.11,293.38,5,1446818.7407181028
Honda City,2023,1001304,9156,Diesel,Individual,Manual,Fourth & Above Owner,10.18,1343,176.41,213.99,4,1472718.683184611
Ford Ecosport,2021,73788,158688,CNG,Trustmark Dealer,Manual,Second Owner,14.62,1272,159.75,190.16,6,107843.00573239426
Renault Duster,2020,501925,15827,Electric,Individual,Automatic,Third Owner,25.76,1515,152.59,170.96,7,692913.2539327313
Hyundai Creta,2017,168929,93200,Petrol,Individual,Automatic,Second Owner,10.5,1947,120.28,278.06,5,224750.93546443988
Toyota Innova,2018,1263917,146491,Electric,Individual,Automatic,Fourth & Above Owner,23.55,2878,99.94,176.86,5,1585972.8199536907
Mahindra XUV500,2009,50000,193869,Petrol,Dealer,Manual,First Owner,24.64,1954,164.38,327.3,4,63078.21895178566
Honda City,2010,852876,137542,Diesel,Dealer,Manual,Second Owner,17.73,2367,192.53,221.24,5,1132246.7792767524
Mahindra XUV500,2013,598240,61148,Diesel,Dealer,Manual,Third Owner,15.83,1388,143.28,161.38,7,768034.1746356975
Tata Nexon,2006,50000,100501,Petrol,Individual,Automatic,Third Owner,17.61,1503,65.29,156.94,5,70905.42610980678
Hyundai Creta,2009,158926,167150,Diesel,Dealer,Automatic,Second Owner,30.54,1522,164.9,311.06,7,186658.4216797393
Hyundai i20,2011,952481,150129,CNG,Trustmark Dealer,Manual,Fourth & Above Owner,13.51,1622,90.24,124.87,4,1247031.6767818886
Tata Nexon,2013,1040162,184022,Petrol,Trustmark Dealer,Automatic,Fourth & Above Owner,17.31,2880,61.54,172.08,6,1278233.6880495434
Mahindra XUV500,2016,149396,97893,Petrol,Individual,Manual,Third Owner,24.25,1857,53.76,299.7,7,206835.15466054628
Toyota Innova,2022,420086,54465,LPG,Trustmark Dealer,Manual,Fourth & Above Owner,32.26,2102,157.74,151.5,6,530672.6485334445
Honda City,2021,790757,139933,LPG,Trustmark Dealer,Automatic,First Owner,28.17,1237,136.5,95.6,4,941119.011651536
Maruti Baleno,2015,1182357,46020,LPG,Dealer,Automatic,Fourth & Above Owner,11.44,1797,59.95,95.23,5,1585086.1965471914
Hyundai Creta,2019,365903,5222,CNG,Trustmark Dealer,Automatic,Third Owner,26.38,1995,75.48,123.39,7,437322.5819987469
Volkswagen Polo,2021,1084547,71878,CNG,Individual,Automatic,Third Owner,30.05,2791,194.08,189.9,4,1430708.9603022037
Maruti Swift,2018,366227,75139,Petrol,Trustmark Dealer,Automatic,Third Owner,19.88,2575,105.28,301.43,7,440446.108072806
Hyundai i20,2007,316727,53117,Electric,Trustmark Dealer,Manual,Third Owner,29.69,2510,148.83,309.25,5,419546.4002607092
Hyundai i20,2023,851424,130360,Diesel,Dealer,Manual,Third Owner,13.37,2733,189.35,144.07,4,1228485.1405605394
Hyundai Creta,2009,560963,70417,CNG,Dealer,Manual,First Owner,17.58,1027,79.03,306.7,4,649156.8372332911
Hyundai Creta,2020,1144872,187876,CNG,Individual,Manual,First Owner,11.89,2128,133.32,253.23,5,1479736.1617398902
Kia Seltos,2015,1177305,19252,CNG,Dealer,Manual,Second Owner,17.22,1659,83.32,213.91,7,1448294.577863409
Skoda Rapid,2023,1350290,38704,LPG,Trustmark Dealer,Automatic,First Owner,22.48,2170,82.5,301.71,6,1923111.509101208
Hyundai i20,2014,1230713,123650,Petrol,Dealer,Automatic,Second Owner,21.01,1439,83.13,161.14,7,1752978.951202219
Mahindra XUV500,2022,1218394,133883,CNG,Trustmark Dealer,Manual,Third Owner,32.99,2663,164.0,342.26,6,1596155.4207010164
Maruti Baleno,2011,109131,84501,Diesel,Dealer,Automatic,First Owner,22.36,2845,99.03,273.93,6,123512.74800918088
Mahindra XUV500,2012,1229936,108116,Electric,Dealer,Manual,Second Owner,11.03,2725,140.62,136.35,6,1661289.283791599
Maruti Swift,2014,406911,150251,Electric,Dealer,Automatic,Third Owner,12.52,2432,179.38,133.46,6,559410.1851827144
Toyota Innova,2013,528512,33841,Diesel,Dealer,Manual,Third Owner,22.81,923,115.32,313.91,7,792766.3657421716
Mahindra XUV500,2009,560519,155068,Electric,Individual,Automatic,Third Owner,30.93,2515,171.32,184.24,6,708064.3100087141
Hyundai Creta,2010,818649,198090,Petrol,Individual,Automatic,First Owner,26.67,1300,134.75,144.47,6,1116892.358279592
Volkswagen Polo,2006,50000,154147,Petrol,Individual,Automatic,Second Owner,24.9,2037,116.8,316.95,7,67066.25572617429
Skoda Rapid,2017,700436,141582,Diesel,Dealer,Automatic,Third Owner,28.12,2531,141.31,99.52,5,864703.2684241424
Skoda Rapid,2006,723671,21564,CNG,Trustmark Dealer,Manual,Fourth & Above Owner,24.15,2683,73.72,231.21,6,1009364.862059302
Toyota Innova,2017,772161,126620,LPG,Dealer,Automatic,Second Owner,14.68,1238,181.92,157.56,6,1063683.5847911946
Ford Ecosport,2005,769105,115273,Electric,Individual,Manual,Third Owner,24.24,1471,160.26,121.05,7,1022317.8577569732
Renault Duster,2022,698144,164067,CNG,Individual,Manual,First Owner,27.89,1989,131.54,213.12,7,797282.3625355586
Volkswagen Polo,2014,79944,72193,CNG,Individual,Manual,Second Owner,31.64,2683,195.83,243.43,5,99968.140884629
Skoda Rapid,2013,370401,15157,Electric,Dealer,Automatic,Third Owner,31.17,901,76.3,207.33,7,453236.58906127873
Hyundai i20,2019,783248,88465,Diesel,Dealer,Manual,First Owner,23.96,1815,176.64,198.08,6,989634.7274191448
Kia Seltos,2017,635778,84237,CNG,Individual,Manual,Fourth & Above Owner,13.28,2048,158.07,290.2,5,803104.5341228477
Ford Ecosport,2019,1266522,139847,CNG,Trustmark Dealer,Manual,Fourth & Above Owner,31.59,1740,182.36,301.42,7,1734412.5868256814
Mahindra XUV500,2013,413735,29355,Petrol,Dealer,Manual,Fourth & Above Owner,34.57,1645,118.26,168.5,6,476079.4151469465
Volkswagen Polo,2019,389186,17291,Petrol,Individual,Manual,Third Owner,26.01,1821,148.38,343.37,7,485425.4048797366
Maruti Swift,2023,316202,87438,CNG,Trustmark Dealer,Automatic,Fourth & Above Owner,33.12,2198,156.03,179.8,7,420536.4920975768
Renault Duster,2014,527218,74137,Diesel,Individual,Automatic,Second Owner,32.69,1419,178.45,90.45,4,774375.1938659576
Renault Duster,2011,293673,27196,Electric,Trustmark Dealer,Manual,First Owner,22.12,1950,83.31,236.34,7,380538.428343032
Ford Ecosport,2010,1143005,77880,CNG,Trustmark Dealer,Manual,First Owner,32.45,2615,176.29,185.1,7,1394532.249063291
Volkswagen Polo,2017,1173862,7786,Diesel,Trustmark Dealer,Automatic,Third Owner,21.38,1184,140.57,215.13,7,1338135.9701080902
Hyundai i20,2011,186894,9320,Diesel,Dealer,Automatic,Second Owner,31.17,1616,173.75,346.27,5,276601.6895925586
Kia Seltos,2018,1094685,93491,LPG,Individual,Automatic,Second Owner,14.26,1089,72.63,92.09,5,1543154.1793120482
Skoda Rapid,2016,50000,94906,Petrol,Individual,Automatic,Second Owner,27.34,2761,108.26,144.52,4,69817.1938731036
Ford Ecosport,2014,842172,121337,Petrol,Individual,Manual,Second Owner,20.85,1304,159.15,203.53,7,1202658.306620052
Volkswagen Polo,2012,784478,23304,Petrol,Trustmark Dealer,Manual,Second Owner,31.28,2191,51.8,303.43,6,989148.4719146752
Mahindra XUV500,2010,178135,12579,CNG,Dealer,Automatic,Second Owner,21.46,914,84.68,273.23,6,206612.7363117505
Hyundai i20,2015,1279143,47172,Petrol,Trustmark Dealer,Manual,Third Owner,14.08,2702,78.67,128.01,7,1733161.3068968374
Skoda Rapid,2012,362783,46340,Petrol,Dealer,Manual,Fourth & Above Owner,24.79,2115,172.81,108.19,6,419270.7046050188
Volkswagen Polo,2016,762864,106655,CNG,Dealer,Manual,Fourth & Above Owner,32.1,1652,129.67,188.23,4,952967.1634592364
Kia Seltos,2021,112746,89800,Diesel,Individual,Automatic,Second Owner,30.38,2753,198.58,173.43,6,148971.08712632055
Tata Nexon,2013,477419,121884,Petrol,Individual,Manual,Second Owner,19.2,2045,72.75,259.14,5,699326.8512322368
Honda City,2014,1272239,35201,LPG,Individual,Automatic,Second Owner,27.49,1312,199.6,269.05,6,1889233.026920464
Honda City,2014,796606,84079,Diesel,Dealer,Manual,Fourth & Above Owner,30.81,2821,182.68,154.45,6,1148858.4635565456
Maruti Baleno,2013,910067,173331,Electric,Trustmark Dealer,Manual,First Owner,26.37,2677,149.44,240.2,7,1089686.752404183
Hyundai i20,2017,60681,159529,Diesel,Trustmark Dealer,Manual,First Owner,10.63,1096,167.48,172.49,5,84914.97201196317
Volkswagen Polo,2009,637274,92814,Petrol,Dealer,Automatic,Fourth & Above Owner,26.05,1229,146.39,160.88,6,952876.0563888684
Skoda Rapid,2016,732255,32162,Electric,Dealer,Manual,Fourth & Above Owner,29.7,2035,126.9,327.95,6,983832.062335818
Honda City,2011,118354,57237,CNG,Dealer,Automatic,Third Owner,16.91,1052,162.17,344.92,5,174719.46865857372
Maruti Baleno,2010,1098743,142616,Petrol,Trustmark Dealer,Manual,First Owner,30.12,2977,89.27,100.37,7,1334529.4224645926
Honda City,2009,459876,101863,LPG,Dealer,Automatic,Second Owner,19.11,2193,114.57,304.76,7,518265.705990896
Hyundai Creta,2013,831763,87543,LPG,Trustmark Dealer,Automatic,First Owner,29.92,2617,135.9,328.34,5,1074349.5580241135
Maruti Swift,2015,1065141,183913,Diesel,Trustmark Dealer,Manual,Second Owner,20.94,2902,58.93,196.07,7,1407869.12243231
Hyundai Creta,2016,1166463,142875,CNG,Individual,Manual,Fourth & Above Owner,29.63,1918,187.9,338.25,4,1303694.1771102154
Honda City,2008,968924,19682,LPG,Individual,Manual,Third Owner,18.18,1925,173.16,226.37,6,1391905.1803617044
Maruti Baleno,2011,50000,97093,LPG,Dealer,Automatic,Second Owner,26.47,1719,179.7,110.08,5,62649.32179251243
Hyundai i20,2017,65020,7877,Electric,Individual,Manual,Fourth & Above Owner,25.24,2525,130.51,272.41,6,93094.90871254184
Hyundai Creta,2010,263218,17546,LPG,Dealer,Manual,Second Owner,21.6,835,66.16,340.09,5,346372.8913000939
Skoda Rapid,2013,86634,122871,CNG,Trustmark Dealer,Manual,Second Owner,27.19,1456,63.56,229.4,7,128878.86391270888
Maruti Swift,2023,610991,25607,Electric,Trustmark Dealer,Automatic,Second Owner,15.08,1420,60.6,257.54,5,859015.1827133704
Kia Seltos,2023,1390782,88199,LPG,Trustmark Dealer,Automatic,Second Owner,25.74,872,157.34,92.29,4,1537387.4364037055
Mahindra XUV500,2021,622035,79366,CNG,Dealer,Automatic,Third Owner,28.7,1288,170.98,170.43,4,773053.6641173919
Maruti Swift,2008,50000,141790,Diesel,Trustmark Dealer,Manual,First Owner,21.49,2112,166.18,257.97,4,59026.8370619201
Honda City,2015,251573,7909,Electric,Dealer,Automatic,Second Owner,30.54,1174,138.94,197.74,4,341626.2108903787
Hyundai i20,2006,455323,159803,CNG,Dealer,Manual,Fourth & Above Owner,21.49,2065,165.04,212.23,4,612640.1942569205
Honda City,2005,932120,185102,LPG,Trustmark Dealer,Manual,Second Owner,18.03,1659,157.84,162.34,5,1298742.978326874
Skoda Rapid,2022,409096,116151,Diesel,Dealer,Manual,Third Owner,14.34,2222,81.4,173.65,6,486792.65980871726
Renault Duster,2014,1299250,44634,Petrol,Trustmark Dealer,Manual,Fourth & Above Owner,13.54,1245,61.19,102.1,6,1808182.3724427803
Renault Duster,2021,407586,78365,LPG,Trustmark Dealer,Manual,Fourth & Above Owner,31.59,2933,129.35,170.14,6,541700.4816539229
Volkswagen Polo,2016,893452,33627,CNG,Individual,Automatic,Fourth & Above Owner,32.13,2753,154.12,159.59,5,1237103.0145769347
Mahindra XUV500,2011,1097422,198351,Electric,Individual,Manual,Fourth & Above Owner,31.19,2765,58.95,222.31,6,1384945.056675898
Honda City,2006,67736,192886,LPG,Individual,Manual,Third Owner,34.37,2533,191.69,320.22,6,92358.33352734966
Renault Duster,2008,279606,171446,LPG,Dealer,Manual,First Owner,17.38,2946,70.24,228.7,6,413406.5953329609
